{
  "__comment__": "This file was created by Jotred",
  "name": "硬币袋",
  "category": "tfc:lithiccoins",
  "icon": "lithiccoins:coin_purse",
  "pages": [
    {
      "type": "patchouli:text",
      "text": "在你使用基于$(thing)硬币$()的货币系统时，$(thing)硬币袋$()会是一个重要的工具。它允许你在它的每个物品栏中放置256个$(thing)硬币$()。"
    },
    {
      "type": "patchouli:crafting",
      "recipe": "lithiccoins:crafting/coin_purse"
    },
    {
      "type": "patchouli:text",
      "text": "要使用$(thing)硬币袋$()，你需要在背包中左键拿起$(thing)硬币$()对其右放入。$(br2)若要拿出$(thing)硬币$()，要么在背包中对其右键以拿出你最后一次放的$(thing)硬币$()，要么手持其右键以将其中的硬币全部丢出。"
    }
  ],
  "read_by_default": true,
  "sortnum": 15
}