{
  "__comment__": "This file was created by Jotred",
  "name": "硬币铸造",
  "category": "tfc:lithiccoins",
  "icon": "lithiccoins:mint",
  "pages": [
    {
      "type": "patchouli:text",
      "text": "$(thing)铸币站$()是定制您的$(thing)硬币$()的主要工具。他们允许你使用与待铸造$(thing)硬币$()具有相同或更高金属等级的$(thing)底模$()$(thing)顶模$()来将各种纹章打印在$(thing)硬币$()上。"
    },
    {
      "type": "patchouli:crafting",
      "recipe": "lithiccoins:crafting/mint"
    },
    {
      "type": "tfc:anvil_recipe",
      "recipe": "lithiccoins:anvil/die_holder",
      "text": "$(thing)模具固定器$()是$(thing)铸币站$()下半部的黄铜部分，用于固定$(thing)底模$()。"
    },
    {
      "type": "tfc:anvil_recipe",
      "recipe": "lithiccoins:anvil/stamp_holder",
      "text": "$(thing)印章固定器$()是$(thing)铸币站$()上半部的黄铜部分，用于固定$(thing)顶模$()。"
    },
    {
      "type": "patchouli:text",
      "text": "要使用$(thing)铸币站$()，你首先需要向其中放入$(thing)底模$()和$(thing)顶模$()。这是通过将手持模具右键对应的$(thing)固定器$()来实现的。完成此操作后，手持要铸造的$(thing)硬币$()右键$(thing)铸币站$()来将其放入。"
    },
    {
      "type": "patchouli:image",
      "images": [
        "lithiccoins:textures/gui/book/bottom_die_out.png"
      ],
      "text": "正确放置$(thing)底模$()的视角。",
      "border": true
    },
    {
      "type": "patchouli:image",
      "images": [
        "lithiccoins:textures/gui/book/bottom_die_in.png"
      ],
      "text": "放在铸币站中的$(thing)底模$()。",
      "border": true
    },
    {
      "type": "patchouli:text",
      "text": "最后一步是将纹章印在$(thing)硬币$()上。这是通过在$(thing)铸币站$()上使用$(thing)锤子$()来实现的。$(br2)铸造完成的$(thing)硬币$()将储存在$(thing)铸币站$()的边缘，右键基座以将其取出。"
    },
    {
      "type": "patchouli:text",
      "text": "如果你想制造多样化的$(thing)硬币$()，潜行右键$(thing)铸币站$()可以将你放入其中的顶模和底模取出。"
    }
  ],
  "read_by_default": true,
  "extra_recipe_mappings": {
    "tag:lithiccoins:blank_coins": 0,
    "tag:lithiccoins:stamped_coins": 0,
    "lithiccoins:die_holder":  0,
    "lithiccoins:stamp_holder": 0
  },
  "sortnum": 15
}