{
  "__comment__": "This file was created by Jotred",
  "name": "模具制造",
  "category": "tfc:lithiccoins",
  "icon": "lithiccoins:wax/bee",
  "pages": [
    {
      "type": "patchouli:text",
      "text": "铸造$(thing)硬币$()最重要的部分是$(thing)顶模$()，因为这决定了$(thing)硬币$()上纹章的模样。$(br2)制作$(thing)顶模$()的第一步是去收集一些$(thing)蜂蜡$()。制造所有类型的纹章都需要4块$(thing)蜂蜡$()。"
    },
    {
      "type": "tfc:wax_knapping_recipe",
      "recipe": "lithiccoins:wax_knapping/wax_dies/bee",
      "text": "$(thing)蜂蜡$()塑形的界面为8x8的网格，以便更容易地区分配方。所有配方都将放在本章末尾。"
    },
    {
      "type": "patchouli:crafting",
      "recipe": "lithiccoins:crafting/ceramic/die_mold/unfired/bee",
      "text": "一旦你制作了一个$(thing)蜡模$()，你就可以将其变成$(thing)未烧制的顶模模具$()。"
    },
    {
      "type": "tfc:heat_recipe",
      "recipe": "lithiccoins:heating/ceramic/die_mold/bee",
      "text": "通过加热$(thing)该模具$()，你将获得一个拥有你所选纹章的$(thing)顶模模具$()。向其他模具一样，你需要向其中填充熔融的工具级金属。"
    },
    {
      "type": "tfc:anvil_recipe",
      "recipe": "lithiccoins:anvil/copper_bottom_die",
      "text": "$(thing)底模$()的制作要来的更加简单。你可以像$(thing)顶模$()一样用工具级金属来制作它，使用砧将来其锻造出来。"
    },
    {
      "type": "patchouli:text",
      "text": "接下来将展示目前所拥有的所有纹章塑形配方。"
    },
    {
      "type": "tfc:wax_knapping_recipe",
      "recipe": "lithiccoins:wax_knapping/wax_dies/angler",
      "text": "$(italics)垂钓文章$()"
    },
    {
      "type": "tfc:wax_knapping_recipe",
      "recipe": "lithiccoins:wax_knapping/wax_dies/archer",
      "text": "$(italics)弓手纹章$()"
    },
    {
      "type": "tfc:wax_knapping_recipe",
      "recipe": "lithiccoins:wax_knapping/wax_dies/arms_up",
      "text": "$(italics)力士纹章$()"
    },
    {
      "type": "tfc:wax_knapping_recipe",
      "recipe": "lithiccoins:wax_knapping/wax_dies/bee",
      "text": "$(italics)蜜蜂纹章$()"
    },
    {
      "type": "tfc:wax_knapping_recipe",
      "recipe": "lithiccoins:wax_knapping/wax_dies/blade",
      "text": "$(italics)剑士纹章$()"
    },
    {
      "type": "tfc:wax_knapping_recipe",
      "recipe": "lithiccoins:wax_knapping/wax_dies/brewer",
      "text": "$(italics)酿造纹章$()"
    },
    {
      "type": "tfc:wax_knapping_recipe",
      "recipe": "lithiccoins:wax_knapping/wax_dies/burn",
      "text": "$(italics)火焰纹章$()"
    },
    {
      "type": "tfc:wax_knapping_recipe",
      "recipe": "lithiccoins:wax_knapping/wax_dies/bust",
      "text": "$(italics)破裂纹章$()"
    },
    {
      "type": "tfc:wax_knapping_recipe",
      "recipe": "lithiccoins:wax_knapping/wax_dies/danger",
      "text": "$(italics)危机纹章$()"
    },
    {
      "type": "tfc:wax_knapping_recipe",
      "recipe": "lithiccoins:wax_knapping/wax_dies/eagle",
      "text": "$(italics)鹰纹章$()"
    },
    {
      "type": "tfc:wax_knapping_recipe",
      "recipe": "lithiccoins:wax_knapping/wax_dies/explorer",
      "text": "$(italics)探索者纹章$()"
    },
    {
      "type": "tfc:wax_knapping_recipe",
      "recipe": "lithiccoins:wax_knapping/wax_dies/face",
      "text": "$(italics)人像纹章$()"
    },
    {
      "type": "tfc:wax_knapping_recipe",
      "recipe": "lithiccoins:wax_knapping/wax_dies/friend",
      "text": "$(italics)友谊纹章$()"
    },
    {
      "type": "tfc:wax_knapping_recipe",
      "recipe": "lithiccoins:wax_knapping/wax_dies/heart",
      "text": "$(italics)心形纹章$()"
    },
    {
      "type": "tfc:wax_knapping_recipe",
      "recipe": "lithiccoins:wax_knapping/wax_dies/heartbreak",
      "text": "$(italics)心碎纹章$()"
    },
    {
      "type": "tfc:wax_knapping_recipe",
      "recipe": "lithiccoins:wax_knapping/wax_dies/howl",
      "text": "$(italics)呼啸纹章$()"
    },
    {
      "type": "tfc:wax_knapping_recipe",
      "recipe": "lithiccoins:wax_knapping/wax_dies/miner",
      "text": "$(italics)矿工纹章$()"
    },
    {
      "type": "tfc:wax_knapping_recipe",
      "recipe": "lithiccoins:wax_knapping/wax_dies/mourner",
      "text": "$(italics)哀悼纹章$()"
    },
    {
      "type": "tfc:wax_knapping_recipe",
      "recipe": "lithiccoins:wax_knapping/wax_dies/plenty",
      "text": "$(italics)宝藏纹章$()"
    },
    {
      "type": "tfc:wax_knapping_recipe",
      "recipe": "lithiccoins:wax_knapping/wax_dies/奖牌纹章",
      "text": "$(italics)奖牌纹章$()"
    },
    {
      "type": "tfc:wax_knapping_recipe",
      "recipe": "lithiccoins:wax_knapping/wax_dies/punched",
      "text": "$(italics)打孔纹章$()"
    },
    {
      "type": "tfc:wax_knapping_recipe",
      "recipe": "lithiccoins:wax_knapping/wax_dies/sheaf",
      "text": "$(italics)花束纹章$()"
    },
    {
      "type": "tfc:wax_knapping_recipe",
      "recipe": "lithiccoins:wax_knapping/wax_dies/shelter",
      "text": "$(italics)庇护纹章$()"
    },
    {
      "type": "tfc:wax_knapping_recipe",
      "recipe": "lithiccoins:wax_knapping/wax_dies/skull",
      "text": "$(italics)骷髅纹章$()"
    },
    {
      "type": "tfc:wax_knapping_recipe",
      "recipe": "lithiccoins:wax_knapping/wax_dies/symbol",
      "text": "$(italics)符号纹章$()"
    },
    {
      "type": "tfc:wax_knapping_recipe",
      "recipe": "lithiccoins:wax_knapping/wax_dies/trifoil",
      "text": "$(italics)三叶草纹章$()"
    }
  ],
  "read_by_default": true,
  "extra_recipe_mappings": {
    "tag:lithiccoins:wax_dies": 0,
    "tag:lithiccoins:unfired_die_molds": 2,
    "tag:lithiccoins:die_molds": 3,
    "tag:lithiccoins:top_dies": 0,
    "tag:lithiccoins:bottom_dies": 4
  },
  "sortnum": 15
}