{
  "type": "biomemakeover:mansion",
  "biomes": "#repurposed_structures:has_structure/mansions/taiga",
  "spawn_overrides": {
  },
  "terrain_adaptation": "beard_box",
  "step": "surface_structures",
  "templates": {
    "base": {
      "corridor_straight": [
        "biomemakeover:mansions/taiga/corridor/straight/corridor_straight_1",
        "biomemakeover:mansions/taiga/corridor/straight/corridor_straight_2",
        "biomemakeover:mansions/taiga/corridor/straight/corridor_straight_3",
        "biomemakeover:mansions/taiga/corridor/straight/corridor_straight_4",
        "biomemakeover:mansions/taiga/corridor/straight/corridor_straight_5",
        "biomemakeover:mansions/taiga/corridor/straight/corridor_straight_6",
        "biomemakeover:mansions/taiga/corridor/straight/corridor_straight_7",
        "biomemakeover:mansions/taiga/corridor/straight/corridor_straight_8"
      ],
      "corridor_corner": [
        "biomemakeover:mansions/taiga/corridor/corner/corridor_corner_1",
        "biomemakeover:mansions/taiga/corridor/corner/corridor_corner_2",
        "biomemakeover:mansions/taiga/corridor/corner/corridor_corner_3"
      ],
      "corridor_t": [
        "biomemakeover:mansions/taiga/corridor/t/corridor_t_1",
        "biomemakeover:mansions/taiga/corridor/t/corridor_t_2",
        "biomemakeover:mansions/taiga/corridor/t/corridor_t_3"
      ],
      "corridor_cross": [
        "biomemakeover:mansions/taiga/corridor/cross/corridor_cross_1",
        "biomemakeover:mansions/taiga/corridor/cross/corridor_cross_2",
        "biomemakeover:mansions/taiga/corridor/cross/corridor_cross_3",
        "biomemakeover:mansions/taiga/corridor/cross/corridor_cross_4"
      ],
      "rooms": [
        "biomemakeover:mansions/taiga/room/room_1",
        "biomemakeover:mansions/taiga/room/room_2",
        "biomemakeover:mansions/taiga/room/room_3",
        "biomemakeover:mansions/taiga/room/room_4",
        "biomemakeover:mansions/taiga/room/room_5",
        "biomemakeover:mansions/taiga/room/room_6",
        "biomemakeover:mansions/taiga/room/room_7",
        "biomemakeover:mansions/taiga/room/room_8",
        "biomemakeover:mansions/taiga/room/room_9",
        "biomemakeover:mansions/taiga/room/room_10",
        "biomemakeover:mansions/taiga/room/room_11",
        "biomemakeover:mansions/taiga/room/room_12",
        "biomemakeover:mansions/taiga/room/room_13",
        "biomemakeover:mansions/taiga/room/room_14",
        "biomemakeover:mansions/taiga/room/room_15",
        "biomemakeover:mansions/taiga/room/room_16",
        "biomemakeover:mansions/taiga/room/room_17",
        "biomemakeover:mansions/taiga/room/room_18",
        "biomemakeover:mansions/taiga/room/room_19",
        "biomemakeover:mansions/taiga/room/room_20",
        "biomemakeover:mansions/taiga/room/room_21",
        "biomemakeover:mansions/taiga/room/room_22",
        "biomemakeover:mansions/taiga/room/room_23",
        "biomemakeover:mansions/taiga/room/room_24",
        "biomemakeover:mansions/taiga/room/room_25",
        "biomemakeover:mansions/taiga/room/room_26",
        "biomemakeover:mansions/taiga/room/room_27",
        "biomemakeover:mansions/taiga/room/room_28",
        "biomemakeover:mansions/taiga/room/room_29",
        "biomemakeover:mansions/taiga/room/room_30",
        "biomemakeover:mansions/taiga/room/room_31",
        "biomemakeover:mansions/taiga/room/room_32",
        "biomemakeover:mansions/taiga/room/room_33",
        "biomemakeover:mansions/taiga/room/room_34"
      ],
      "rooms_big": [
        "biomemakeover:mansions/taiga/room/big/room_big_1",
        "biomemakeover:mansions/taiga/room/big/room_big_2",
        "biomemakeover:mansions/taiga/room/big/room_big_3",
        "biomemakeover:mansions/taiga/room/big/room_big_4",
        "biomemakeover:mansions/taiga/room/big/room_big_5",
        "biomemakeover:mansions/taiga/room/big/room_big_6",
        "biomemakeover:mansions/taiga/room/big/room_big_7",
        "biomemakeover:mansions/taiga/room/big/room_big_8",
        "biomemakeover:mansions/taiga/room/big/room_big_9",
        "biomemakeover:mansions/taiga/room/big/room_big_10",
        "biomemakeover:mansions/taiga/room/big/room_big_11"
      ],
      "stair_up": [
        "biomemakeover:mansions/taiga/stairs/up/stairs_up_1",
        "biomemakeover:mansions/taiga/stairs/up/stairs_up_2"
      ],
      "stair_down": [
        "biomemakeover:mansions/taiga/stairs/down/stairs_down_1",
        "biomemakeover:mansions/taiga/stairs/down/stairs_down_2"
      ],
      "inner_wall": [
        "biomemakeover:mansions/taiga/wall/inner/wall_1",
        "biomemakeover:mansions/taiga/wall/inner/wall_2",
        "biomemakeover:mansions/taiga/wall/inner/wall_3",
        "biomemakeover:mansions/taiga/wall/inner/wall_4",
        "biomemakeover:mansions/taiga/wall/inner/wall_5",
        "biomemakeover:mansions/taiga/wall/inner/wall_6",
        "biomemakeover:mansions/taiga/wall/inner/wall_7",
        "biomemakeover:mansions/taiga/wall/inner/wall_8",
        "biomemakeover:mansions/taiga/wall/inner/wall_9"
      ],
      "flat_wall": [
        "biomemakeover:mansions/taiga/wall/flat/wall_flat_1"
      ],
      "outer_wall_base": [
        "biomemakeover:mansions/taiga/wall/outer/base/wall_outer_base_2",
        "biomemakeover:mansions/taiga/wall/outer/base/wall_outer_base_3",
        "biomemakeover:mansions/taiga/wall/outer/base/wall_outer_base_4",
        "biomemakeover:mansions/taiga/wall/outer/base/wall_outer_base_5",
        "biomemakeover:mansions/taiga/wall/outer/base/wall_outer_base_6",
        "biomemakeover:mansions/taiga/wall/outer/base/wall_outer_base_7"
      ],
      "outer_wall": [
        "biomemakeover:mansions/taiga/wall/outer/wall_outer_2",
        "biomemakeover:mansions/taiga/wall/outer/wall_outer_3",
        "biomemakeover:mansions/taiga/wall/outer/wall_outer_4",
        "biomemakeover:mansions/taiga/wall/outer/wall_outer_5",
        "biomemakeover:mansions/taiga/wall/outer/wall_outer_6"
      ],
      "outer_window": [
        "biomemakeover:mansions/taiga/wall/outer/window/wall_window_1",
        "biomemakeover:mansions/taiga/wall/outer/window/wall_window_2",
        "biomemakeover:mansions/taiga/wall/outer/window/wall_window_3",
        "biomemakeover:mansions/taiga/wall/outer/window/wall_window_4",
        "biomemakeover:mansions/taiga/wall/outer/window/wall_window_5",
        "biomemakeover:mansions/taiga/wall/outer/window/wall_window_6",
        "biomemakeover:mansions/taiga/wall/outer/window/wall_window_7",
        "biomemakeover:mansions/taiga/wall/outer/window/wall_window_8",
        "biomemakeover:mansions/taiga/wall/outer/window/wall_window_9",
        "biomemakeover:mansions/taiga/wall/outer/window/wall_window_10"
      ],
      "garden": [
        "biomemakeover:mansions/taiga/garden/garden_1",
        "biomemakeover:mansions/taiga/garden/garden_2",
        "biomemakeover:mansions/taiga/garden/garden_3",
        "biomemakeover:mansions/taiga/garden/garden_4",
        "biomemakeover:mansions/taiga/garden/garden_5",
        "biomemakeover:mansions/taiga/garden/garden_6",
        "biomemakeover:mansions/taiga/garden/garden_7"
      ],
      "entrance": [
        "biomemakeover:mansions/taiga/entrance/entrance_1"
      ]
    },
    "tower_roof": {
      "tower_base": [
        "biomemakeover:mansions/taiga/tower/base/tower_base_1"
      ],
      "tower_mid": [
        "biomemakeover:mansions/taiga/tower/mid/tower_middle_1"
      ],
      "tower_top": [
        "biomemakeover:mansions/taiga/tower/top/tower_top_1"
      ],
      "roof_0": [
        "biomemakeover:mansions/taiga/roof/roof_0_1",
        "biomemakeover:mansions/taiga/roof/roof_0_2",
        "biomemakeover:mansions/taiga/roof/roof_0_3",
        "biomemakeover:mansions/taiga/roof/roof_0_4"
      ],
      "roof_1": [
        "biomemakeover:mansions/taiga/roof/roof_1_1",
        "biomemakeover:mansions/taiga/roof/roof_1_2",
        "biomemakeover:mansions/taiga/roof/roof_1_3"
      ],
      "roof_2": [
        "biomemakeover:mansions/taiga/roof/roof_2_1",
        "biomemakeover:mansions/taiga/roof/roof_2_2"
      ],
      "roof_2_straight": [
        "biomemakeover:mansions/taiga/roof/roof_2_straight_1",
        "biomemakeover:mansions/taiga/roof/roof_2_straight_2"
      ],
      "roof_3": [
        "biomemakeover:mansions/taiga/roof/roof_3_1",
        "biomemakeover:mansions/taiga/roof/roof_3_2",
        "biomemakeover:mansions/taiga/roof/roof_3_3"
      ],
      "roof_4": [
        "biomemakeover:mansions/taiga/roof/roof_4_1",
        "biomemakeover:mansions/taiga/roof/roof_4_2",
        "biomemakeover:mansions/taiga/roof/roof_4_3",
        "biomemakeover:mansions/taiga/roof/roof_4_4"
      ],
      "roof_split": [
        "biomemakeover:mansions/taiga/roof/roof_split_1",
        "biomemakeover:mansions/taiga/roof/roof_split_2",
        "biomemakeover:mansions/taiga/roof/roof_split_3",
        "biomemakeover:mansions/taiga/roof/roof_split_4",
        "biomemakeover:mansions/taiga/roof/roof_split_5"
      ]
    },
    "dungeon": {
      "dungeon_door": [
        "biomemakeover:mansions/taiga/dungeon/door_1",
        "biomemakeover:mansions/taiga/dungeon/door_2",
        "biomemakeover:mansions/taiga/dungeon/door_3",
        "biomemakeover:mansions/taiga/dungeon/door_4",
        "biomemakeover:mansions/taiga/dungeon/door_5",
        "biomemakeover:mansions/taiga/dungeon/door_6",
        "biomemakeover:mansions/taiga/dungeon/door_7"
      ],
      "dungeon_wall": [
        "biomemakeover:mansions/taiga/dungeon/wall_1"
      ],
      "dungeon_room": [
        "biomemakeover:mansions/taiga/dungeon/room_1",
        "biomemakeover:mansions/taiga/dungeon/room_2",
        "biomemakeover:mansions/taiga/dungeon/room_3",
        "biomemakeover:mansions/taiga/dungeon/room_4",
        "biomemakeover:mansions/taiga/dungeon/room_5",
        "biomemakeover:mansions/taiga/dungeon/room_6",
        "biomemakeover:mansions/taiga/dungeon/room_7",
        "biomemakeover:mansions/taiga/dungeon/room_8",
        "biomemakeover:mansions/taiga/dungeon/room_9",
        "biomemakeover:mansions/taiga/dungeon/room_10",
        "biomemakeover:mansions/taiga/dungeon/room_11",
        "biomemakeover:mansions/taiga/dungeon/room_12",
        "biomemakeover:mansions/taiga/dungeon/room_13",
        "biomemakeover:mansions/taiga/dungeon/room_14",
        "biomemakeover:mansions/taiga/dungeon/room_15",
        "biomemakeover:mansions/taiga/dungeon/room_16",
        "biomemakeover:mansions/taiga/dungeon/room_17",
        "biomemakeover:mansions/taiga/dungeon/room_18"
      ],
      "dungeon_stair_bottom": [
        "biomemakeover:mansions/taiga/dungeon/stair_bottom"
      ],
      "dungeon_stair_mid": [
        "biomemakeover:mansions/taiga/dungeon/stair_mid_1",
        "biomemakeover:mansions/taiga/dungeon/stair_mid_2"
      ],
      "dungeon_stair_top": [
        "biomemakeover:mansions/taiga/dungeon/stair_top"
      ],
      "boss_room": [
        "biomemakeover:mansions/taiga/boss_room"
      ]
    },
    "other": {
      "corner_fillers": [
        "biomemakeover:mansions/taiga/corner_filler"
      ],
      "empties": [
        "biomemakeover:mansions/taiga/empty"
      ]
    }
  },
  "details": {
    "mobs": {
    },
    "loot": {
    }
  }
}