{
	"format_version": "1.12.0",
	"minecraft:geometry": [
		{
			"description": {
				"identifier": "geometry.unknown",
				"texture_width": 128,
				"texture_height": 128,
				"visible_bounds_width": 4,
				"visible_bounds_height": 3,
				"visible_bounds_offset": [0, 0.5, 0]
			},
			"bones": [
				{
					"name": "root",
					"pivot": [0, 0, 0]
				},
				{
					"name": "lefthand_pos",
					"parent": "root",
					"pivot": [0, 0, 0],
					"cubes": [
						{"origin": [-8, 0, -2], "size": [4, 12, 4], "uv": [67, 15]}
					]
				},
				{
					"name": "righthand_and_gun",
					"parent": "root",
					"pivot": [0, 0, 0]
				},
				{
					"name": "righthand_pos",
					"parent": "righthand_and_gun",
					"pivot": [0, 0, 0],
					"cubes": [
						{"origin": [4, 0, -2], "size": [4, 12, 4], "uv": [66, 33]}
					]
				},
				{
					"name": "stubby",
					"parent": "righthand_and_gun",
					"pivot": [-0.375, 2.625, 10.3125]
				},
				{
					"name": "QT",
					"parent": "stubby",
					"pivot": [0.92404, 6.96082, -2.85937],
					"cubes": [
						{"origin": [-0.87188, 3.70313, -2.71875], "size": [1.99688, 4.82813, 0.32813], "uv": [67, 0]},
						{
							"origin": [-0.87188, 4.17188, 6.42188],
							"size": [1.95, 4.35938, 0.23438],
							"uv": {
								"north": {"uv": [19, 27], "uv_size": [2.5, 6]},
								"south": {"uv": [22, 27], "uv_size": [2.5, 6]},
								"down": {"uv": [61, 9.5], "uv_size": [2.5, -0.5]}
							}
						},
						{
							"origin": [-1.05937, 3.28125, 6.51563],
							"size": [2.37187, 0.65625, 2.95313],
							"uv": {
								"east": {"uv": [52, 3], "uv_size": [4, 1]},
								"west": {"uv": [9, 52], "uv_size": [4, 1]},
								"up": {"uv": [28, 23], "uv_size": [3, 4]},
								"down": {"uv": [0, 39], "uv_size": [3, -4]}
							}
						},
						{
							"origin": [-1.05937, 3.91102, 6.67664],
							"size": [2.37187, 2.85938, 3.42188],
							"uv": {
								"north": {"uv": [25, 35], "uv_size": [3, 4]},
								"east": {"uv": [0, 26], "uv_size": [4.5, 4]},
								"south": {"uv": [28, 35], "uv_size": [3, 4]},
								"west": {"uv": [26, 0], "uv_size": [4.5, 4]},
								"up": {"uv": [31, 18], "uv_size": [3, 4.5]}
							}
						},
						{
							"origin": [-1.10625, 4.47352, 7.19227],
							"size": [2.55937, 1.54688, 2.39063],
							"uv": {
								"north": {"uv": [45, 20], "uv_size": [3.5, 2]},
								"east": {"uv": [46, 43], "uv_size": [3, 2]},
								"south": {"uv": [45, 22], "uv_size": [3.5, 2]},
								"west": {"uv": [47, 0], "uv_size": [3, 2]},
								"up": {"uv": [31, 37], "uv_size": [3.5, 3]},
								"down": {"uv": [5, 41], "uv_size": [3.5, -3]}
							}
						},
						{
							"origin": [-1.10625, 3.58289, 7.19227],
							"size": [2.55937, 0.5625, 2.39063],
							"uv": {
								"north": {"uv": [32, 53], "uv_size": [3.5, 1]},
								"east": {"uv": [38, 56], "uv_size": [3, 1]},
								"south": {"uv": [53, 35], "uv_size": [3.5, 1]},
								"west": {"uv": [56, 41], "uv_size": [3, 1]},
								"up": {"uv": [9, 38], "uv_size": [3.5, 3]},
								"down": {"uv": [38, 32], "uv_size": [3.5, -3]}
							}
						},
						{
							"origin": [-1.15312, 3.72352, 8.45789],
							"size": [2.65313, 0.28125, 0.98438],
							"uv": {
								"north": {"uv": [59, 17], "uv_size": [3.5, 0.5]},
								"east": {"uv": [63, 48], "uv_size": [1.5, 0.5]},
								"south": {"uv": [59, 18], "uv_size": [3.5, 0.5]},
								"west": {"uv": [49, 63], "uv_size": [1.5, 0.5]},
								"up": {"uv": [48, 37], "uv_size": [3.5, 1.5]},
								"down": {"uv": [48, 40.5], "uv_size": [3.5, -1.5]}
							}
						},
						{
							"origin": [-1.10625, 5.08289, 10.00477],
							"size": [2.46562, 1.5, 1.5],
							"pivot": [1.3125, 6.58289, 11.50477],
							"rotation": [-45, 0, 0],
							"uv": {
								"north": {"uv": [44, 12], "uv_size": [3.5, 2]},
								"east": {"uv": [11, 36], "uv_size": [2, 2]},
								"south": {"uv": [44, 26], "uv_size": [3.5, 2]},
								"west": {"uv": [41, 38], "uv_size": [2, 2]},
								"up": {"uv": [45, 9], "uv_size": [3.5, 2]},
								"down": {"uv": [45, 16], "uv_size": [3.5, -2]}
							}
						},
						{
							"origin": [-1.29375, 5.31727, 10.23914],
							"size": [2.84063, 1.03125, 1.03125],
							"pivot": [1.3125, 6.58289, 11.50477],
							"rotation": [-45, 0, 0],
							"uv": {
								"north": {"uv": [46, 4], "uv_size": [4, 1.5]},
								"east": {"uv": [9, 57], "uv_size": [1.5, 1.5]},
								"south": {"uv": [17, 46], "uv_size": [4, 1.5]},
								"west": {"uv": [15, 57], "uv_size": [1.5, 1.5]},
								"up": {"uv": [25, 46], "uv_size": [4, 1.5]},
								"down": {"uv": [46, 36.5], "uv_size": [4, -1.5]}
							}
						},
						{
							"origin": [-1.2, 4.09852, 7.89539],
							"size": [2.74688, 0.75, 0.75],
							"pivot": [1.3125, 5.36414, 9.16102],
							"rotation": [-45, 0, 0],
							"uv": {
								"north": {"uv": [53, 36], "uv_size": [3.5, 1]},
								"east": {"uv": [57, 62], "uv_size": [1, 1]},
								"south": {"uv": [54, 6], "uv_size": [3.5, 1]},
								"west": {"uv": [62, 57], "uv_size": [1, 1]},
								"up": {"uv": [54, 7], "uv_size": [3.5, 1]},
								"down": {"uv": [54, 9], "uv_size": [3.5, -1]}
							}
						},
						{
							"origin": [-0.68437, 0.16102, -1.66711],
							"size": [1.66875, 0.75, 0.75],
							"pivot": [1.3125, 1.42664, -0.40148],
							"rotation": [-45, 0, 0],
							"uv": {
								"north": {"uv": [5, 59], "uv_size": [2, 1]},
								"east": {"uv": [63, 2], "uv_size": [1, 1]},
								"south": {"uv": [59, 5], "uv_size": [2, 1]},
								"west": {"uv": [3, 63], "uv_size": [1, 1]},
								"up": {"uv": [9, 59], "uv_size": [2, 1]},
								"down": {"uv": [59, 10], "uv_size": [2, -1]}
							}
						},
						{
							"origin": [-1.24687, 4.37977, 8.27039],
							"size": [2.84063, 0.23438, 0.60938],
							"pivot": [1.26563, 5.36414, 9.16102],
							"rotation": [-45, 0, 0],
							"uv": {
								"north": {"uv": [58, 26], "uv_size": [4, 0.5]},
								"east": {"uv": [37, 64], "uv_size": [1, 0.5]},
								"south": {"uv": [56, 58], "uv_size": [4, 0.5]},
								"west": {"uv": [64, 37], "uv_size": [1, 0.5]},
								"up": {"uv": [52, 25], "uv_size": [4, 1]},
								"down": {"uv": [52, 27], "uv_size": [4, -1]}
							}
						},
						{
							"origin": [-1.05937, 2.6501, 9.21122],
							"size": [2.37187, 0.89063, 0.65625],
							"pivot": [-0.375, 3.44698, 10.42997],
							"rotation": [-45, 0, 0],
							"uv": {
								"east": {"uv": [61, 27], "uv_size": [1, 1]},
								"south": {"uv": [54, 21], "uv_size": [3, 1]},
								"west": {"uv": [61, 28], "uv_size": [1, 1]}
							}
						},
						{
							"origin": [-1.05938, 2.85938, -2.8125],
							"size": [2.325, 0.98438, 0.46875],
							"uv": {
								"north": {"uv": [19, 49], "uv_size": [3, 1.5]},
								"east": {"uv": [23, 63], "uv_size": [0.5, 1.5]},
								"south": {"uv": [30, 49], "uv_size": [3, 1.5]},
								"west": {"uv": [24, 63], "uv_size": [0.5, 1.5]},
								"up": {"uv": [59, 51], "uv_size": [3, 0.5]}
							}
						},
						{
							"origin": [-1.05938, 2.85938, -2.8125],
							"size": [2.325, 0.46875, 0.65625],
							"pivot": [1.64062, 2.85938, -2.8125],
							"rotation": [-45, 0, 0],
							"uv": {
								"east": {"uv": [64, 2], "uv_size": [1, 0.5]},
								"west": {"uv": [3, 64], "uv_size": [1, 0.5]},
								"down": {"uv": [54, 14], "uv_size": [3, -1]}
							}
						},
						{
							"origin": [-1.05938, 2.39534, -2.34846],
							"size": [2.325, 1.125, 9.04688],
							"uv": {
								"east": {"uv": [24, 14], "uv_size": [12, 1.5]},
								"south": {"uv": [33, 49], "uv_size": [3, 1.5]},
								"west": {"uv": [24, 16], "uv_size": [12, 1.5]},
								"up": {"uv": [0, 14], "uv_size": [3, 12]},
								"down": {"uv": [3, 26], "uv_size": [3, -12]}
							}
						},
						{
							"origin": [-0.91875, 1.64534, 0.08904],
							"size": [2.09063, 1.73438, 3.79688],
							"pivot": [-0.375, 0.42659, -0.66096],
							"rotation": [-10, 0, 0],
							"uv": {
								"north": {"uv": [42, 29], "uv_size": [3, 2.5]},
								"east": {"uv": [34, 4], "uv_size": [5, 2.5]},
								"south": {"uv": [44, 0], "uv_size": [3, 2.5]},
								"west": {"uv": [34, 7], "uv_size": [5, 2.5]},
								"up": {"uv": [28, 18], "uv_size": [3, 5]},
								"down": {"uv": [0, 35], "uv_size": [3, -5]}
							}
						},
						{
							"origin": [-0.91875, 1.64534, 4.26091],
							"size": [2.09063, 0.46875, 1.21875],
							"pivot": [-0.375, 0.42659, 0.93279],
							"rotation": [5, 0, 0],
							"uv": {
								"north": {"uv": [60, 8], "uv_size": [3, 0.5]},
								"east": {"uv": [27, 63], "uv_size": [1.5, 0.5]},
								"south": {"uv": [9, 60], "uv_size": [3, 0.5]},
								"west": {"uv": [29, 63], "uv_size": [1.5, 0.5]},
								"up": {"uv": [39, 50], "uv_size": [3, 1.5]},
								"down": {"uv": [48, 51.5], "uv_size": [3, -1.5]}
							}
						},
						{
							"origin": [-0.91875, 0.74465, 6.18303],
							"size": [2.09063, 0.42188, 1.21875],
							"pivot": [-0.375, -0.4741, 2.8549],
							"rotation": [25, 0, 0],
							"uv": {
								"north": {"uv": [60, 11], "uv_size": [3, 0.5]},
								"east": {"uv": [63, 29], "uv_size": [1.5, 0.5]},
								"south": {"uv": [12, 60], "uv_size": [3, 0.5]},
								"west": {"uv": [63, 30], "uv_size": [1.5, 0.5]},
								"up": {"uv": [19, 51], "uv_size": [3, 1.5]},
								"down": {"uv": [30, 52.5], "uv_size": [3, -1.5]}
							}
						},
						{
							"origin": [-0.91875, 0.36965, 4.82365],
							"size": [2.09063, 0.42188, 1.21875],
							"pivot": [-0.375, -0.8491, 1.49553],
							"rotation": [25, 0, 0],
							"uv": {
								"north": {"uv": [60, 12], "uv_size": [3, 0.5]},
								"east": {"uv": [31, 63], "uv_size": [1.5, 0.5]},
								"west": {"uv": [33, 63], "uv_size": [1.5, 0.5]},
								"up": {"uv": [33, 51], "uv_size": [3, 1.5]},
								"down": {"uv": [51, 42.5], "uv_size": [3, -1.5]}
							}
						},
						{
							"origin": [-0.84375, 8.53125, -2.90625],
							"size": [1.96875, 0.5625, 9.60938],
							"uv": {
								"north": {"uv": [56, 42], "uv_size": [2.5, 1]},
								"south": {"uv": [56, 43], "uv_size": [2.5, 1]},
								"down": {"uv": [9, 27], "uv_size": [2.5, -13]}
							}
						},
						{
							"origin": [-0.65625, 8.48677, 6.69409],
							"size": [1.59375, 0.5625, 3.46875],
							"pivot": [-0.375, 10.36177, 6.69409],
							"rotation": [-4, 0, 0],
							"uv": {
								"north": {"uv": [33, 36], "uv_size": [2, 1]},
								"east": {"uv": [49, 34], "uv_size": [4.5, 1]},
								"south": {"uv": [19, 48], "uv_size": [2, 1]},
								"west": {"uv": [49, 43], "uv_size": [4.5, 1]},
								"up": {"uv": [29, 39], "uv_size": [2, 4.5]},
								"down": {"uv": [35, 43.5], "uv_size": [2, -4.5]}
							}
						},
						{
							"origin": [-0.65625, 8.34175, 10.06284],
							"size": [1.59375, 0.46875, 1.17188],
							"pivot": [0.9375, 8.8105, 10.06284],
							"rotation": [-28, 0, 0],
							"uv": {
								"north": {"uv": [61, 29], "uv_size": [2, 0.5]},
								"east": {"uv": [63, 8], "uv_size": [1.5, 0.5]},
								"south": {"uv": [61, 30], "uv_size": [2, 0.5]},
								"west": {"uv": [63, 18], "uv_size": [1.5, 0.5]},
								"up": {"uv": [35, 54], "uv_size": [2, 1.5]},
								"down": {"uv": [37, 55.5], "uv_size": [2, -1.5]}
							}
						},
						{
							"origin": [-0.79687, 7.0929, 11.09523],
							"size": [1.92188, 1.17188, 1.45313],
							"pivot": [1.21875, 8.26478, 11.09523],
							"rotation": [-43, 0, 0],
							"uv": {
								"north": {"uv": [52, 28], "uv_size": [2.5, 1.5]},
								"east": {"uv": [39, 54], "uv_size": [2, 1.5]},
								"west": {"uv": [54, 41], "uv_size": [2, 1.5]},
								"up": {"uv": [48, 41], "uv_size": [2.5, 2]},
								"down": {"uv": [48, 48], "uv_size": [2.5, -2]}
							}
						},
						{
							"origin": [-0.79687, 5.87286, 10.1094],
							"size": [1.92188, 1.17188, 2.34375],
							"uv": {
								"east": {"uv": [43, 49], "uv_size": [3, 1.5]},
								"west": {"uv": [50, 0], "uv_size": [3, 1.5]},
								"up": {"uv": [9, 41], "uv_size": [2.5, 3]}
							}
						},
						{
							"origin": [-0.9375, 4.70099, 10.06252],
							"size": [2.20313, 1.17188, 2.71875],
							"uv": {
								"east": {"uv": [48, 12], "uv_size": [3.5, 1.5]},
								"west": {"uv": [25, 48], "uv_size": [3.5, 1.5]},
								"up": {"uv": [37, 18], "uv_size": [3, 3.5]},
								"down": {"uv": [37, 25.5], "uv_size": [3, -3.5]}
							}
						},
						{
							"origin": [-0.53837, 4.70099, 12.75715],
							"size": [1.40625, 1.17188, 0.42188],
							"uv": {
								"east": {"uv": [25, 63], "uv_size": [0.5, 1.5]},
								"south": {"uv": [46, 54], "uv_size": [2, 1.5]},
								"up": {"uv": [61, 36], "uv_size": [2, 0.5]},
								"down": {"uv": [37, 61.5], "uv_size": [2, -0.5]}
							}
						},
						{
							"origin": [0.70312, 4.70099, 12.78127],
							"size": [0.5625, 1.17188, 0.5625],
							"pivot": [1.26562, 4.70099, 12.78127],
							"rotation": [0, -45, 0],
							"uv": {
								"west": {"uv": [57, 59], "uv_size": [1, 1.5]},
								"up": {"uv": [61, 31], "uv_size": [1, 1]},
								"down": {"uv": [61, 33], "uv_size": [1, -1]}
							}
						},
						{
							"origin": [-0.7045, 4.70099, 12.78127],
							"size": [0.5625, 1.17188, 0.5625],
							"pivot": [-0.142, 4.70099, 12.78127],
							"rotation": [0, -45, 0],
							"uv": {
								"south": {"uv": [60, 0], "uv_size": [1, 1.5]},
								"west": {"uv": [2, 60], "uv_size": [1, 1.5]},
								"up": {"uv": [61, 33], "uv_size": [1, 1]},
								"down": {"uv": [61, 35], "uv_size": [1, -1]}
							}
						},
						{
							"origin": [-0.65625, 3.90411, 10.06252],
							"size": [1.64063, 0.79687, 2.29688],
							"uv": {
								"east": {"uv": [54, 34], "uv_size": [3, 1]},
								"west": {"uv": [54, 45], "uv_size": [3, 1]},
								"down": {"uv": [21, 49], "uv_size": [2, -3]}
							}
						},
						{
							"origin": [-0.65625, 2.82599, 9.68752],
							"size": [1.64063, 1.07813, 2.29688],
							"uv": {
								"east": {"uv": [50, 35], "uv_size": [3, 1.5]},
								"south": {"uv": [52, 54], "uv_size": [2, 1.5]},
								"west": {"uv": [36, 50], "uv_size": [3, 1.5]}
							}
						},
						{
							"origin": [-0.65625, -1.48651, 11.2344],
							"size": [1.64063, 4.92188, 1.07813],
							"pivot": [0.98438, 2.82599, 11.9844],
							"rotation": [30, 0, 0],
							"uv": {
								"north": {"uv": [23, 33], "uv_size": [2, 6.5]},
								"east": {"uv": [25, 39], "uv_size": [1.5, 6.5]},
								"south": {"uv": [33, 29], "uv_size": [2, 6.5]},
								"west": {"uv": [27, 39], "uv_size": [1.5, 6.5]},
								"up": {"uv": [54, 54], "uv_size": [2, 1.5]},
								"down": {"uv": [2, 56.5], "uv_size": [2, -1.5]}
							}
						},
						{
							"origin": [-0.14062, -2.09589, 9.96877],
							"size": [0.60938, 5.4375, 0.75],
							"pivot": [0.98438, 2.54474, 10.71877],
							"rotation": [30, 0, 0],
							"uv": {
								"north": {"uv": [15, 42], "uv_size": [1, 7.5]},
								"east": {"uv": [16, 42], "uv_size": [1, 7.5]},
								"down": {"uv": [62, 4], "uv_size": [1, -1]}
							}
						},
						{
							"origin": [-0.51562, -1.77113, 10.53127],
							"size": [0.60938, 5.4375, 0.84375],
							"pivot": [0.60938, 2.8695, 11.28127],
							"rotation": [30, 0, 0],
							"uv": {
								"north": {"uv": [0, 44], "uv_size": [1, 7.5]},
								"east": {"uv": [1, 44], "uv_size": [1, 7.5]},
								"south": {"uv": [2, 44], "uv_size": [1, 7.5]},
								"west": {"uv": [3, 44], "uv_size": [1, 7.5]},
								"down": {"uv": [62, 5], "uv_size": [1, -1]}
							}
						},
						{
							"origin": [0.23437, -1.77113, 10.53127],
							"size": [0.60938, 5.4375, 0.84375],
							"pivot": [1.35937, 2.8695, 11.28127],
							"rotation": [30, 0, 0],
							"uv": {
								"east": {"uv": [10, 44], "uv_size": [1, 7.5]},
								"west": {"uv": [29, 44], "uv_size": [1, 7.5]},
								"down": {"uv": [6, 63], "uv_size": [1, -1]}
							}
						},
						{
							"origin": [-0.60355, -1.98207, 10.16592],
							"size": [0.28125, 5.4375, 0.75],
							"pivot": [0.0527, 2.65856, 10.91592],
							"rotation": [33.69007, -25.65891, -16.10211],
							"uv": {
								"north": {"uv": [26, 52], "uv_size": [0.5, 7.5]},
								"east": {"uv": [40, 42], "uv_size": [1, 7.5]},
								"south": {"uv": [27, 52], "uv_size": [0.5, 7.5]},
								"up": {"uv": [64, 12], "uv_size": [0.5, 1]},
								"down": {"uv": [13, 65], "uv_size": [0.5, -1]}
							}
						},
						{
							"origin": [0.51226, -2.23988, 9.71938],
							"size": [0.28125, 5.4375, 0.75],
							"pivot": [1.16851, 2.40075, 10.46938],
							"rotation": [33.69007, 25.65891, 16.10211],
							"uv": {
								"north": {"uv": [29, 52], "uv_size": [0.5, 7.5]},
								"south": {"uv": [50, 52], "uv_size": [0.5, 7.5]},
								"west": {"uv": [43, 38], "uv_size": [1, 7.5]},
								"up": {"uv": [64, 13], "uv_size": [0.5, 1]},
								"down": {"uv": [14, 65], "uv_size": [0.5, -1]}
							}
						},
						{
							"origin": [-0.84375, -1.71852, 13.58331],
							"size": [2.01563, 1.17188, 0.9375],
							"pivot": [0.98438, -0.54664, 14.33331],
							"rotation": [52, 0, 0],
							"uv": {
								"north": {"uv": [52, 39], "uv_size": [2.5, 1.5]},
								"east": {"uv": [19, 57], "uv_size": [1.5, 1.5]},
								"south": {"uv": [47, 52], "uv_size": [2.5, 1.5]},
								"west": {"uv": [57, 22], "uv_size": [1.5, 1.5]},
								"up": {"uv": [52, 50], "uv_size": [2.5, 1.5]},
								"down": {"uv": [52, 53.5], "uv_size": [2.5, -1.5]}
							}
						},
						{
							"origin": [-0.84375, -3.20638, 14.30772],
							"size": [2.01563, 2.15625, 1.07812],
							"pivot": [0.98438, -1.05013, 15.19835],
							"rotation": [-22, 0, 0],
							"uv": {
								"north": {"uv": [12, 42], "uv_size": [2.5, 3]},
								"east": {"uv": [12, 49], "uv_size": [1.5, 3]},
								"south": {"uv": [42, 14], "uv_size": [2.5, 3]},
								"west": {"uv": [5, 50], "uv_size": [1.5, 3]},
								"up": {"uv": [9, 53], "uv_size": [2.5, 1.5]},
								"down": {"uv": [53, 17.5], "uv_size": [2.5, -1.5]}
							}
						},
						{
							"origin": [-0.84375, -3.70216, 13.73085],
							"size": [2.01563, 2.10938, 1.40625],
							"pivot": [0.98438, -1.59278, 14.48085],
							"rotation": [-69, 0, 0],
							"uv": {
								"north": {"uv": [42, 17], "uv_size": [2.5, 3]},
								"east": {"uv": [43, 46], "uv_size": [2, 3]},
								"south": {"uv": [42, 20], "uv_size": [2.5, 3]},
								"west": {"uv": [45, 46], "uv_size": [2, 3]},
								"up": {"uv": [48, 48], "uv_size": [2.5, 2]},
								"down": {"uv": [49, 11], "uv_size": [2.5, -2]}
							}
						},
						{
							"origin": [-0.84375, -3.01621, 12.10717],
							"size": [2.01563, 0.9375, 0.75],
							"pivot": [0.98438, -2.07871, 12.85717],
							"rotation": [-35, 0, 0],
							"uv": {
								"north": {"uv": [53, 0], "uv_size": [2.5, 1.5]},
								"east": {"uv": [3, 60], "uv_size": [1, 1.5]},
								"south": {"uv": [53, 4], "uv_size": [2.5, 1.5]},
								"west": {"uv": [60, 6], "uv_size": [1, 1.5]},
								"up": {"uv": [56, 46], "uv_size": [2.5, 1]},
								"down": {"uv": [56, 48], "uv_size": [2.5, -1]}
							}
						},
						{
							"origin": [-0.84375, -3.11961, 11.70507],
							"size": [2.01563, 0.70313, 2.85937],
							"uv": {
								"north": {"uv": [56, 48], "uv_size": [2.5, 1]},
								"east": {"uv": [52, 9], "uv_size": [4, 1]},
								"west": {"uv": [52, 10], "uv_size": [4, 1]},
								"up": {"uv": [38, 32], "uv_size": [2.5, 4]},
								"down": {"uv": [38, 40], "uv_size": [2.5, -4]}
							}
						},
						{
							"origin": [-0.65625, 4.04474, 11.9844],
							"size": [1.64063, 0.375, 0.375],
							"pivot": [1.21875, 4.41974, 11.51565],
							"rotation": [-36, 0, 0],
							"uv": {
								"east": {"uv": [61, 64], "uv_size": [0.5, 0.5]},
								"west": {"uv": [64, 61], "uv_size": [0.5, 0.5]}
							}
						},
						{
							"origin": [-0.65625, 3.15411, 6.64065],
							"size": [1.64063, 0.32813, 2.76563],
							"uv": {
								"east": {"uv": [59, 10], "uv_size": [3.5, 0.5]},
								"west": {"uv": [59, 16], "uv_size": [3.5, 0.5]},
								"down": {"uv": [45, 19.5], "uv_size": [2, -3.5]}
							}
						},
						{
							"origin": [-0.14062, 0.89745, 7.35044],
							"size": [0.60938, 0.51563, 3.5625],
							"uv": {
								"east": {"uv": [57, 39], "uv_size": [4.5, 0.5]},
								"south": {"uv": [64, 23], "uv_size": [1, 0.5]},
								"west": {"uv": [57, 40], "uv_size": [4.5, 0.5]},
								"up": {"uv": [0, 52], "uv_size": [1, 4.5]},
								"down": {"uv": [1, 56.5], "uv_size": [1, -4.5]}
							}
						},
						{
							"origin": [-0.14062, 1.56036, 6.68752],
							"size": [0.60938, 1.59375, 0.5625],
							"uv": {
								"north": {"uv": [25.5, 43], "uv_size": [1, 2]},
								"east": {"uv": [27, 41], "uv_size": [1, 2]},
								"south": {"uv": [21, 58], "uv_size": [1, 2]},
								"west": {"uv": [27.5, 43.5], "uv_size": [1, 2]}
							}
						},
						{
							"origin": [0, 1.41974, 9.1719],
							"size": [0.375, 1.78125, 1.35938],
							"uv": {
								"north": {"uv": [58, 16], "uv_size": [1, 2]},
								"east": {"uv": [58, 18], "uv_size": [1, 2]},
								"south": {"uv": [21, 58], "uv_size": [1, 2]},
								"west": {"uv": [58, 24], "uv_size": [1, 2]},
								"down": {"uv": [62, 54], "uv_size": [1, -1]}
							}
						},
						{
							"origin": [0, 2.26349, 9.87502],
							"size": [0.375, 1.45313, 0.60938],
							"pivot": [1.21875, 4.27911, 7.20315],
							"rotation": [-30, 0, 0],
							"uv": {
								"north": {"uv": [58, 16], "uv_size": [1, 2]},
								"east": {"uv": [58, 18], "uv_size": [1, 2]},
								"south": {"uv": [21, 58], "uv_size": [1, 2]},
								"west": {"uv": [58, 24], "uv_size": [1, 2]},
								"up": {"uv": [53, 62], "uv_size": [1, 1]},
								"down": {"uv": [62, 54], "uv_size": [1, -1]}
							}
						},
						{
							"origin": [-0.14062, 1.02061, 6.52277],
							"size": [0.60938, 0.9375, 0.5625],
							"pivot": [0.98438, 1.95811, 7.08527],
							"rotation": [45, 0, 0],
							"uv": {
								"north": {"uv": [52, 60], "uv_size": [1, 1.5]},
								"east": {"uv": [53, 60], "uv_size": [1, 1.5]},
								"south": {"uv": [54, 60], "uv_size": [1, 1.5]},
								"west": {"uv": [60, 54], "uv_size": [1, 1.5]}
							}
						},
						{
							"origin": [-0.65625, 3.40181, 9.65673],
							"size": [1.64063, 0.46875, 0.89063],
							"pivot": [1.21875, 4.15181, 9.42236],
							"rotation": [-45, 0, 0],
							"uv": {
								"east": {"uv": [64, 11], "uv_size": [1, 0.5]},
								"west": {"uv": [12, 64], "uv_size": [1, 0.5]},
								"down": {"uv": [56, 58], "uv_size": [2, -1]}
							}
						},
						{
							"origin": [0.42187, 3.90411, 12.3594],
							"size": [0.5625, 0.79688, 0.5625],
							"pivot": [0.98437, 3.52911, 12.3594],
							"rotation": [0, -45, 0],
							"uv": {
								"west": {"uv": [61, 50], "uv_size": [1, 1]},
								"up": {"uv": [51, 61], "uv_size": [1, 1]},
								"down": {"uv": [61, 55], "uv_size": [1, -1]}
							}
						},
						{
							"origin": [-0.25712, 3.90411, 12.33527],
							"size": [0.84375, 0.79687, 0.42188],
							"uv": {
								"east": {"uv": [64, 7], "uv_size": [0.5, 1]},
								"south": {"uv": [61, 47], "uv_size": [1, 1]},
								"down": {"uv": [11, 64.5], "uv_size": [1, -0.5]}
							}
						},
						{
							"origin": [-0.25712, -1.90839, 14.77277],
							"size": [0.84375, 0.46875, 1.35938],
							"uv": {
								"north": {"uv": [50, 64], "uv_size": [1, 0.5]},
								"east": {"uv": [58, 62], "uv_size": [2, 0.5]},
								"south": {"uv": [51, 64], "uv_size": [1, 0.5]},
								"west": {"uv": [62, 58], "uv_size": [2, 0.5]},
								"up": {"uv": [28, 58], "uv_size": [1, 2]},
								"down": {"uv": [58, 58], "uv_size": [1, -2]}
							}
						},
						{
							"origin": [-0.25712, -1.90839, 16.13215],
							"size": [0.84375, 0.46875, 0.89063],
							"pivot": [0.58663, -1.43964, 16.13215],
							"rotation": [-54, 0, 0],
							"uv": {
								"north": {"uv": [54, 64], "uv_size": [1, 0.5]},
								"east": {"uv": [55, 64], "uv_size": [1, 0.5]},
								"west": {"uv": [57, 64], "uv_size": [1, 0.5]},
								"up": {"uv": [0, 63], "uv_size": [1, 1]},
								"down": {"uv": [2, 64], "uv_size": [1, -1]}
							}
						},
						{
							"origin": [-0.25712, -2.62892, 16.65564],
							"size": [0.84375, 0.46875, 1.07813],
							"pivot": [0.58663, -2.16017, 16.65564],
							"rotation": [-122, 0, 0],
							"uv": {
								"north": {"uv": [58, 64], "uv_size": [1, 0.5]},
								"east": {"uv": [63, 57], "uv_size": [1.5, 0.5]},
								"south": {"uv": [64, 58], "uv_size": [1, 0.5]},
								"west": {"uv": [59, 63], "uv_size": [1.5, 0.5]},
								"up": {"uv": [0, 61], "uv_size": [1, 1.5]},
								"down": {"uv": [61, 1.5], "uv_size": [1, -1.5]}
							}
						},
						{
							"origin": [-0.25712, -3.07447, 14.49057],
							"size": [0.84375, 0.46875, 1.59375],
							"uv": {
								"east": {"uv": [60, 62], "uv_size": [2, 0.5]},
								"south": {"uv": [53, 64], "uv_size": [1, 0.5]},
								"west": {"uv": [62, 62], "uv_size": [2, 0.5]},
								"up": {"uv": [0, 59], "uv_size": [1, 2]},
								"down": {"uv": [1, 61], "uv_size": [1, -2]}
							}
						},
						{
							"origin": [-0.42325, 3.90411, 12.3594],
							"size": [0.5625, 0.79688, 0.5625],
							"pivot": [0.13925, 3.52911, 12.3594],
							"rotation": [0, -45, 0],
							"uv": {
								"south": {"uv": [61, 41], "uv_size": [1, 1]},
								"west": {"uv": [61, 42], "uv_size": [1, 1]},
								"up": {"uv": [61, 43], "uv_size": [1, 1]},
								"down": {"uv": [61, 45], "uv_size": [1, -1]}
							}
						},
						{
							"origin": [-0.79687, 5.54433, 11.82424],
							"size": [1.92188, 1.07813, 0.75],
							"pivot": [1.21875, 6.62246, 11.77736],
							"rotation": [32, 0, 0],
							"uv": {
								"east": {"uv": [49, 59], "uv_size": [1, 1.5]},
								"south": {"uv": [39, 52], "uv_size": [2.5, 1.5]},
								"west": {"uv": [59, 54], "uv_size": [1, 1.5]},
								"up": {"uv": [56, 44], "uv_size": [2.5, 1]},
								"down": {"uv": [46, 57], "uv_size": [2.5, -1]}
							}
						},
						{
							"origin": [-0.71875, 6.20058, 12.38674],
							"size": [1.76563, 0.60938, 0.75],
							"pivot": [1.26563, 7.09121, 12.33986],
							"rotation": [24, 0, 0],
							"uv": {
								"north": {"uv": [60, 2], "uv_size": [1.5, 1]},
								"east": {"uv": [61, 37], "uv_size": [1, 1]},
								"south": {"uv": [60, 3], "uv_size": [1.5, 1]},
								"west": {"uv": [39, 61], "uv_size": [1, 1]},
								"up": {"uv": [60, 4], "uv_size": [1.5, 1]},
								"down": {"uv": [5, 61], "uv_size": [1.5, -1]}
							}
						},
						{
							"origin": [-0.46875, 6.52871, 10.83986],
							"size": [1.26563, 1.73438, 0.75],
							"pivot": [1.26563, 8.54433, 10.93361],
							"rotation": [24, 0, 0],
							"uv": {
								"east": {"uv": [49, 56], "uv_size": [1, 2.5]},
								"south": {"uv": [30, 53], "uv_size": [1.5, 2.5]},
								"west": {"uv": [3, 57], "uv_size": [1, 2.5]},
								"up": {"uv": [60, 57], "uv_size": [1.5, 1]},
								"down": {"uv": [60, 59], "uv_size": [1.5, -1]}
							}
						},
						{
							"origin": [-0.75, 8.26308, 8.02736],
							"size": [1.78125, 0.98438, 2.15625],
							"uv": {
								"north": {"uv": [63, 40], "uv_size": [1.5, 0.5]},
								"east": {"uv": [60, 59], "uv_size": [3, 0.5]},
								"west": {"uv": [60, 60], "uv_size": [3, 0.5]},
								"up": {"uv": [2, 52], "uv_size": [1.5, 3]},
								"down": {"uv": [52, 9], "uv_size": [1.5, -3]}
							}
						},
						{
							"origin": [0.36696, 9.20862, 9.05861],
							"size": [0.1875, 0.5625, 0.42188],
							"uv": {
								"north": {"uv": [64, 31], "uv_size": [0.5, 1]},
								"east": {"uv": [32, 64], "uv_size": [0.5, 1]},
								"south": {"uv": [64, 32], "uv_size": [0.5, 1]},
								"west": {"uv": [33, 64], "uv_size": [0.5, 1]},
								"up": {"uv": [65, 22], "uv_size": [0.5, 0.5]}
							}
						},
						{
							"origin": [0.09375, 8.40371, 9.05861],
							"size": [0.1875, 0.51563, 0.42188],
							"pivot": [0.75, 9.24746, 9.15236],
							"rotation": [0, 0, 90],
							"uv": {
								"north": {"uv": [65, 23], "uv_size": [0.5, 0.5]},
								"east": {"uv": [24, 65], "uv_size": [0.5, 0.5]},
								"south": {"uv": [65, 24], "uv_size": [0.5, 0.5]},
								"west": {"uv": [25, 65], "uv_size": [0.5, 0.5]},
								"up": {"uv": [65, 25], "uv_size": [0.5, 0.5]},
								"down": {"uv": [26, 65.5], "uv_size": [0.5, -0.5]}
							}
						},
						{
							"origin": [-0.28125, 9.45104, 9.05861],
							"size": [0.1875, 0.1875, 0.42188],
							"pivot": [-0.09375, 9.63854, 9.48049],
							"rotation": [0, 0, 135],
							"uv": {
								"north": {"uv": [65, 26], "uv_size": [0.5, 0.5]},
								"east": {"uv": [27, 65], "uv_size": [0.5, 0.5]},
								"south": {"uv": [65, 27], "uv_size": [0.5, 0.5]},
								"west": {"uv": [28, 65], "uv_size": [0.5, 0.5]},
								"up": {"uv": [65, 28], "uv_size": [0.5, 0.5]},
								"down": {"uv": [29, 65.5], "uv_size": [0.5, -0.5]}
							}
						},
						{
							"origin": [0.23438, 9.45104, 9.05861],
							"size": [0.1875, 0.1875, 0.42188],
							"pivot": [0.42188, 9.63854, 9.48049],
							"rotation": [0, 0, 135],
							"uv": {
								"north": {"uv": [65, 29], "uv_size": [0.5, 0.5]},
								"east": {"uv": [30, 65], "uv_size": [0.5, 0.5]},
								"south": {"uv": [65, 30], "uv_size": [0.5, 0.5]},
								"west": {"uv": [31, 65], "uv_size": [0.5, 0.5]},
								"up": {"uv": [65, 31], "uv_size": [0.5, 0.5]},
								"down": {"uv": [32, 65.5], "uv_size": [0.5, -0.5]}
							}
						},
						{
							"origin": [-0.22633, 9.20862, 9.05861],
							"size": [0.1875, 0.5625, 0.42188],
							"uv": {
								"north": {"uv": [64, 33], "uv_size": [0.5, 1]},
								"east": {"uv": [34, 64], "uv_size": [0.5, 1]},
								"south": {"uv": [64, 34], "uv_size": [0.5, 1]},
								"west": {"uv": [64, 35], "uv_size": [0.5, 1]},
								"up": {"uv": [23, 65], "uv_size": [0.5, 0.5]}
							}
						},
						{
							"origin": [-0.22633, 9.02112, 9.33986],
							"size": [0.1875, 0.51563, 0.28125],
							"pivot": [0.42992, 10.09925, 9.43361],
							"rotation": [-30, 0, 0],
							"uv": {
								"north": {"uv": [65, 32], "uv_size": [0.5, 0.5]},
								"east": {"uv": [33, 65], "uv_size": [0.5, 0.5]},
								"south": {"uv": [65, 33], "uv_size": [0.5, 0.5]},
								"west": {"uv": [34, 65], "uv_size": [0.5, 0.5]},
								"up": {"uv": [65, 34], "uv_size": [0.5, 0.5]}
							}
						},
						{
							"origin": [0.36696, 9.03951, 9.3273],
							"size": [0.1875, 0.51563, 0.28125],
							"pivot": [1.02321, 10.11764, 9.42105],
							"rotation": [-30, 0, 0],
							"uv": {
								"north": {"uv": [35, 65], "uv_size": [0.5, 0.5]},
								"east": {"uv": [65, 35], "uv_size": [0.5, 0.5]},
								"south": {"uv": [36, 65], "uv_size": [0.5, 0.5]},
								"west": {"uv": [65, 36], "uv_size": [0.5, 0.5]},
								"up": {"uv": [37, 65], "uv_size": [0.5, 0.5]}
							}
						},
						{
							"origin": [0.36696, 9.20862, -2.14451],
							"size": [0.1875, 0.5625, 0.42188],
							"uv": {
								"north": {"uv": [42, 64], "uv_size": [0.5, 1]},
								"east": {"uv": [43, 64], "uv_size": [0.5, 1]},
								"south": {"uv": [44, 64], "uv_size": [0.5, 1]},
								"west": {"uv": [45, 64], "uv_size": [0.5, 1]},
								"up": {"uv": [45, 65], "uv_size": [0.5, 0.5]}
							}
						},
						{
							"origin": [-0.22633, 9.20862, -2.14451],
							"size": [0.1875, 0.5625, 0.42188],
							"uv": {
								"north": {"uv": [38, 64], "uv_size": [0.5, 1]},
								"east": {"uv": [64, 38], "uv_size": [0.5, 1]},
								"south": {"uv": [64, 39], "uv_size": [0.5, 1]},
								"west": {"uv": [41, 64], "uv_size": [0.5, 1]},
								"up": {"uv": [65, 44], "uv_size": [0.5, 0.5]}
							}
						},
						{
							"origin": [-0.28125, 9.45104, -2.14451],
							"size": [0.1875, 0.1875, 0.42188],
							"pivot": [-0.09375, 9.63854, -1.72264],
							"rotation": [0, 0, 135],
							"uv": {
								"north": {"uv": [65, 41], "uv_size": [0.5, 0.5]},
								"east": {"uv": [42, 65], "uv_size": [0.5, 0.5]},
								"south": {"uv": [65, 42], "uv_size": [0.5, 0.5]},
								"west": {"uv": [43, 65], "uv_size": [0.5, 0.5]},
								"up": {"uv": [65, 43], "uv_size": [0.5, 0.5]},
								"down": {"uv": [44, 65.5], "uv_size": [0.5, -0.5]}
							}
						},
						{
							"origin": [0.23438, 9.45104, -2.14451],
							"size": [0.1875, 0.1875, 0.42188],
							"pivot": [0.42188, 9.63854, -1.72264],
							"rotation": [0, 0, 135],
							"uv": {
								"north": {"uv": [65, 38], "uv_size": [0.5, 0.5]},
								"east": {"uv": [39, 65], "uv_size": [0.5, 0.5]},
								"south": {"uv": [65, 39], "uv_size": [0.5, 0.5]},
								"west": {"uv": [40, 65], "uv_size": [0.5, 0.5]},
								"up": {"uv": [65, 40], "uv_size": [0.5, 0.5]},
								"down": {"uv": [41, 65.5], "uv_size": [0.5, -0.5]}
							}
						},
						{
							"origin": [-0.75, 8.54433, 10.18361],
							"size": [1.78125, 0.70313, 1.21875],
							"pivot": [-0.46875, 9.24746, 10.18361],
							"rotation": [-53, 0, 0],
							"uv": {
								"east": {"uv": [63, 43], "uv_size": [1.5, 0.5]},
								"west": {"uv": [45, 63], "uv_size": [1.5, 0.5]},
								"up": {"uv": [39, 57], "uv_size": [1.5, 1.5]}
							}
						},
						{
							"origin": [-0.75, 8.54433, 8.43331],
							"size": [1.78125, 0.46875, 0.9375],
							"pivot": [-0.46875, 9.01308, 8.43331],
							"rotation": [-120, 0, 0],
							"uv": {
								"north": {"uv": [63, 45], "uv_size": [1.5, 0.5]},
								"east": {"uv": [65, 21], "uv_size": [0.5, 0.5]},
								"south": {"uv": [63, 46], "uv_size": [1.5, 0.5]},
								"west": {"uv": [22, 65], "uv_size": [0.5, 0.5]},
								"down": {"uv": [63, 47.5], "uv_size": [1.5, -0.5]}
							}
						},
						{
							"origin": [-0.46875, 9.10683, -2.42576],
							"size": [1.26563, 0.46875, 0.98438],
							"uv": {
								"east": {"uv": [63, 55], "uv_size": [1.5, 0.5]},
								"south": {"uv": [63, 56], "uv_size": [1.5, 0.5]},
								"west": {"uv": [57, 63], "uv_size": [1.5, 0.5]},
								"up": {"uv": [57, 52], "uv_size": [1.5, 1.5]}
							}
						},
						{
							"origin": [-0.46875, 9.85555, -1.81469],
							"size": [1.26563, 0.46875, 1.21875],
							"pivot": [-0.46875, 9.57558, -2.37889],
							"rotation": [-53, 0, 0],
							"uv": {
								"east": {"uv": [53, 63], "uv_size": [1.5, 0.5]},
								"south": {"uv": [63, 53], "uv_size": [1.5, 0.5]},
								"west": {"uv": [63, 54], "uv_size": [1.5, 0.5]},
								"up": {"uv": [57, 50], "uv_size": [1.5, 1.5]},
								"down": {"uv": [52, 58.5], "uv_size": [1.5, -1.5]}
							}
						},
						{
							"origin": [-0.46875, 8.87246, -2.01981],
							"size": [1.26563, 0.46875, 0.375],
							"pivot": [-0.46875, 9.34121, -2.01981],
							"rotation": [-120, 0, 0],
							"uv": {
								"east": {"uv": [65, 37], "uv_size": [0.5, 0.5]},
								"west": {"uv": [38, 65], "uv_size": [0.5, 0.5]},
								"down": {"uv": [63, 51.5], "uv_size": [1.5, -0.5]}
							}
						},
						{
							"origin": [1, 6.34121, 12.66799],
							"size": [0.28125, 2.76563, 0.14063],
							"pivot": [1.46875, 7.09121, 12.33986],
							"rotation": [35, 0, 0],
							"uv": {
								"north": {"uv": [81.5, 28.5], "uv_size": [0, 0]},
								"east": {"uv": [20, 59], "uv_size": [0.5, 3.5]},
								"south": {"uv": [59, 22], "uv_size": [0.5, 3.5]},
								"west": {"uv": [59, 27], "uv_size": [0.5, 3.5]},
								"down": {"uv": [12, 65.5], "uv_size": [0.5, -0.5]}
							}
						},
						{
							"origin": [1.08238, 8.95581, 11.50726],
							"size": [0.28125, 0.28125, 0.14063],
							"pivot": [1.08238, 8.95581, 11.83538],
							"rotation": [26.341, 23.92746, -39.32269],
							"uv": {
								"north": {"uv": [81, 29.5], "uv_size": [0, 0]},
								"east": {"uv": [14, 65], "uv_size": [0.5, 0.5]},
								"south": {"uv": [65, 14], "uv_size": [0.5, 0.5]},
								"west": {"uv": [15, 65], "uv_size": [0.5, 0.5]}
							}
						},
						{
							"origin": [-0.75425, 8.95581, 11.50726],
							"size": [0.28125, 0.28125, 0.14063],
							"pivot": [-0.75425, 8.95581, 11.83538],
							"rotation": [26.341, 23.92746, -39.32269],
							"uv": {
								"north": {"uv": [65, 16], "uv_size": [0.5, 0.5]},
								"east": {"uv": [17, 65], "uv_size": [0.5, 0.5]},
								"south": {"uv": [65, 17], "uv_size": [0.5, 0.5]},
								"up": {"uv": [65, 18], "uv_size": [0.5, 0.5]}
							}
						},
						{
							"origin": [-0.91762, 7.00726, 11.47124],
							"size": [0.28125, 0.28125, 0.14063],
							"pivot": [1.08238, 9.00726, 11.79936],
							"rotation": [26.341, 23.92746, -39.32269],
							"uv": {
								"east": {"uv": [14, 65], "uv_size": [0.5, 0.5]},
								"south": {"uv": [65, 14], "uv_size": [0.5, 0.5]},
								"west": {"uv": [15, 65], "uv_size": [0.5, 0.5]},
								"down": {"uv": [80, 45], "uv_size": [0, 0]}
							}
						},
						{
							"origin": [-2.75425, 7.00726, 11.47124],
							"size": [0.28125, 0.28125, 0.14063],
							"pivot": [-0.75425, 9.00726, 11.79936],
							"rotation": [26.341, 23.92746, -39.32269],
							"uv": {
								"north": {"uv": [65, 16], "uv_size": [0.5, 0.5]},
								"east": {"uv": [17, 65], "uv_size": [0.5, 0.5]},
								"south": {"uv": [65, 17], "uv_size": [0.5, 0.5]},
								"up": {"uv": [65, 18], "uv_size": [0.5, 0.5]}
							}
						},
						{
							"origin": [-0.95312, 6.34121, 12.66799],
							"size": [0.28125, 2.76563, 0.14063],
							"pivot": [-0.48437, 7.09121, 12.33986],
							"rotation": [35, 0, 0],
							"uv": {
								"north": {"uv": [69.5, 42.5], "uv_size": [9.5, 6.5]},
								"east": {"uv": [35, 59], "uv_size": [0.5, 3.5]},
								"south": {"uv": [59, 35], "uv_size": [0.5, 3.5]},
								"west": {"uv": [36, 59], "uv_size": [0.5, 3.5]},
								"down": {"uv": [13, 65.5], "uv_size": [0.5, -0.5]}
							}
						},
						{
							"origin": [-0.75425, 9.03536, 12.55392],
							"size": [0.70313, 0.23438, 0.14063],
							"pivot": [-0.2855, 7.25411, 12.22579],
							"rotation": [35, 0, 0],
							"uv": {
								"north": {"uv": [64, 26], "uv_size": [1, 0.5]},
								"south": {"uv": [27, 64], "uv_size": [1, 0.5]},
								"west": {"uv": [20, 65], "uv_size": [0.5, 0.5]},
								"up": {"uv": [64, 27], "uv_size": [1, 0.5]},
								"down": {"uv": [28, 64.5], "uv_size": [1, -0.5]}
							}
						},
						{
							"origin": [-0.12075, 9.03536, 12.55392],
							"size": [1.20312, 0.23438, 0.14063],
							"pivot": [0.848, 7.25411, 12.22579],
							"rotation": [35, 0, 0],
							"uv": {
								"north": {"uv": [64, 28], "uv_size": [1, 0.5]},
								"south": {"uv": [29, 64], "uv_size": [1, 0.5]},
								"up": {"uv": [30, 64], "uv_size": [1, 0.5]},
								"down": {"uv": [31, 64.5], "uv_size": [1, -0.5]}
							}
						},
						{
							"origin": [-0.79687, 6.37351, 12.34113],
							"size": [1.92188, 0.46875, 3.375],
							"pivot": [1.21875, 6.84226, 12.34113],
							"rotation": [-157, 0, 0],
							"uv": {
								"north": {"uv": [61, 19], "uv_size": [2.5, 0.5]},
								"east": {"uv": [57, 20], "uv_size": [4.5, 0.5]},
								"south": {"uv": [21, 61], "uv_size": [2.5, 0.5]},
								"west": {"uv": [57, 21], "uv_size": [4.5, 0.5]},
								"up": {"uv": [35, 29], "uv_size": [2.5, 4.5]},
								"down": {"uv": [35, 38.5], "uv_size": [2.5, -4.5]}
							}
						},
						{
							"origin": [-0.84375, 9.09375, -2.90625],
							"size": [1.96875, 0.1875, 9.60938],
							"uv": {
								"north": {"uv": [61, 6], "uv_size": [2.5, 0.5]},
								"east": {"uv": [45, 11], "uv_size": [13, 0.5]},
								"south": {"uv": [61, 7], "uv_size": [2.5, 0.5]},
								"west": {"uv": [45, 24], "uv_size": [13, 0.5]},
								"up": {"uv": [12, 14], "uv_size": [2.5, 13]}
							}
						},
						{
							"origin": [0.19887, 8.61087, -2.90625],
							"size": [0.60938, 0.75, 9.60938],
							"pivot": [-0.64488, 10.48587, -1.125],
							"rotation": [0, 0, 45],
							"uv": {
								"north": {"uv": [5, 26], "uv_size": [1, 1]},
								"east": {"uv": [31, 1], "uv_size": [13, 1]},
								"south": {"uv": [12, 41], "uv_size": [1, 1]}
							}
						},
						{
							"origin": [0.14574, 6.98673, -2.90625],
							"size": [0.60938, 0.75, 9.60938],
							"pivot": [-0.69801, 8.86173, -1.125],
							"rotation": [0, 0, -45],
							"uv": {
								"north": {"uv": [44, 9], "uv_size": [1, 1]},
								"south": {"uv": [34, 48], "uv_size": [1, 1]},
								"west": {"uv": [33, 28], "uv_size": [13, 1]}
							}
						},
						{
							"origin": [-1.37408, 3.78217, -2.90625],
							"size": [0.51563, 4.78125, 9.60938],
							"uv": {
								"north": {"uv": [12, 53], "uv_size": [0.5, 6.5]},
								"east": {"uv": [0, 0], "uv_size": [13, 6.5]},
								"south": {"uv": [42, 53], "uv_size": [0.5, 6.5]},
								"west": {"uv": [0, 0], "uv_size": [0, 0]}
							}
						},
						{
							"origin": [-2.63971, 6.78217, 2.10938],
							"size": [1.26563, 0.84375, 3.65625],
							"pivot": [-2.87408, 4.95404, -1.125],
							"rotation": [0, 0, 7],
							"uv": {
								"north": {"uv": [17, 60], "uv_size": [1.5, 1]},
								"east": {"uv": [34, 12], "uv_size": [5, 1]},
								"south": {"uv": [21, 60], "uv_size": [1.5, 1]},
								"west": {"uv": [48, 27], "uv_size": [5, 1]},
								"up": {"uv": [35, 44], "uv_size": [1.5, 5]},
								"down": {"uv": [44, 40], "uv_size": [1.5, -5]}
							}
						},
						{
							"origin": [-3.13002, 6.93689, 2.10938],
							"size": [1.26562, 0.84375, 3.65625],
							"pivot": [-3.36439, 5.10876, -1.125],
							"rotation": [0, 0, 18],
							"uv": {
								"north": {"uv": [60, 22], "uv_size": [1.5, 1]},
								"east": {"uv": [49, 20], "uv_size": [5, 1]},
								"south": {"uv": [23, 60], "uv_size": [1.5, 1]},
								"west": {"uv": [49, 21], "uv_size": [5, 1]},
								"up": {"uv": [44, 40], "uv_size": [1.5, 5]},
								"down": {"uv": [5, 50], "uv_size": [1.5, -5]}
							}
						},
						{
							"origin": [-3.13002, 5.95251, 5.0625],
							"size": [1.64062, 0.98438, 0.70313],
							"pivot": [-3.36439, 5.10876, -1.125],
							"rotation": [0, 0, 18],
							"uv": {
								"north": {"uv": [5, 56], "uv_size": [2, 1.5]},
								"east": {"uv": [7, 60], "uv_size": [1, 1.5]},
								"south": {"uv": [56, 16], "uv_size": [2, 1.5]},
								"west": {"uv": [60, 23], "uv_size": [1, 1.5]},
								"up": {"uv": [58, 4], "uv_size": [2, 1]},
								"down": {"uv": [5, 59], "uv_size": [2, -1]}
							}
						},
						{
							"origin": [-3.13002, 5.95251, 2.10938],
							"size": [1.64062, 0.98438, 0.70313],
							"pivot": [-3.36439, 5.10876, -4.07812],
							"rotation": [0, 0, 18],
							"uv": {
								"north": {"uv": [56, 18], "uv_size": [2, 1.5]},
								"east": {"uv": [25, 60], "uv_size": [1, 1.5]},
								"south": {"uv": [56, 25], "uv_size": [2, 1.5]},
								"west": {"uv": [26, 60], "uv_size": [1, 1.5]},
								"up": {"uv": [58, 6], "uv_size": [2, 1]},
								"down": {"uv": [58, 8], "uv_size": [2, -1]}
							}
						},
						{
							"origin": [-2.98939, 5.95251, 2.67188],
							"size": [1.125, 0.98438, 2.48438],
							"pivot": [-3.36439, 5.10876, -2.67187],
							"rotation": [0, 0, 18],
							"uv": {
								"east": {"uv": [48, 25], "uv_size": [3.5, 1.5]}
							}
						},
						{
							"origin": [-3.69494, 5.47949, 2.10938],
							"size": [1.73437, 0.5625, 3.65625],
							"pivot": [-3.92931, 3.37011, -1.125],
							"rotation": [0, 0, 18],
							"uv": {
								"north": {"uv": [52, 56], "uv_size": [2.5, 1]},
								"east": {"uv": [49, 22], "uv_size": [5, 1]},
								"south": {"uv": [56, 54], "uv_size": [2.5, 1]},
								"west": {"uv": [49, 23], "uv_size": [5, 1]},
								"up": {"uv": [34, 18], "uv_size": [2.5, 5]},
								"down": {"uv": [34, 28], "uv_size": [2.5, -5]}
							}
						},
						{
							"origin": [-4.40514, 5.24943, 2.10938],
							"size": [2.15625, 0.84375, 3.65625],
							"pivot": [-3.65514, 3.42131, -1.125],
							"rotation": [0, 0, 40],
							"uv": {
								"north": {"uv": [56, 5], "uv_size": [3, 1]},
								"south": {"uv": [56, 9], "uv_size": [3, 1]},
								"up": {"uv": [25, 30], "uv_size": [3, 5]},
								"down": {"uv": [28, 35], "uv_size": [3, -5]}
							}
						},
						{
							"origin": [1.04596, 3.78217, -2.90625],
							"size": [0.60938, 4.78125, 9.60938],
							"uv": {
								"north": {"uv": [23, 45], "uv_size": [1, 6.5]},
								"east": {"uv": [0, 0], "uv_size": [0, 0]},
								"south": {"uv": [24, 45], "uv_size": [1, 6.5]},
								"west": {"uv": [13, 7], "uv_size": [13, 6.5]}
							}
						},
						{
							"origin": [0.9375, 6.81297, 6.34837],
							"size": [0.1875, 1.73438, 4.59375],
							"pivot": [0.28125, 5.87547, 6.34837],
							"rotation": [-3.4655, 0, 0],
							"uv": {
								"north": {"uv": [1, 61], "uv_size": [0.5, 2.5]},
								"east": {"uv": [25, 27], "uv_size": [6, 2.5]},
								"south": {"uv": [11, 61], "uv_size": [0.5, 2.5]},
								"west": {"uv": [28, 4], "uv_size": [6, 2.5]},
								"up": {"uv": [24, 54], "uv_size": [0.5, 6]},
								"down": {"uv": [32, 60], "uv_size": [0.5, -6]}
							}
						},
						{
							"origin": [-0.79687, 6.81297, 6.34837],
							"size": [0.23438, 1.73438, 4.59375],
							"pivot": [-1.78125, 5.87547, 6.34837],
							"rotation": [-3.4655, 0, 0],
							"uv": {
								"north": {"uv": [12, 61], "uv_size": [0.5, 2.5]},
								"east": {"uv": [28, 7], "uv_size": [6, 2.5]},
								"south": {"uv": [13, 61], "uv_size": [0.5, 2.5]},
								"west": {"uv": [28, 10], "uv_size": [6, 2.5]},
								"up": {"uv": [33, 54], "uv_size": [0.5, 6]},
								"down": {"uv": [34, 60], "uv_size": [0.5, -6]}
							}
						},
						{
							"origin": [1.04596, 3.21967, 1.21875],
							"size": [0.60938, 0.60938, 5.48438],
							"uv": {
								"north": {"uv": [37, 48], "uv_size": [1, 1]},
								"south": {"uv": [42, 50], "uv_size": [1, 1]},
								"west": {"uv": [41, 34], "uv_size": [7.5, 1]},
								"down": {"uv": [8, 48.5], "uv_size": [1, -7.5]}
							}
						},
						{
							"origin": [1.04596, 7.3086, 2.3757],
							"size": [0.60938, 0.60938, 1.125],
							"pivot": [0.53033, 8.9961, -4.32742],
							"rotation": [-34, 0, 0],
							"uv": {
								"north": {"uv": [18, 61], "uv_size": [1, 1]},
								"east": {"uv": [59, 19], "uv_size": [1.5, 1]},
								"south": {"uv": [24, 61], "uv_size": [1, 1]},
								"west": {"uv": [46, 59], "uv_size": [1.5, 1]},
								"up": {"uv": [59, 47], "uv_size": [1, 1.5]},
								"down": {"uv": [48, 60.5], "uv_size": [1, -1.5]}
							}
						},
						{
							"origin": [-1.37408, 7.3086, 2.3757],
							"size": [0.51563, 0.60938, 1.125],
							"pivot": [-1.88971, 8.9961, -4.32742],
							"rotation": [-34, 0, 0],
							"uv": {
								"north": {"uv": [64, 1], "uv_size": [0.5, 1]},
								"east": {"uv": [59, 49], "uv_size": [1.5, 1]},
								"south": {"uv": [2, 64], "uv_size": [0.5, 1]},
								"west": {"uv": [59, 50], "uv_size": [1.5, 1]},
								"up": {"uv": [21, 63], "uv_size": [0.5, 1.5]},
								"down": {"uv": [22, 64.5], "uv_size": [0.5, -1.5]}
							}
						},
						{
							"origin": [-1.37408, 3.21967, 1.21875],
							"size": [0.51563, 0.60938, 5.48438],
							"uv": {
								"north": {"uv": [64, 0], "uv_size": [0.5, 1]},
								"east": {"uv": [40, 25], "uv_size": [7.5, 1]},
								"south": {"uv": [1, 64], "uv_size": [0.5, 1]},
								"down": {"uv": [25, 59.5], "uv_size": [0.5, -7.5]}
							}
						},
						{
							"origin": [0.70881, 3.35128, -2.90625],
							"size": [0.51563, 0.60938, 4.96875],
							"pivot": [1.22444, 3.35128, -1.03125],
							"rotation": [0, 0, 45],
							"uv": {
								"north": {"uv": [64, 5], "uv_size": [0.5, 1]},
								"east": {"uv": [0, 0], "uv_size": [0, 0]},
								"south": {"uv": [64, 6], "uv_size": [0.5, 1]},
								"west": {"uv": [44, 45], "uv_size": [6.5, 1]},
								"down": {"uv": [8, 60.5], "uv_size": [0.5, -6.5]}
							}
						},
						{
							"origin": [-1.09421, 3.71588, -2.90625],
							"size": [0.51563, 0.60938, 4.82813],
							"pivot": [-0.57858, 3.71588, -1.03125],
							"rotation": [0, 0, -45],
							"uv": {
								"north": {"uv": [64, 3], "uv_size": [0.5, 1]},
								"east": {"uv": [45, 29], "uv_size": [6.5, 1]},
								"south": {"uv": [64, 4], "uv_size": [0.5, 1]},
								"west": {"uv": [0, 0], "uv_size": [0, 0]},
								"down": {"uv": [44, 59.5], "uv_size": [0.5, -6.5]}
							}
						},
						{"origin": [-1.41971, 3.77332, -2.4375], "size": [0.04688, 4.78125, 0.04688], "uv": [5, 18]},
						{"origin": [-0.85624, 9.07117, -2.4375], "size": [0.04688, 0.23438, 0.04688], "uv": [5, 18]},
						{
							"origin": [1.07742, 9.0849, -2.39062],
							"size": [2.01563, 0.23438, 0.04688],
							"pivot": [1.12429, 9.0849, -2.39062],
							"rotation": [180, 0, 180],
							"uv": {
								"north": {"uv": [31.5, 15], "uv_size": [2, 0]},
								"east": {"uv": [26, 16], "uv_size": [0, 0]},
								"south": {"uv": [28.5, 14.5], "uv_size": [2, 0]},
								"west": {"uv": [5, 18], "uv_size": [0, 6]},
								"up": {"uv": [5, 18], "uv_size": [0, 0]},
								"down": {"uv": [5, 18], "uv_size": [0, 0]}
							}
						},
						{"origin": [1.12429, 9.2724, -2.39062], "size": [0.04688, 0.23438, 0.04688], "pivot": [1.17117, 9.2724, -2.39062], "rotation": [180, 0, 90], "uv": [5, 18]},
						{"origin": [1.67404, 3.77332, -2.4375], "size": [0.04688, 4.78125, 0.04688], "uv": [5, 18]},
						{"origin": [-1.43344, 8.52142, -2.4375], "size": [0.04688, 0.79688, 0.04688], "pivot": [-1.38657, 8.52142, -2.4375], "rotation": [0, 0, 45], "uv": [5, 18]},
						{"origin": [1.11056, 3.20984, -2.4375], "size": [0.04688, 0.79688, 0.04688], "pivot": [1.15744, 3.20984, -2.4375], "rotation": [0, 0, 45], "uv": [5, 18]},
						{"origin": [2.73924, 11.19249, -2.4375], "size": [0.04688, 0.79688, 0.04688], "pivot": [5.43777, 8.58771, -2.4375], "rotation": [0, 0, -45], "uv": [5, 22]},
						{"origin": [0.19524, 5.88091, -2.4375], "size": [0.04688, 0.79688, 0.04688], "pivot": [2.89376, 3.27613, -2.4375], "rotation": [0, 0, -45], "uv": [5, 22]}
					]
				},
				{
					"name": "WB",
					"parent": "QT",
					"pivot": [-0.12188, 1.65338, -1.44979],
					"cubes": [
						{
							"origin": [-0.12188, 1.41096, -2.34846],
							"size": [0.49688, 0.98438, 1.875],
							"uv": {
								"north": {"uv": [35, 63], "uv_size": [0.5, 1.5]},
								"east": {"uv": [53, 18], "uv_size": [2.5, 1.5]},
								"west": {"uv": [19, 53], "uv_size": [2.5, 1.5]}
							}
						},
						{
							"origin": [-0.12188, 1.27838, -2.21588],
							"size": [0.49688, 0.1875, 0.70313],
							"uv": {
								"east": {"uv": [64, 14], "uv_size": [1, 0.5]},
								"west": {"uv": [64, 15], "uv_size": [1, 0.5]}
							}
						},
						{
							"origin": [-0.12188, 1.27838, -2.40338],
							"size": [0.49688, 0.1875, 0.1875],
							"pivot": [-0.12188, 1.27838, -2.21588],
							"rotation": [-45, 0, 0],
							"uv": {
								"east": {"uv": [1, 65], "uv_size": [0.5, 0.5]},
								"west": {"uv": [2, 65], "uv_size": [0.5, 0.5]}
							}
						}
					]
				},
				{
					"name": "bone3",
					"parent": "WB",
					"pivot": [-0.12188, 2.63775, -1.12167],
					"rotation": [-33, 0, 0]
				},
				{
					"name": "bone2",
					"parent": "bone3",
					"pivot": [0.375, 0.84846, -1.69221],
					"rotation": [180, 0, 0],
					"cubes": [
						{
							"origin": [-0.59063, -0.52199, -3.00123],
							"size": [1.48125, 0.1875, 0.1875],
							"pivot": [-0.12188, -0.2685, -2.77838],
							"rotation": [-45, 0, 0],
							"uv": {
								"east": {"uv": [65, 8], "uv_size": [0.5, 0.5]},
								"west": {"uv": [9, 65], "uv_size": [0.5, 0.5]}
							}
						},
						{
							"origin": [-0.59063, -0.42274, -2.98262],
							"size": [1.48125, 0.1875, 0.70313],
							"uv": {
								"east": {"uv": [64, 20], "uv_size": [1, 0.5]},
								"west": {"uv": [64, 21], "uv_size": [1, 0.5]}
							}
						},
						{
							"origin": [-0.59063, -0.52199, -2.04764],
							"size": [1.48125, 0.1875, 0.1875],
							"pivot": [-0.12188, -0.2685, -1.82479],
							"rotation": [-45, 0, 0],
							"uv": {
								"east": {"uv": [65, 9], "uv_size": [0.5, 0.5]},
								"west": {"uv": [10, 65], "uv_size": [0.5, 0.5]}
							}
						},
						{
							"origin": [-0.59063, -0.42274, -2.31028],
							"size": [1.48125, 0.1875, 0.28125],
							"uv": {
								"east": {"uv": [65, 10], "uv_size": [0.5, 0.5]},
								"west": {"uv": [11, 65], "uv_size": [0.5, 0.5]}
							}
						},
						{
							"origin": [-0.59063, -0.29016, -3.1152],
							"size": [1.48125, 3.79687, 1.21875],
							"uv": {
								"north": {"uv": [0, 39], "uv_size": [2, 5]},
								"east": {"uv": [30, 44], "uv_size": [1.5, 5]},
								"south": {"uv": [2, 39], "uv_size": [2, 5]},
								"west": {"uv": [32, 44], "uv_size": [1.5, 5]},
								"up": {"uv": [55, 30], "uv_size": [2, 1.5]}
							}
						},
						{
							"origin": [-0.6375, 1.06921, -3.3027],
							"size": [1.62188, 1.07813, 1.03125],
							"uv": {
								"north": {"uv": [55, 50], "uv_size": [2, 1.5]},
								"east": {"uv": [57, 31], "uv_size": [1.5, 1.5]},
								"south": {"uv": [55, 52], "uv_size": [2, 1.5]},
								"west": {"uv": [57, 33], "uv_size": [1.5, 1.5]},
								"up": {"uv": [56, 0], "uv_size": [2, 1.5]},
								"down": {"uv": [56, 4.5], "uv_size": [2, -1.5]}
							}
						}
					]
				},
				{
					"name": "bone",
					"parent": "bone3",
					"pivot": [-0.375, -1.12029, -2.77034],
					"cubes": [
						{
							"origin": [-0.59063, -2.64334, -1.38032],
							"size": [1.48125, 0.1875, 0.1875],
							"pivot": [-0.12188, -2.56537, -1.55963],
							"rotation": [-45, 0, 0],
							"uv": {
								"east": {"uv": [65, 6], "uv_size": [0.5, 0.5]},
								"west": {"uv": [7, 65], "uv_size": [0.5, 0.5]},
								"down": {"uv": [62, 22.5], "uv_size": [2, -0.5]}
							}
						},
						{
							"origin": [-0.59063, -2.87987, -1.35539],
							"size": [1.48125, 0.1875, 0.28125],
							"uv": {
								"east": {"uv": [65, 7], "uv_size": [0.5, 0.5]},
								"west": {"uv": [8, 65], "uv_size": [0.5, 0.5]},
								"down": {"uv": [62, 27.5], "uv_size": [2, -0.5]}
							}
						},
						{
							"origin": [-0.59063, -2.64334, -0.42674],
							"size": [1.48125, 0.1875, 0.1875],
							"pivot": [-0.12188, -2.56537, -0.60604],
							"rotation": [-45, 0, 0],
							"uv": {
								"east": {"uv": [65, 5], "uv_size": [0.5, 0.5]},
								"west": {"uv": [6, 65], "uv_size": [0.5, 0.5]}
							}
						},
						{
							"origin": [-0.59063, -2.87987, -1.10493],
							"size": [1.48125, 0.1875, 0.70313],
							"uv": {
								"east": {"uv": [64, 17], "uv_size": [1, 0.5]},
								"west": {"uv": [64, 19], "uv_size": [1, 0.5]},
								"down": {"uv": [58, 1], "uv_size": [2, -1]}
							}
						},
						{
							"origin": [-0.59063, -2.74729, -1.48797],
							"size": [1.48125, 0.98438, 1.21875],
							"uv": {
								"north": {"uv": [9, 55], "uv_size": [2, 1.5]},
								"east": {"uv": [57, 27], "uv_size": [1.5, 1.5]},
								"south": {"uv": [15, 55], "uv_size": [2, 1.5]},
								"west": {"uv": [57, 29], "uv_size": [1.5, 1.5]},
								"up": {"uv": [19, 55], "uv_size": [2, 1.5]}
							}
						}
					]
				},
				{
					"name": "HGB",
					"parent": "QT",
					"pivot": [1.79596, 10.11029, -1.125],
					"cubes": [
						{
							"origin": [-1.65533, 7.53217, -0.1875],
							"size": [0.46875, 1.45313, 4.21875],
							"uv": {
								"north": {"uv": [43, 62], "uv_size": [0.5, 2]},
								"east": {"uv": [36, 14], "uv_size": [5.5, 2]},
								"south": {"uv": [44, 62], "uv_size": [0.5, 2]},
								"down": {"uv": [45, 61.5], "uv_size": [0.5, -5.5]}
							}
						},
						{
							"origin": [-0.08238, 9.03274, -0.1875],
							"size": [0.60938, 0.75, 4.21875],
							"pivot": [-0.92613, 10.90774, -1.125],
							"rotation": [0, 0, 45],
							"uv": {
								"north": {"uv": [41, 62], "uv_size": [1, 1]},
								"east": {"uv": [47, 16], "uv_size": [5.5, 1]},
								"south": {"uv": [62, 41], "uv_size": [1, 1]}
							}
						},
						{
							"origin": [-1.125, 8.95313, -0.1875],
							"size": [2.53125, 0.5625, 4.21875],
							"uv": {
								"north": {"uv": [53, 2], "uv_size": [3.5, 1]},
								"south": {"uv": [53, 27], "uv_size": [3.5, 1]},
								"up": {"uv": [18, 21], "uv_size": [3.5, 5.5]}
							}
						},
						{
							"origin": [0.42699, 7.40861, -0.1875],
							"size": [0.60938, 0.75, 4.21875],
							"pivot": [-0.41676, 9.28361, -1.125],
							"rotation": [0, 0, -45],
							"uv": {
								"north": {"uv": [18, 62], "uv_size": [1, 1]},
								"south": {"uv": [62, 40], "uv_size": [1, 1]},
								"west": {"uv": [47, 2], "uv_size": [5.5, 1]}
							}
						},
						{
							"origin": [1.46783, 7.53217, -0.1875],
							"size": [0.46875, 1.45313, 4.21875],
							"uv": {
								"north": {"uv": [42, 62], "uv_size": [0.5, 2]},
								"south": {"uv": [62, 42], "uv_size": [0.5, 2]},
								"west": {"uv": [5, 36], "uv_size": [5.5, 2]},
								"down": {"uv": [30, 61.5], "uv_size": [0.5, -5.5]}
							}
						},
						{
							"origin": [-1.39154, 6.96967, -2.4375],
							"size": [3.09375, 0.04688, 9.14063],
							"uv": {
								"north": {"uv": [77, 28], "uv_size": [4, 1]},
								"east": {"uv": [65, 28], "uv_size": [12, -1.5]},
								"south": {"uv": [93, 28], "uv_size": [4, 0]},
								"west": {"uv": [67, 27], "uv_size": [14, -1]},
								"up": {"uv": [73, 17], "uv_size": [4, 12]},
								"down": {"uv": [77.5, 26], "uv_size": [4, -9.5]}
							}
						}
					]
				},
				{
					"name": "DRQ",
					"parent": "QT",
					"pivot": [2.45951, 5.24153, -2.85937],
					"cubes": [
						{
							"origin": [2.39062, 5.73914, -1.36711],
							"size": [5.74687, 0.75, 0.75],
							"pivot": [2.39062, 5.73914, -1.36711],
							"rotation": [0, -90, 45],
							"uv": {
								"north": {"uv": [44, 3], "uv_size": [7.5, 1]},
								"east": {"uv": [52, 62], "uv_size": [1, 1]},
								"south": {"uv": [44, 6], "uv_size": [7.5, 1]},
								"west": {"uv": [62, 52], "uv_size": [1, 1]},
								"up": {"uv": [44, 7], "uv_size": [7.5, 1]},
								"down": {"uv": [44, 9], "uv_size": [7.5, -1]}
							}
						},
						{
							"origin": [1.39148, 5.87019, 3.23438],
							"size": [1.26562, 1.17188, 0.75],
							"pivot": [1.90711, 6.19832, 1.35938],
							"rotation": [0, 0, -30],
							"uv": {
								"north": {"uv": [35, 57], "uv_size": [1.5, 1.5]},
								"east": {"uv": [60, 33], "uv_size": [1, 1.5]},
								"south": {"uv": [57, 35], "uv_size": [1.5, 1.5]},
								"west": {"uv": [34, 60], "uv_size": [1, 1.5]},
								"up": {"uv": [60, 25], "uv_size": [1.5, 1]},
								"down": {"uv": [60, 36], "uv_size": [1.5, -1]}
							}
						},
						{
							"origin": [2.31092, 5.87479, 3.23438],
							"size": [0.70313, 1.125, 0.75],
							"pivot": [2.31092, 6.39041, 1.35938],
							"rotation": [0, 0, -60],
							"uv": {
								"north": {"uv": [60, 29], "uv_size": [1, 1.5]},
								"east": {"uv": [60, 31], "uv_size": [1, 1.5]},
								"south": {"uv": [32, 60], "uv_size": [1, 1.5]},
								"west": {"uv": [33, 60], "uv_size": [1, 1.5]},
								"up": {"uv": [62, 47], "uv_size": [1, 1]},
								"down": {"uv": [48, 63], "uv_size": [1, -1]}
							}
						},
						{
							"origin": [1.42826, 5.24153, 3.23438],
							"size": [1.78125, 0.84375, 0.75],
							"pivot": [2.45951, 5.24153, 1.35938],
							"rotation": [0, 0, -30],
							"uv": {
								"north": {"uv": [55, 56], "uv_size": [2.5, 1]},
								"east": {"uv": [62, 45], "uv_size": [1, 1]},
								"south": {"uv": [56, 55], "uv_size": [2.5, 1]},
								"west": {"uv": [46, 62], "uv_size": [1, 1]},
								"up": {"uv": [0, 57], "uv_size": [2.5, 1]},
								"down": {"uv": [57, 3], "uv_size": [2.5, -1]}
							}
						},
						{
							"origin": [2.35903, 5.61653, 3.23438],
							"size": [0.75, 1.125, 0.75],
							"uv": {
								"north": {"uv": [27, 60], "uv_size": [1, 1.5]},
								"east": {"uv": [60, 27], "uv_size": [1, 1.5]},
								"south": {"uv": [28, 60], "uv_size": [1, 1.5]},
								"west": {"uv": [29, 60], "uv_size": [1, 1.5]},
								"up": {"uv": [62, 46], "uv_size": [1, 1]},
								"down": {"uv": [47, 63], "uv_size": [1, -1]}
							}
						},
						{
							"origin": [1.67273, 4.49153, -0.23437],
							"size": [0.70313, 1.59375, 3.46875],
							"pivot": [1.67273, 5.00715, 0.60938],
							"rotation": [0, 0, -60],
							"uv": {
								"north": {"uv": [11, 58], "uv_size": [1, 2]},
								"east": {"uv": [40, 23], "uv_size": [4.5, 2]},
								"south": {"uv": [14, 58], "uv_size": [1, 2]},
								"up": {"uv": [45, 51], "uv_size": [1, 4.5]},
								"down": {"uv": [51, 54.5], "uv_size": [1, -4.5]}
							}
						},
						{
							"origin": [2.03763, 5.05403, -0.23437],
							"size": [1.35938, 0.84375, 3.46875],
							"pivot": [2.64701, 5.05403, 0.60938],
							"rotation": [0, 0, -30],
							"uv": {
								"north": {"uv": [58, 8], "uv_size": [2, 1]},
								"south": {"uv": [58, 11], "uv_size": [2, 1]},
								"west": {"uv": [51, 49], "uv_size": [4.5, 1]},
								"up": {"uv": [40, 18], "uv_size": [2, 4.5]},
								"down": {"uv": [23, 44.5], "uv_size": [2, -4.5]}
							}
						},
						{
							"origin": [2.54653, 5.42903, -0.23437],
							"size": [0.75, 1.5, 3.46875],
							"uv": {
								"north": {"uv": [2, 58], "uv_size": [1, 2]},
								"south": {"uv": [7, 58], "uv_size": [1, 2]},
								"west": {"uv": [40, 10], "uv_size": [4.5, 2]},
								"up": {"uv": [16, 50], "uv_size": [1, 4.5]},
								"down": {"uv": [28, 54.5], "uv_size": [1, -4.5]}
							}
						},
						{
							"origin": [1.89163, 6.503, -0.23437],
							"size": [0.75, 0.84375, 3.46875],
							"pivot": [1.89163, 6.503, 0.60938],
							"rotation": [0, 0, -30],
							"uv": {
								"north": {"uv": [62, 44], "uv_size": [1, 1]},
								"east": {"uv": [51, 46], "uv_size": [4.5, 1]},
								"south": {"uv": [45, 62], "uv_size": [1, 1]},
								"west": {"uv": [51, 47], "uv_size": [4.5, 1]},
								"down": {"uv": [22, 53.5], "uv_size": [1, -4.5]}
							}
						},
						{
							"origin": [2.49842, 6.06229, -0.23437],
							"size": [0.70313, 1.35938, 3.46875],
							"pivot": [2.49842, 6.57791, 0.60938],
							"rotation": [0, 0, -60],
							"uv": {
								"north": {"uv": [41, 57], "uv_size": [1, 2]},
								"south": {"uv": [48, 57], "uv_size": [1, 2]},
								"west": {"uv": [39, 8], "uv_size": [4.5, 2]},
								"up": {"uv": [46, 49], "uv_size": [1, 4.5]},
								"down": {"uv": [15, 54.5], "uv_size": [1, -4.5]}
							}
						},
						{
							"origin": [2.31092, 5.87479, -0.98437],
							"size": [0.70313, 1.125, 0.75],
							"pivot": [2.31092, 6.39041, -2.85937],
							"rotation": [0, 0, -60],
							"uv": {
								"north": {"uv": [46, 60], "uv_size": [1, 1.5]},
								"east": {"uv": [60, 46], "uv_size": [1, 1.5]},
								"south": {"uv": [47, 60], "uv_size": [1, 1.5]},
								"west": {"uv": [50, 60], "uv_size": [1, 1.5]},
								"up": {"uv": [51, 62], "uv_size": [1, 1]},
								"down": {"uv": [62, 52], "uv_size": [1, -1]}
							}
						},
						{
							"origin": [1.39148, 5.87019, -0.98437],
							"size": [1.26562, 1.17188, 0.75],
							"pivot": [1.90711, 6.19832, -2.85937],
							"rotation": [0, 0, -30],
							"uv": {
								"north": {"uv": [37, 57], "uv_size": [1.5, 1.5]},
								"east": {"uv": [60, 43], "uv_size": [1, 1.5]},
								"south": {"uv": [57, 37], "uv_size": [1.5, 1.5]},
								"west": {"uv": [44, 60], "uv_size": [1, 1.5]},
								"up": {"uv": [60, 38], "uv_size": [1.5, 1]},
								"down": {"uv": [60, 46], "uv_size": [1.5, -1]}
							}
						},
						{
							"origin": [2.35903, 5.61653, -0.98437],
							"size": [0.75, 1.125, 0.75],
							"uv": {
								"north": {"uv": [60, 36], "uv_size": [1, 1.5]},
								"east": {"uv": [60, 41], "uv_size": [1, 1.5]},
								"south": {"uv": [42, 60], "uv_size": [1, 1.5]},
								"west": {"uv": [43, 60], "uv_size": [1, 1.5]},
								"up": {"uv": [50, 62], "uv_size": [1, 1]},
								"down": {"uv": [62, 51], "uv_size": [1, -1]}
							}
						},
						{
							"origin": [1.42826, 5.24153, -0.98437],
							"size": [1.78125, 0.84375, 0.75],
							"pivot": [2.45951, 5.24153, -2.85937],
							"rotation": [0, 0, -30],
							"uv": {
								"north": {"uv": [57, 12], "uv_size": [2.5, 1]},
								"east": {"uv": [49, 62], "uv_size": [1, 1]},
								"south": {"uv": [57, 13], "uv_size": [2.5, 1]},
								"west": {"uv": [62, 49], "uv_size": [1, 1]},
								"up": {"uv": [57, 14], "uv_size": [2.5, 1]},
								"down": {"uv": [57, 16], "uv_size": [2.5, -1]}
							}
						}
					]
				},
				{
					"name": "fg_illuminated",
					"parent": "QT",
					"pivot": [2.56997, 6.12587, 0.60938],
					"cubes": [
						{
							"origin": [2.56997, 6.17275, 0.375],
							"size": [0.75, 0.79688, 2.20313],
							"uv": {
								"north": {"uv": [55, 62], "uv_size": [1, 1]},
								"east": {"uv": [56, 10], "uv_size": [3, 1]},
								"south": {"uv": [56, 62], "uv_size": [1, 1]},
								"west": {"uv": [35, 56], "uv_size": [3, 1]},
								"up": {"uv": [21, 55], "uv_size": [1, 3]},
								"down": {"uv": [28, 58], "uv_size": [1, -3]}
							}
						},
						{
							"origin": [2.49842, 6.06229, 0.375],
							"size": [0.75, 0.51563, 2.20313],
							"pivot": [2.49842, 6.57791, 0.60938],
							"rotation": [0, 0, -60],
							"uv": {
								"north": {"uv": [64, 24], "uv_size": [1, 0.5]},
								"east": {"uv": [60, 48], "uv_size": [3, 0.5]},
								"south": {"uv": [64, 25], "uv_size": [1, 0.5]},
								"west": {"uv": [60, 56], "uv_size": [3, 0.5]},
								"up": {"uv": [41, 54], "uv_size": [1, 3]},
								"down": {"uv": [11, 58], "uv_size": [1, -3]}
							}
						},
						{
							"origin": [-0.70312, 6.34121, 12.38674],
							"size": [1.73438, 2.76563, 0.28125],
							"pivot": [1.21875, 7.09121, 12.33986],
							"rotation": [35, 0, 0],
							"uv": {
								"north": {"uv": [31, 40], "uv_size": [2.5, 3.5]},
								"east": {"uv": [15, 59], "uv_size": [0.5, 3.5]},
								"south": {"uv": [5, 41], "uv_size": [2.5, 3.5]},
								"west": {"uv": [16, 59], "uv_size": [0.5, 3.5]},
								"up": {"uv": [61, 23], "uv_size": [2.5, 0.5]},
								"down": {"uv": [61, 24.5], "uv_size": [2.5, -0.5]}
							}
						},
						{
							"origin": [-0.68325, 8.80099, 12.69454],
							"size": [1.71875, 0.28125, 0.04688],
							"pivot": [0.26988, 7.01974, 12.36642],
							"rotation": [35, 0, 0],
							"uv": {
								"north": {"uv": [64, 28], "uv_size": [1, 0.5]},
								"south": {"uv": [52.5, 46], "uv_size": [1, 0.5]},
								"up": {"uv": [30, 64], "uv_size": [1, 0.5]},
								"down": {"uv": [31, 64.5], "uv_size": [1, -0.5]}
							}
						},
						{
							"origin": [-0.68325, 7.11349, 13.86642],
							"size": [1.71875, 0.28125, 0.04688],
							"pivot": [0.26988, 5.33224, 13.53829],
							"rotation": [35, 0, 0],
							"uv": {
								"north": {"uv": [64, 28], "uv_size": [1, 0.5]},
								"south": {"uv": [52.5, 46], "uv_size": [1, 0.5]},
								"up": {"uv": [30, 64], "uv_size": [1, 0.5]},
								"down": {"uv": [31, 64.5], "uv_size": [1, -0.5]}
							}
						},
						{
							"origin": [0.14867, 9.20862, -2.14451],
							"size": [0.04688, 0.5625, 0.42188],
							"uv": {
								"north": {"uv": [46, 64], "uv_size": [0.5, 1]},
								"east": {"uv": [47, 64], "uv_size": [0.5, 1]},
								"south": {"uv": [48, 64], "uv_size": [0.5, 1]},
								"west": {"uv": [49, 64], "uv_size": [0.5, 1]},
								"up": {"uv": [65, 45], "uv_size": [0.5, 0.5]}
							}
						}
					]
				},
				{
					"name": "QK",
					"parent": "QT",
					"pivot": [1.92344, 6.33978, -2.85937],
					"cubes": [
						{
							"origin": [-1.64691, 6.53906, -3.28125],
							"size": [0.46875, 1.125, 0.65625],
							"pivot": [-0.33441, 6.39844, -2.85937],
							"rotation": [0, 0, 60],
							"uv": {
								"north": {"uv": [63, 3], "uv_size": [0.5, 1.5]},
								"east": {"uv": [37, 59], "uv_size": [1, 1.5]},
								"south": {"uv": [4, 63], "uv_size": [0.5, 1.5]},
								"west": {"uv": [38, 59], "uv_size": [1, 1.5]},
								"up": {"uv": [41, 63], "uv_size": [0.5, 1]},
								"down": {"uv": [63, 60], "uv_size": [0.5, -1]}
							}
						},
						{
							"origin": [0.35144, 8.42987, -3.28125],
							"size": [0.46875, 1.125, 0.65625],
							"pivot": [1.66394, 8.24237, -2.85937],
							"rotation": [0, 0, -60],
							"uv": {
								"north": {"uv": [5, 63], "uv_size": [0.5, 1.5]},
								"east": {"uv": [39, 59], "uv_size": [1, 1.5]},
								"south": {"uv": [6, 63], "uv_size": [0.5, 1.5]},
								"west": {"uv": [40, 59], "uv_size": [1, 1.5]},
								"up": {"uv": [63, 60], "uv_size": [0.5, 1]},
								"down": {"uv": [61, 64], "uv_size": [0.5, -1]}
							}
						},
						{
							"origin": [-0.86887, 6.48041, -2.85937],
							"size": [0.46875, 1.125, 0.23438],
							"uv": {
								"north": {"uv": [7, 63], "uv_size": [0.5, 1.5]},
								"west": {"uv": [10, 63], "uv_size": [0.5, 1.5]},
								"up": {"uv": [59, 64], "uv_size": [0.5, 0.5]},
								"down": {"uv": [64, 59.5], "uv_size": [0.5, -0.5]}
							}
						},
						{
							"origin": [-0.38846, 7.14832, -3.28125],
							"size": [0.46875, 1.125, 0.65625],
							"pivot": [0.92404, 6.96082, -2.85937],
							"rotation": [0, 0, -60],
							"uv": {
								"north": {"uv": [19, 63], "uv_size": [0.5, 1.5]},
								"east": {"uv": [59, 43], "uv_size": [1, 1.5]},
								"south": {"uv": [20, 63], "uv_size": [0.5, 1.5]},
								"west": {"uv": [59, 45], "uv_size": [1, 1.5]},
								"up": {"uv": [63, 63], "uv_size": [0.5, 1]},
								"down": {"uv": [0, 65], "uv_size": [0.5, -1]}
							}
						},
						{
							"origin": [-0.907, 5.25751, -3.28125],
							"size": [0.46875, 1.125, 0.65625],
							"pivot": [0.4055, 5.11689, -2.85937],
							"rotation": [0, 0, 60],
							"uv": {
								"north": {"uv": [63, 16], "uv_size": [0.5, 1.5]},
								"east": {"uv": [41, 59], "uv_size": [1, 1.5]},
								"south": {"uv": [18, 63], "uv_size": [0.5, 1.5]},
								"west": {"uv": [59, 41], "uv_size": [1, 1.5]},
								"up": {"uv": [63, 61], "uv_size": [0.5, 1]},
								"down": {"uv": [62, 64], "uv_size": [0.5, -1]}
							}
						},
						{
							"origin": [0.61094, 6.48041, -2.85937],
							"size": [0.46875, 1.125, 0.23438],
							"uv": {
								"north": {"uv": [63, 10], "uv_size": [0.5, 1.5]},
								"east": {"uv": [63, 12], "uv_size": [0.5, 1.5]},
								"up": {"uv": [60, 64], "uv_size": [0.5, 0.5]},
								"down": {"uv": [64, 60.5], "uv_size": [0.5, -0.5]}
							}
						}
					]
				},
				{
					"name": "magazine",
					"parent": "stubby",
					"pivot": [-0.375, 2.625, 10.3125]
				},
				{
					"name": "mag_standard",
					"parent": "magazine",
					"pivot": [-0.375, 2.76563, 2.57813],
					"cubes": [
						{
							"origin": [-0.54375, -4.68279, 0.97966],
							"size": [1.29375, 6.5625, 0.89063],
							"pivot": [-0.375, -1.07341, -0.66096],
							"rotation": [-10, 0, 0],
							"uv": {
								"east": {"uv": [4, 39], "uv_size": [1, 9]},
								"south": {"uv": [31, 28], "uv_size": [1.5, 9]},
								"west": {"uv": [37, 39], "uv_size": [1, 9]},
								"up": {"uv": [60, 14], "uv_size": [1.5, 1]}
							}
						},
						{
							"origin": [-0.73125, -4.68279, 0.08904],
							"size": [1.66875, 6.5625, 0.9375],
							"pivot": [-0.375, -1.07341, -0.66096],
							"rotation": [-10, 0, 0],
							"uv": {
								"north": {"uv": [26, 4], "uv_size": [2, 9]},
								"east": {"uv": [13, 33], "uv_size": [1.5, 9]},
								"south": {"uv": [26, 18], "uv_size": [2, 9]},
								"west": {"uv": [15, 33], "uv_size": [1.5, 9]},
								"up": {"uv": [55, 37], "uv_size": [2, 1.5]},
								"down": {"uv": [55, 40.5], "uv_size": [2, -1.5]}
							}
						},
						{
							"origin": [-0.73125, -5.19841, 1.82341],
							"size": [1.66875, 6.60938, 1.54688],
							"pivot": [-0.375, -1.58904, 1.91716],
							"rotation": [-10, 0, 0],
							"uv": {
								"north": {"uv": [5, 27], "uv_size": [2, 9]},
								"east": {"uv": [7, 27], "uv_size": [2, 9]},
								"south": {"uv": [9, 27], "uv_size": [2, 9]},
								"west": {"uv": [11, 27], "uv_size": [2, 9]},
								"up": {"uv": [52, 12], "uv_size": [2, 2]},
								"down": {"uv": [23, 54], "uv_size": [2, -2]}
							}
						},
						{
							"origin": [-1.10625, -6.18279, -0.42659],
							"size": [2.37188, 1.125, 4.875],
							"pivot": [-0.375, 0.47346, 2.24529],
							"rotation": [-10, 0, 0],
							"uv": {
								"north": {"uv": [42, 51], "uv_size": [3, 1.5]},
								"east": {"uv": [37, 26], "uv_size": [6.5, 1.5]},
								"south": {"uv": [51, 44], "uv_size": [3, 1.5]},
								"west": {"uv": [39, 4], "uv_size": [6.5, 1.5]},
								"up": {"uv": [18, 14], "uv_size": [3, 6.5]},
								"down": {"uv": [21, 20.5], "uv_size": [3, -6.5]}
							}
						}
					]
				},
				{
					"name": "mag_extended_1",
					"parent": "magazine",
					"pivot": [-0.375, 1.76563, 2.39063],
					"cubes": [
						{
							"origin": [-0.54375, -5.68279, 0.79216],
							"size": [1.29375, 7.5625, 0.89063],
							"pivot": [-0.375, -2.07341, -0.84846],
							"rotation": [-10, 0, 0],
							"uv": {
								"east": {"uv": [4, 39], "uv_size": [1, 9]},
								"south": {"uv": [31, 28], "uv_size": [1.5, 9]},
								"west": {"uv": [37, 39], "uv_size": [1, 9]},
								"up": {"uv": [60, 14], "uv_size": [1.5, 1]}
							}
						},
						{
							"origin": [-0.73125, -5.68279, -0.09846],
							"size": [1.66875, 7.5625, 0.9375],
							"pivot": [-0.375, -2.07341, -0.84846],
							"rotation": [-10, 0, 0],
							"uv": {
								"north": {"uv": [26, 4], "uv_size": [2, 9]},
								"east": {"uv": [13, 33], "uv_size": [1.5, 9]},
								"south": {"uv": [26, 18], "uv_size": [2, 9]},
								"west": {"uv": [15, 33], "uv_size": [1.5, 9]},
								"up": {"uv": [55, 37], "uv_size": [2, 1.5]},
								"down": {"uv": [55, 40.5], "uv_size": [2, -1.5]}
							}
						},
						{
							"origin": [-0.73125, -6.19841, 1.63591],
							"size": [1.66875, 7.60938, 1.54688],
							"pivot": [-0.375, -2.58904, 1.72966],
							"rotation": [-10, 0, 0],
							"uv": {
								"north": {"uv": [5, 27], "uv_size": [2, 9]},
								"east": {"uv": [7, 27], "uv_size": [2, 9]},
								"south": {"uv": [9, 27], "uv_size": [2, 9]},
								"west": {"uv": [11, 27], "uv_size": [2, 9]},
								"up": {"uv": [52, 12], "uv_size": [2, 2]},
								"down": {"uv": [23, 54], "uv_size": [2, -2]}
							}
						},
						{
							"origin": [-1.10625, -7.18279, -0.61409],
							"size": [2.37188, 1.125, 4.875],
							"pivot": [-0.375, -0.52654, 2.05779],
							"rotation": [-10, 0, 0],
							"uv": {
								"north": {"uv": [42, 51], "uv_size": [3, 1.5]},
								"east": {"uv": [37, 26], "uv_size": [6.5, 1.5]},
								"south": {"uv": [51, 44], "uv_size": [3, 1.5]},
								"west": {"uv": [39, 4], "uv_size": [6.5, 1.5]},
								"up": {"uv": [18, 14], "uv_size": [3, 6.5]},
								"down": {"uv": [21, 20.5], "uv_size": [3, -6.5]}
							}
						}
					]
				},
				{
					"name": "mag_extended_2",
					"parent": "magazine",
					"pivot": [-0.375, 0.76563, 2.20313],
					"cubes": [
						{
							"origin": [-0.54375, -6.68279, 0.60466],
							"size": [1.29375, 8.5625, 0.89063],
							"pivot": [-0.375, -3.07341, -1.03596],
							"rotation": [-10, 0, 0],
							"uv": {
								"east": {"uv": [4, 39], "uv_size": [1, 9]},
								"south": {"uv": [31, 28], "uv_size": [1.5, 9]},
								"west": {"uv": [37, 39], "uv_size": [1, 9]},
								"up": {"uv": [60, 14], "uv_size": [1.5, 1]}
							}
						},
						{
							"origin": [-0.73125, -6.68279, -0.28596],
							"size": [1.66875, 8.5625, 0.9375],
							"pivot": [-0.375, -3.07341, -1.03596],
							"rotation": [-10, 0, 0],
							"uv": {
								"north": {"uv": [26, 4], "uv_size": [2, 9]},
								"east": {"uv": [13, 33], "uv_size": [1.5, 9]},
								"south": {"uv": [26, 18], "uv_size": [2, 9]},
								"west": {"uv": [15, 33], "uv_size": [1.5, 9]},
								"up": {"uv": [55, 37], "uv_size": [2, 1.5]},
								"down": {"uv": [55, 40.5], "uv_size": [2, -1.5]}
							}
						},
						{
							"origin": [-0.73125, -7.19841, 1.44841],
							"size": [1.66875, 8.60938, 1.54688],
							"pivot": [-0.375, -3.58904, 1.54216],
							"rotation": [-10, 0, 0],
							"uv": {
								"north": {"uv": [5, 27], "uv_size": [2, 9]},
								"east": {"uv": [7, 27], "uv_size": [2, 9]},
								"south": {"uv": [9, 27], "uv_size": [2, 9]},
								"west": {"uv": [11, 27], "uv_size": [2, 9]},
								"up": {"uv": [52, 12], "uv_size": [2, 2]},
								"down": {"uv": [23, 54], "uv_size": [2, -2]}
							}
						},
						{
							"origin": [-1.10625, -8.18279, -0.80159],
							"size": [2.37188, 1.125, 4.875],
							"pivot": [-0.375, -1.52654, 1.87029],
							"rotation": [-10, 0, 0],
							"uv": {
								"north": {"uv": [42, 51], "uv_size": [3, 1.5]},
								"east": {"uv": [37, 26], "uv_size": [6.5, 1.5]},
								"south": {"uv": [51, 44], "uv_size": [3, 1.5]},
								"west": {"uv": [39, 4], "uv_size": [6.5, 1.5]},
								"up": {"uv": [18, 14], "uv_size": [3, 6.5]},
								"down": {"uv": [21, 20.5], "uv_size": [3, -6.5]}
							}
						}
					]
				},
				{
					"name": "mag_extended_3",
					"parent": "magazine",
					"pivot": [-0.375, -0.23437, 2.01563],
					"cubes": [
						{
							"origin": [-0.54375, -7.68279, 0.41716],
							"size": [1.29375, 9.5625, 0.89063],
							"pivot": [-0.375, -4.07341, -1.22346],
							"rotation": [-10, 0, 0],
							"uv": {
								"east": {"uv": [4, 39], "uv_size": [1, 9]},
								"south": {"uv": [31, 28], "uv_size": [1.5, 9]},
								"west": {"uv": [37, 39], "uv_size": [1, 9]},
								"up": {"uv": [60, 14], "uv_size": [1.5, 1]}
							}
						},
						{
							"origin": [-0.73125, -7.68279, -0.47346],
							"size": [1.66875, 9.5625, 0.9375],
							"pivot": [-0.375, -4.07341, -1.22346],
							"rotation": [-10, 0, 0],
							"uv": {
								"north": {"uv": [26, 4], "uv_size": [2, 9]},
								"east": {"uv": [13, 33], "uv_size": [1.5, 9]},
								"south": {"uv": [26, 18], "uv_size": [2, 9]},
								"west": {"uv": [15, 33], "uv_size": [1.5, 9]},
								"up": {"uv": [55, 37], "uv_size": [2, 1.5]},
								"down": {"uv": [55, 40.5], "uv_size": [2, -1.5]}
							}
						},
						{
							"origin": [-0.73125, -8.19841, 1.26091],
							"size": [1.66875, 9.60938, 1.54688],
							"pivot": [-0.375, -4.58904, 1.35466],
							"rotation": [-10, 0, 0],
							"uv": {
								"north": {"uv": [5, 27], "uv_size": [2, 9]},
								"east": {"uv": [7, 27], "uv_size": [2, 9]},
								"south": {"uv": [9, 27], "uv_size": [2, 9]},
								"west": {"uv": [11, 27], "uv_size": [2, 9]},
								"up": {"uv": [52, 12], "uv_size": [2, 2]},
								"down": {"uv": [23, 54], "uv_size": [2, -2]}
							}
						},
						{
							"origin": [-1.10625, -9.18279, -0.98909],
							"size": [2.37188, 1.125, 4.875],
							"pivot": [-0.375, -2.52654, 1.68279],
							"rotation": [-10, 0, 0],
							"uv": {
								"north": {"uv": [42, 51], "uv_size": [3, 1.5]},
								"east": {"uv": [37, 26], "uv_size": [6.5, 1.5]},
								"south": {"uv": [51, 44], "uv_size": [3, 1.5]},
								"west": {"uv": [39, 4], "uv_size": [6.5, 1.5]},
								"up": {"uv": [18, 14], "uv_size": [3, 6.5]},
								"down": {"uv": [21, 20.5], "uv_size": [3, -6.5]}
							}
						}
					]
				},
				{
					"name": "shell",
					"parent": "stubby",
					"pivot": [-2.76562, 6.23438, 3.9375]
				},
				{
					"name": "ammo_count_text_pos",
					"parent": "stubby",
					"pivot": [0.14063, 8.125, 12.07813],
					"rotation": [35, 0, 0]
				},
				{
					"name": "ammo_count_text_pos2",
					"parent": "stubby",
					"pivot": [0.14063, 7.5512, 12.47978],
					"rotation": [35, 0, 0]
				},
				{
					"name": "muzzle_flash",
					"parent": "stubby",
					"pivot": [0.375, 6.9375, -3.32812]
				},
				{
					"name": "constraint",
					"parent": "stubby",
					"pivot": [0.1875, 9.625, -1.9375]
				},
				{
					"name": "refit_extended_mag_view",
					"parent": "stubby",
					"pivot": [18.69919, -2.33142, -3.98614],
					"rotation": [180, 77.5, -170]
				},
				{
					"name": "refit_muzzle_view",
					"parent": "stubby",
					"pivot": [10.625, 5.625, -2.6875],
					"rotation": [0, 90, 0]
				},
				{
					"name": "scope_pos",
					"parent": "stubby",
					"pivot": [0.125, 9.5, 15.4375]
				},
				{
					"name": "refit_scope_view",
					"parent": "root",
					"pivot": [8, 9, -1],
					"rotation": [0, 90, 0]
				},
				{
					"name": "positioning",
					"pivot": [0, 0, 0]
				},
				{
					"name": "fixed",
					"parent": "positioning",
					"pivot": [2.3125, 7, 3.25],
					"rotation": [0, 90, 0]
				},
				{
					"name": "ground",
					"parent": "positioning",
					"pivot": [0.0625, 0.625, 0]
				},
				{
					"name": "thirdperson_hand",
					"parent": "positioning",
					"pivot": [-0.5625, 2, 9.3125],
					"rotation": [0, -15, 0]
				},
				{
					"name": "refit_view",
					"parent": "positioning",
					"pivot": [26.3125, 6.375, 4.1875],
					"rotation": [0, 90, 0]
				},
				{
					"name": "camera",
					"pivot": [0, 0, 0]
				},
				{
					"name": "idle_view",
					"parent": "camera",
					"pivot": [10.125, 14.625, 25.75]
				},
				{
					"name": "iron_view",
					"parent": "camera",
					"pivot": [0.125, 9.5, 15.4375]
				}
			]
		}
	]
}