{
  "__comment__": "This file was automatically created by mcresources",
  "name": "远古祭坛",
  "category": "tfc:beneath",
  "icon": "beneath:lost_page",
  "pages": [
    {
      "type": "patchouli:text",
      "text": "当身处下界时，你将能够进行更多的$(thing)牺牲仪式$()。这些仪式要求你获得$(thing)失落残页$()，一些留存于现实的禁忌知识残片。它们会在$(thing)下界要塞$()，$(thing)废弃传送门$()，以及$(thing)堡垒遗迹$()中生成。"
    },
    {
      "type": "patchouli:crafting",
      "recipe": "beneath:crafting/ancient_altar",
      "text": "$(thing)远古祭坛$()最多可以容纳和展示一组物品。$(item)$(k:key.use)$()来为祭坛增加或交换物品。"
    },
    {
      "type": "patchouli:text",
      "text": "如果你的$(thing)黑石$()不够，使用$(thing)烟灰$()和普通圆石就可将其做成。"
    },
    {
      "type": "patchouli:crafting",
      "recipe": "beneath:crafting/blackstone_from_soot",
      "recipe2": "beneath:crafting/blackstone_bricks_from_soot"
    },
    {
      "type": "patchouli:text",
      "text": "大部分牺牲仪式都需要任意类型的$(thing)切制宝石$()，宝石会在仪式完成后被消耗。最常见的牺牲仪式是阅读失落残页中的内容。要进行这项仪式，需要把空白的失落残页放在祭坛上并手持宝石对其$(item)$(k:key.use)$()。要阅读已有内容的失落残页，手持它并按下$(item)$(k:key.use)$()。"
    },
    {
      "type": "patchouli:text",
      "text": "失落残页有以下几项内容：$(thing)成本$()，$(thing)奖励$()，以及$(thing)惩罚$()。当你激活失落残页时，系统会随机地从几种预设好的内容中抽取一种作其内容。不过，就算内容是完全相同的两张残页，其在具体数值上也会有所不同。"
    },
    {
      "type": "patchouli:text",
      "text": "牺牲仪式的$(thing)成本$()是其中的一个内容，带有一个具体数量。你需要将其所要求的内容放置在与放置失落残页的祭坛周围五格之内的，且高度相同的其他祭坛上。超过成本要求数量的物品同样会被消耗，因此你需要精确地放置。"
    },
    {
      "type": "patchouli:text",
      "text": "牺牲仪式的$(thing)奖励$()需要你满足了成本要求的情况下$(item)$(k:key.use)$()放置有失落残页的祭坛。奖励会以掉落物的形式从祭坛的上方掉出。如果仪式在主世界进行，奖励将会$(thing)减半$()。"
    },
    {
      "type": "patchouli:text",
      "text": "牺牲仪式的$(thing)惩罚$()涵盖了从没有惩罚，到一些额外的物品，再到一些危险怪物的袭击。惩罚的内容总是可以事先知道的，毕竟它总是写在纸上了。有关于惩罚的详细清单是不存在的，因此请自由探索（不过，如果你知道去哪里查的话，要弄清楚也不难）。"
    },
    {
      "type": "patchouli:text",
      "text": "为便于阅读，$(l:beneath/list_of_sacrifices)牺牲仪式清单$()中记录了具体内容。"
    }
  ],
  "read_by_default": true
}