{
  "__comment__": "This file was automatically created by mcresources",
  "name": "群峦之下",
  "category": "tfc:beneath",
  "icon": "beneath:warped_thatch",
  "pages": [
    {
      "type": "patchouli:text",
      "text": "长年以来，你所认知的世界只是宁静的主世界。诚然，这个世界并不简单，但在这个世界中只有照常升起的朝阳和肆意歌唱的鸟儿，一点$(thing)魔法与奇幻$()的要素都不存在。总有一天，你会觉得这个世界远远不够，你渴望一个被诅咒的世界。这个世界中有奇形怪状的生物、超乎想象的危险和不可预测的财富等待着你来开发。这个世界，现在就匍匐在你的脚下。"
    },
    {
      "type": "patchouli:text",
      "text": "群峦的下界与你熟悉的原版下界很像，但更具有群峦传说的风格。那里生长着树木，你会在地面上发现可供做成工具的石子。有些内容被删除，有些被替换，更多的内容是新添加的。但在这个充满不确定的世界中有一件事是确定的：要想生存下去，你必须更加拼命。"
    }
  ],
  "read_by_default": true
}