{
  "__comment__": "This file was automatically created by mcresources",
  "name": "饱嗝花",
  "category": "tfc:beneath",
  "icon": "beneath:burpflower",
  "pages": [
    {
      "type": "patchouli:text",
      "text": "$(thing)饱嗝花$()能够对其他方块施加有用的诅咒，你可以在下界的任何地方找到它。其有一个面朝的方向，即它施加诅咒的方向。在其后面放置一个$(thing)硫磺$()来为其充能。"
    },
    {
      "type": "patchouli:text",
      "text": "如果放置了硫磺，饱嗝花会花费一段时间进行充能，结出一朵黄色的硫磺花，并在随着一声打嗝声后放出硫酸烟雾。这种烟雾能够进行方块的转化。"
    },
    { 
      "type": "patchouli:text",
      "text": "首先，下界砖能够被转化为$(thing)狱岩砖$()。木炭堆会转化为$(l:beneath/ores_and_minerals#cursecoal)诅咒煤堆$()。此外，$(thing)灵魂耕地$()还会被施加$(thing)腐烂$()。"
    }
  ],
  "read_by_default": true
}