{
  "__comment__": "This file was automatically created by mcresources",
  "name": "作物",
  "category": "tfc:beneath",
  "icon": "beneath:gleamflower",
  "pages": [
    {
      "type": "patchouli:text",
      "text": "灵魂土可以被耕成$(thing)灵魂耕地$()。当你在地狱时，作物的生长方式有所不同。它们需要五种营养：死亡、毁灭、腐烂、悲伤和火焰。拿着锄头可以看到耕地中含有的营养，前提是这些值大于0."
    },
    {
      "type": "patchouli:text",
      "text": "作物有一种首选的营养，随着实践的推移，它们会增加耕地里的此类营养而不是消耗它。为了生长，作物会愉快地消耗其他四种营养素。下界的作物不会死亡，但是需要亮度较低的环境才能生长。"
    },
    {
      "type": "patchouli:text",
      "text": "以下是一些肥料：$(br)$(br)硫磺：20%腐烂，10%火焰$(br)火药：60%毁灭，10%火焰，40%死亡$(br)恶魂之泪：30%悲伤$(br)烈焰粉：20%火焰"
    },
    {
      "type": "patchouli:text",
      "text": "这些肥料能够从箱子战利品中找到其纯净形态。将所有纯净肥料合成在一起可以得到$(thing)痛苦的养料$()，以将这些肥料包装在一起。"
    },
    {
      "type": "patchouli:text",
      "text": "绯红根（腐烂）和诡异根（死亡）可以作为作物种植，这是提高你耕地营养质量最有用的方法。在下界要塞中发现的下界疣（死亡）也可以作为作物种植。"
    },
    {
      "type": "patchouli:multiblock",
      "multiblock": {
        "pattern": [
          [
            "X"
          ],
          [
            "0"
          ]
        ],
        "mapping": {
          "X": "beneath:gleamflower"
        }
      },
      "name": "Gleamflower",
      "text": "微光花（火焰）可以作为作物种植，你可以在下界中找到它。其可用作无限光源",
      "enable_visualize": false
    },
    {
      "type": "patchouli:spotlight",
      "item": "beneath:ghost_pepper",
      "link_recipes": false,
      "text": "鬼魂椒（悲伤）是一种可以在下界种植的可食用蔬菜。"
    }
  ],
  "read_by_default": true
}