{
  "__comment__": "This file was automatically created by mcresources",
  "name": "新奇方块",
  "category": "tfc:beneath",
  "icon": "beneath:soul_clay",
  "pages": [
    {
      "type": "patchouli:multiblock",
      "multiblock": {
        "pattern": [
          [
            "X"
          ],
          [
            "0"
          ]
        ],
        "mapping": {
          "X": "beneath:soul_clay"
        }
      },
      "name": "灵魂黏土",
      "text": "灵魂黏土可以在灵魂沙峡谷中找到，是黏土球的来源之一。",
      "enable_visualize": false
    },
    {
      "type": "patchouli:multiblock",
      "multiblock": {
        "pattern": [
          [
            "X"
          ],
          [
            "0"
          ]
        ],
        "mapping": {
          "X": "beneath:sulfur"
        }
      },
      "name": "硫磺",
      "text": "硫磺可以用铲子进行采集，但注意：铁工具和钢工具在触碰到硫磺的一瞬间会产生大爆炸。",
      "enable_visualize": false
    },
    {
      "type": "patchouli:multiblock",
      "multiblock": {
        "pattern": [
          [
            "X"
          ],
          [
            "0"
          ]
        ],
        "mapping": {
          "X": "beneath:warped_thatch"
        }
      },
      "name": "干草块",
      "text": "割草会让你得到绯红或者诡异干草，它们都可以用寻常的方式合成干草块。",
      "enable_visualize": false
    },
    {
      "type": "patchouli:crafting",
      "recipe": "beneath:crafting/blackstone_aqueduct",
      "text": "黑石引水桥允许你将岩浆搬运一定距离。"
    },
    {
      "type": "patchouli:crafting",
      "recipe": "beneath:crafting/hellbricks",
      "text": "狱岩砖是一种建筑方块，也可用于搭建下界锻炉。"
    },
    {
      "type": "patchouli:crafting",
      "recipe": "beneath:crafting/blackstone_brick",
      "text": "黑石砖块的制作方式与普通砖相同，也就是说需要把黑石石子凿成黑石砖。"
    }
  ],
  "read_by_default": true
}