{
  "__comment__": "This file was automatically created by mcresources",
  "name": "下界锻炉",
  "category": "tfc:beneath",
  "icon": "beneath:cursecoal",
  "pages": [
    {
      "type": "patchouli:text",
      "text": "$(thing)下界锻炉$()是一个巨大的熔炉，能容纳大量的燃料、原料和热量。它由狱岩砖、$(l:beneath/ores_and_minerals#cursecoal)诅咒煤$()和黑石引水桥构成。"
    },
    {
      "type": "patchouli:multiblock",
      "multiblock": {
        "pattern": [
          [
            "ZXXXZ",
            "XYYYX",
            "XY0YX",
            "XYYYX",
            "ZXXXZ"
          ],
          [
            "     ",
            " XXX ",
            " XXX ",
            " XXX ",
            "     "
          ]
        ],
        "mapping": {
          "Z": "beneath:blackstone_aqueduct[fluid=lava]",
          "Y": "beneath:hellforge_side",
          "0": "beneath:hellforge",
          "X": "beneath:hellbricks"
        }
      },
      "name": "Hellforge",
      "text": "",
      "enable_visualize": false
    },
    {
      "type": "patchouli:text",
      "text": "下界锻炉需要其四个角落有流有岩浆的黑石引水桥，21块地狱砖，以及中间的3x3部分填满$(l:beneath/ores_and_minerals#cursecoal)诅咒煤$()堆。点燃诅咒煤堆来启动锻炉。"
    },
    {
      "type": "patchouli:text",
      "text": "下界锻炉的物品栏中可以放置燃料和材料，没有区分。右侧的槽位像木炭炉一样可以放置容器接收熔融金属。下方的熔岩量表指示了其温度，你也可以通过锻铁炉方块上方物品的视觉运动来分辨温度。"
    }
  ],
  "read_by_default": true
}