{
  "__comment__": "This file was automatically created by mcresources",
  "name": "如何去下界",
  "category": "tfc:beneath",
  "icon": "minecraft:flint_and_steel",
  "pages": [
    {
      "type": "patchouli:text",
      "text": "去往下界需要进行一场花费巨大的牺牲仪式。首先，拿一把$(thing)镰刀$()。牵一头猪、绵羊或山羊。之后，准备七份贡品，有效的贡品是头骨、铁砧、放有黄金、生铁或黑钢锭的锭堆，以及镀金或镀黑钢块。"
    },
    {
      "type": "patchouli:text",
      "text": "杀死贡品半径五个方块内的动物将创建一个下界传送门。但请注意！此时下界会暂时入侵主世界，造成严重的破坏和混乱，最好不要在家的周围放置下界传送门！"
    },
    {
      "type": "patchouli:text",
      "text": "也有一些不会开启传送门的牺牲仪式，请参阅$(l:beneath/ancient_altar)远古祭坛$()一章。"
    }
  ],
  "read_by_default": true
}