{
  "__comment__": "This file was automatically created by mcresources",
  "name": "牺牲仪式清单",
  "category": "tfc:beneath",
  "icon": "tfc:gem/diamond",
  "pages": [
    {
      "type": "patchouli:text",
      "text": "这是你在下界所能进行的$(l:beneath/ancient_altar)牺牲仪式$()的全部成本和奖励的资料。"
    },
    {
      "type": "patchouli:text",
      "text": "$(li)粗粘液$()->富集绿镍矿$()$(li)诅咒兽皮->大块兽皮$()$(li)圆石->黑石$()"
    }
  ],
  "read_by_default": true
}