{
  "__comment__": "This file was automatically created by mcresources",
  "name": "矿物与材料",
  "category": "tfc:beneath",
  "icon": "beneath:ore/normal_nether_gold",
  "pages": [
    {
      "type": "patchouli:text",
      "text": "在下界，你仍然能够找到可供开采的矿物。值得注意的是：$(thing)下界岩$()不会像天然石那样塌方，但是$(thing)黑石$()，$(thing)下界砖$()，$(thing)裂纹石$()以及其他各种方块都会。勘矿仍然能够在下界中进行。"
    },
    {
      "type": "patchouli:multiblock",
      "anchor": "nether_gold",
      "multiblock": {
        "pattern": [
          [
            "X"
          ],
          [
            "0"
          ]
        ],
        "mapping": {
          "X": "beneath:ore/normal_nether_gold"
        }
      },
      "name": "下界金",
      "text": "下界金生成在下界岩中，且十分常见。熔岩之下的矿脉通常更大且更丰富。",
      "enable_visualize": false
    },
    {
      "type": "patchouli:multiblock",
      "anchor": "cursecoal",
      "multiblock": {
        "pattern": [
          [
            "X"
          ],
          [
            "0"
          ]
        ],
        "mapping": {
          "X": "beneath:ore/nether_cursecoal"
        }
      },
      "name": "诅咒煤",
      "text": "诅咒煤是一种强大的$(l:beneath/hellforge)燃料$()。它会在y大于80的下界岩中生成。",
      "enable_visualize": false
    },
    {
      "type": "patchouli:multiblock",
      "anchor": "sylvite",
      "multiblock": {
        "pattern": [
          [
            "X"
          ],
          [
            "0"
          ]
        ],
        "mapping": {
          "X": "beneath:ore/blackstone_sylvite"
        }
      },
      "name": "钾石盐",
      "text": "钾石盐会在任何高度的玄武岩中生成。",
      "enable_visualize": false
    },
    {
      "type": "patchouli:multiblock",
      "anchor": "quartz",
      "multiblock": {
        "pattern": [
          [
            "X"
          ],
          [
            "0"
          ]
        ],
        "mapping": {
          "X": "minecraft:nether_quartz_ore"
        }
      },
      "name": "下界石英",
      "text": "下界石英会在任何高度的下界岩中生成，而且十分常见。",
      "enable_visualize": false
    },
    {
      "type": "patchouli:multiblock",
      "anchor": "slimed_netherrack",
      "multiblock": {
        "pattern": [
          [
            "X"
          ],
          [
            "0"
          ]
        ],
        "mapping": {
          "X": "beneath:ore/slimed_netherrack"
        }
      },
      "name": "覆粘液下界岩",
      "text": "覆粘液下界岩偶尔会在熔岩层以上的下界岩中生成。",
      "enable_visualize": false
    }
  ],
  "read_by_default": true
}