{
  "__comment__": "This file was automatically created by mcresources",
  "name": "施肥桶",
  "category": "tfc:beneath",
  "icon": "beneath:unposter",
  "pages": [
    {
      "type": "patchouli:text",
      "text": "$(thing)施肥桶$()是用来种植蘑菇的。蘑菇，恶魂之泪和下界作物都可以放在其中。当其周围有蘑菇时，它会消耗内容物使蘑菇在周围区域繁殖，每天一次。"
    },
    {
      "type": "patchouli:crafting",
      "recipe": "beneath:crafting/unposter"
    }
  ],
  "read_by_default": true
}