{
  "__comment__": "This file was automatically created by mcresources",
  "name": "水资源",
  "category": "tfc:beneath",
  "icon": "beneath:juicer",
  "pages": [
    {
      "type": "patchouli:text",
      "text": "遗憾的是，就算是在下界你也需要喝水。装在大桶中的水不会在下界蒸发，不过你也可以制作一个$(thing)取水袋$()来满足你对水资源的需求。"
    },
    {
      "type": "patchouli:crafting",
      "recipe": "beneath:crafting/juicer",
      "text": "取水袋是一种容器，能够将$(thing)蘑菇$()压榨成水。将蘑菇放入其内部的物品栏后它将会自动将其加工成水。"
    },
    {
      "type": "patchouli:text",
      "text": "蘑菇在下界各地都有生成，如果你手边有新鲜水果，也可以把他们压榨成水。"
    }
  ],
  "read_by_default": true
}