{
  
  "ammo": "deep_rock_galactic:drg_generic_ammo",
 
  "ammo_amount": 42,
  "extended_mag_ammo_amount": [
    50,
    60,
    72
  ],
  "allow_attachment_types": [
 
    "extended_mag",
  "muzzle",
    "scope"
    
  ],
  "bolt": "closed_bolt",
 
  "rpm": 650,
  "burst_data": {
    "continuous_shoot": true,
    "count": 3,
    "bpm": 900,
    "min_interval": 0.4
  },
 
  "bullet": {
   
    "life": 10,
    
    "damage": 11,
    "tracer_count_interval": 0,
    "speed": 400,
    
    "gravity": 0,
   
    "knockback": 1,
    
    "friction": 0.01,
  
    "ignite": false,
    
    "pierce": 0,
    "extra_damage": {
		
      "armor_ignore": 0.1,
      
      "head_shot_multiplier": 1.75,
      
      "damage_adjust": [
        {"distance": 150, "damage": 11},
        {"distance": "infinite", "damage": 9}
      ]
    }
   
  },
 
  "reload": {
   
    "type": "fuel",
    
    "feed": {
      
      "empty": 1.04,
      
      "tactical": 1.04
    },
   
    "cooldown": {
      
      "empty": 1.75,
      
      "tactical": 1.75
    }
  },

  "draw_time": 0.35,
 
  "put_away_time": 0.4,
  
  "aim_time": 0.2,
  
  "sprint_time": 0.3,
  "weight": 3.0,
  "fire_mode": [
   
    "auto",
    "burst"
    
  ],
  
"recoil": {
    "pitch": [
      {"time": 0, "value": [0.15, 0.15]},
      {"time": 0.12, "value": [0.15, 0.15]},
      {"time": 0.3, "value": [-0.2, -0.2]},
      {"time": 0.45, "value": [0, 0]}
    ],
    "yaw": [
      {"time": 0, "value": [-0.65, 0.5]},
      {"time": 0.12, "value": [-0.65, 0.5]},
      {"time": 0.3, "value": [0, 0]}
    ]
  },
  
  "inaccuracy": {
    
    "stand": 0.2,
    
    "move":0.2,
    
    "sneak": 0.2,
    
    "lie": 0.2,
   
    "aim": 0.2
  },
  "melee": {
   

    "distance": 1,
   
    "cooldown": 0.6,
    
    "default": {
    
      "animation_type": "melee_push",
   
      "distance": 1,
     
      "range_angle": 40,
    
      "cooldown": 0.2,
      
      "damage": 20,
     
      "knockback": 1,
    
      "prep": 0.1
    }
  }
}