{
  "ammo": "deep_rock_galactic:impact_ammo",
  "rpm": 480,

  "bullet": {
    "life": 4,
    "bullet_amount": 1,
    "damage": 40,
    "extra_damage": {
      "armor_ignore": 0.8,
      "head_shot_multiplier": 1.25,
      "damage_adjust": [
        {"distance": 10, "damage": 40},
        {"distance": "infinite", "damage": 40}
      ]
    },
    "speed": 60,
    "gravity": 0.1,
    "knockback": 1,
    "friction": 0.05,
    "ignite": false,
    "pierce": 1
  },
  "ammo_amount": 8,
  "bolt": "open_bolt",
  "reload": {
    "type": "fuel",
    "feed": {
      "empty": 0.5,
      "tactical": 0.5
    },
    "cooldown": {
      "empty": 0.75,
      "tactical": 0.75
    }
  },
  "draw_time": 0.27,
  "put_away_time": 0.203,
  "aim_time": 0.1,
  "sprint_time": 0.075,
  "weight": 2.1,
  "movement_speed": {
    "base": 0.0,
    "aim": 0,
    "reload": 0.15
  },
  "crawl_recoil_multiplier": 0.5,
  "fire_mode": [
    "burst",
    "semi"
  ],
  "burst_data": {
    "continuous_shoot": false,
    "count": 8,
    "bpm": 480,
    "min_interval": 0.5
  },
  
 "recoil": {
    "pitch": [
      {"time": 0, "value": [0.5, 0.5]},
      {"time": 0.3, "value": [0.5, 0.5]},
      {"time": 0.5, "value": [-0.15, -0.15]},
      {"time": 0.65, "value": [0, 0]},
      {"time": 0.7, "value": [0, 0]}
    ],
    "yaw": [
      {"time": 0, "value": [-0.5, -0.5]},
      {"time": 0.3, "value": [-0.5, -0.5]},
      {"time": 0.5, "value": [0.2, 0.2]},
      {"time": 0.7, "value": [0, 0]}
    ]
  },
  "inaccuracy": {
    "stand": 0.2,
    "move": 0.2,
    "sneak": 0.2,
    "lie": 0.2,
    "aim": 0.2
  },
  "melee": {
   

    "distance": 2,
   
    "cooldown": 0.2,
    
    "default": {
    
      "animation_type": "melee_stock",
   
      "distance": 2,
     
      "range_angle": 40,
    
      "cooldown": 0.1,
      
      "damage": 80,
     
      "knockback": 2,
    
      "prep": 0.1
    }
  }
  
}