{
    "ammo": "deep_rock_galactic:drg_shortgun_ammo",
    "ammo_amount": 6,
    "extended_mag_ammo_amount": [
      8,
      10,
      12
    ],
    "bolt": "open_bolt",
    "rpm": 150,
    "bullet": {
      "life": 1,
      "bullet_amount": 10,
      "damage": 40,
      "tracer_count_interval": 0,
      "extra_damage": {
        "armor_ignore": 0.15,
        "head_shot_multiplier": 1.5,
        "damage_adjust": [
          {"distance": 10, "damage": 40},
          {"distance": 20, "damage": 35},
          {"distance": 30, "damage": 30},
          {"distance": "infinite", "damage": 20}
        ]
      },
      "speed": 240,
      "gravity": 0.0245,
      "knockback": 0.1,
      "friction": 0.01,
      "ignite": false,
      "pierce": 1
    },
    "reload": {
      "type":  "fuel",
      "feed": {
        "empty": 2.29,
        "tactical": 1.38
      },
      "cooldown": {
        "empty": 2.58,
        "tactical": 2
      }
    },
    "draw_time": 0.33,
    "put_away_time": 0.5,
    "aim_time": 0.2,
    "sprint_time": 0.2,
    "bolt_action_time": 0.6,
    "weight": 5.0,
    "fire_mode": [
       "auto",
      "semi"
    ],
    "recoil": {
    "pitch": [
      {"time": 0, "value": [0.25, 0.25]},
      {"time": 0.125, "value": [0.25, 0.25]},
      {"time": 0.4, "value": [-0.25, -0.25]},
      {"time": 0.55, "value": [0, 0]}
    ],
    "yaw": [
      {"time": 0, "value": [-0.5, 0.5]},
      {"time": 0.1, "value": [-0.5, 0.5]},
      {"time": 0.2, "value": [0.15, 0.15]},
      {"time": 0.4, "value": [0, 0]}
    ]
  },
    "melee": {
      "distance": 1,
      "cooldown": 0.5,
      "default": {
        "animation_type": "melee_stock",
        "distance": 1.25,
        "range_angle": 45,
        "damage": 5,
        "knockback": 0.5,
        "prep": 0.1
      }
    },
    "inaccuracy": {
    "stand": 4,
    "move": 4.5,
    "sneak": 3.75,
    "lie": 3.5,
    "aim": 3
  },
    "allow_attachment_types": [
      "extended_mag",
      "scope",
      "muzzle",
      "stock"
    ]
  }