{
  
  "ammo": "deep_rock_galactic:drg_generic_ammo",

  "ammo_amount": 36,
  "bolt": "open_bolt",
  "extended_mag_ammo_amount": [
    42,
    48,
    57
  ],
  "allow_attachment_types": [
 
    "extended_mag",
    "muzzle",
    "scope"
  ],
 
  "rpm": 1000,
  "burst_data": {
    "continuous_shoot": true,
    "count": 3,
    "bpm": 900,
    "min_interval": 0.4
  },
 
  "bullet": {
   
    "life": 10,
    "tracer_count_interval": 0,
    "damage": 9,
    
    "speed": 400,
    
    "gravity": 0,
   
    "knockback": 0.2,
    
    "friction": 0.01,
  
    "ignite": false,
    
    "pierce": 0,

    "explosion": {
      "explode": true,
      "delay":30,
      "radius": 4,
       "damage":16
    },
    "extra_damage": {
		
		"armor_ignore": 0.2,
		
		"head_shot_multiplier": 1.3,
    "damage_adjust": [
      {"distance": 200, "damage": 9},
      {"distance": "infinite", "damage": 9}
    ]
		
	}
 
  },
  
 
  "reload": {
   
    "type": "fuel",
    
    "feed": {
      
      "empty": 1.5,
      
      "tactical": 1.5
    },
   
    "cooldown": {
      
      "empty": 2.75,
      
      "tactical": 2.75
    }
  },

  "draw_time": 0.35,
 
  "put_away_time": 0.4,
  
  "aim_time": 0.2,
  
  "sprint_time": 0.3,
  "weight": 2.25,
  "fire_mode": [
   
    "burst"
    
  ],
  
  "recoil": {
    "pitch": [
      {"time": 0, "value": [0.375, 0.375]},
      {"time": 0.35, "value": [0.375, 0.375]},
      {"time": 0.55, "value": [-0.125, -0.125]},
      {"time": 0.7, "value": [0, 0]}
    ],
    "yaw": [
      {"time": 0, "value": [-0.2, 0.25]},
      {"time": 0.3, "value": [-0.2, 0.25]},
      {"time": 0.5, "value": [0, 0]}
    ]
  },
  
 "inaccuracy": {
    "stand": 0.2,
    "move": 0.2,
    "sneak": 0.2,
    "lie": 0.2,
    "aim": 0.2
  },
  "melee": {
   

    "distance": 1,
   
    "cooldown": 0.6,
    
    "default": {
    
      "animation_type": "melee_push",
   
      "distance": 1,
     
      "range_angle": 40,
    
      "cooldown": 0.2,
      
      "damage": 20,
     
      "knockback": 1,
    
      "prep": 0.1
    }
  }
}