{
  
  "ammo": "deep_rock_galactic:drg_generic_ammo",
 
  "ammo_amount": 42,
  "bolt": "closed_bolt",
  "extended_mag_ammo_amount": [
    50,
    58,
    62
  ],
  "allow_attachment_types": [
 
    "extended_mag",
    "muzzle",
    "scope"
  
    
  ],
 
  "rpm": 800,
 
  "bullet": {
   
    "life": 9,
    
    "damage": 14,
    "tracer_count_interval": 0,
    "speed": 400,
    
    "gravity": 0,
   
    "knockback": 1,
    
    "friction": 0.01,
  
    "ignite": false,
    
    "pierce": 0,
    "extra_damage": {
		
      "armor_ignore": 0.1,
      
      "head_shot_multiplier": 1.5,
      
      "damage_adjust": [
        {"distance": 100, "damage": 9},
        {"distance": "infinite", "damage": 8}
      ]
    }
   
  },
 
  "reload": {
   
    "type": "fuel",
    
    "feed": {
      
      "empty": 1.17,
      
      "tactical": 1.17
    },
   
    "cooldown": {
      
      "empty": 2.21,
      
      "tactical": 2.21
    }
  },

  "draw_time": 0.35,
 
  "put_away_time": 0.4,
  
  "aim_time": 0.2,
  
  "sprint_time": 0.3,
  "weight": 1.75,
  "fire_mode": [
   
    "auto",
    "semi"
    
  ],
  
  "recoil": {
    "pitch": [
      {"time": 0, "value": [0.15, 0.15]},
      {"time": 0.12, "value": [0.15, 0.15]},
      {"time": 0.3, "value": [-0.2, -0.2]},
      {"time": 0.45, "value": [0, 0]}
    ],
    "yaw": [
      {"time": 0, "value": [-0.65, 0.5]},
      {"time": 0.12, "value": [-0.65, 0.5]},
      {"time": 0.3, "value": [0, 0]}
    ]
  },
  
  "inaccuracy": {
    "stand": 0.2,
    "move": 0.2,
    "sneak": 0.2,
    "lie": 0.2,
    "aim": 0.2
  },
  "melee": {
   

    "distance": 1,
   
    "cooldown": 0.6,
    
    "default": {
    
      "animation_type": "melee_push",
   
      "distance": 1,
     
      "range_angle": 40,
    
      "cooldown": 0.2,
      
      "damage": 20,
     
      "knockback": 1,
    
      "prep": 0.1
    }
  }
}