{
  "name": "箭头",
  "category": "tfc:bsa",
  "icon": "bsa:stone/arrowhead",
  "pages": [
    {
      "type": "patchouli:spotlight",
      "item": {
        "tag": "bsa:arrowheads"
      },
      "text": "由于$(l:tfc:bsa/flint)燧石$()变得更加稀缺，箭矢现在由塑形而成的箭头制成。箭头可以由石头、燧石或$(l:tfc:bsa/bone_tools)骨头$()制成。"
    },
    {
      "type": "tfc:knapping_recipe",
      "recipe": "bsa:rock_knapping/stone/arrowhead/1_1_0_0",
      "text": "由石头制成的箭头。"
    },
    {
      "type": "tfc:knapping_recipe",
      "recipe": "bsa:rock_knapping/stone/arrowhead/flint/5_3_0_0",
      "text": "由燧石制成的箭头。"
    },
    {
      "type": "tfc:knapping_recipe",
      "recipe": "bsa:bone_knapping/bone/arrowhead/9_7_0_0",
      "text": "由骨头制成的箭头。"
    },
    {
      "type": "patchouli:crafting",
      "recipe": "bsa:crafting/arrow/stone",
      "recipe2": "bsa:crafting/arrow/bone"
    },
    {
      "type": "patchouli:crafting",
      "recipe": "bsa:crafting/arrow/flint",
      "text": "使用石头或骨箭头能做出一支箭，使用燧石箭头能做出两支箭。"
    }
  ],
  "read_by_default": true,
  "sortnum": 10000000,
  "extra_recipe_mappings": {
    "minecraft:arrow": 0,
    "bsa:stone/arrowhead": 0,
    "bsa:stone/arrowhead/flint": 0,
    "bsa:bone/arrowhead": 0
  }

}