{
  "name": "骨制工具",
  "category": "tfc:bsa",
  "icon": "bsa:bone/fish_hook",
  "pages": [
    {
      "type": "patchouli:text",
      "text": "骨头也可以被塑形成工具，就像石子一样。"
    },
    {
      "type": "tfc:knapping_recipe",
      "recipe": "bsa:bone_knapping/fish_hook",
      "text": "$(thing)骨制鱼钩$()由骨头塑形而成，可以用于制作$(thing)骨制钓竿$()。"
    },
    {
      "type": "patchouli:crafting",
      "recipe": "bsa:crafting/bone/fishing_rod",
      "recipe2": "bsa:crafting/hide_sewing/2_plus_2"
    },
    {
      "type": "tfc:knapping_recipe",
      "recipe": "bsa:bone_knapping/needle",
      "text": "$(l:tfc:mechanics/sewing_tables)骨针$()也由骨头塑形而成，可用于将兽皮缝合在一起。"
    },
    {
      "type": "patchouli:crafting",
      "recipe": "bsa:crafting/hide_sewing/1_plus_2",
      "recipe2": "bsa:crafting/hide_sewing/1_plus_1"
    },
    {
      "type": "patchouli:crafting",
      "recipe": "bsa:crafting/bone_needle",
      "text": "骨针也可以由$(thing)剑齿虎$()掉落的$(thing)剑齿$()制成。"
    },
    {
      "type": "tfc:knapping_recipe",
      "recipe": "bsa:bone_knapping/bone/arrowhead/4_7_0_0",
      "text": "骨头也可以被塑形成$(l:tfc:bsa/arrowheads)箭头$()。"
    }
  ],
  "read_by_default": true,
  "sortnum": 10,
  "extra_recipe_mappings": {
    "minecraft:bone": 0,
    "bsa:bone/fish_hook": 0,
    "bsa:bone/fishing_rod": 0,
    "bsa:sabertooth_fang": 5
  }
}