{
  "name": "陶瓷染色",
  "category": "tfc:bsa",
  "icon": "bsa:ceramic/jug/glazed/red",
  "pages": [
    {
      "type": "patchouli:text",
      "text": "大小缸现在都可以使用液体染料进行染色而不需要使用大桶。<br><br>要使用该方法，需要在陶罐（或其他液体容器）中装入至少100mb的液体染料，并将其与你想要染色的物品合成。"
    },
    {
      "type": "patchouli:crafting",
      "recipe": "bsa:crafting/ceramic/magenta_unfired_vessel_liquid_dye",
      "recipe2": "bsa:crafting/ceramic/red_unfired_large_vessel_liquid_dye"
    },
    {
      "type": "patchouli:text",
      "text": "此外，陶壶和锅也可以像其他陶瓷制品一样染色。"
    },
    {
      "type": "patchouli:crafting",
      "recipe": "bsa:crafting/ceramic/pot/unfired/black_liquid_dye",
      "recipe2": "bsa:crafting/ceramic/jug/unfired/red"
    }
  ],
  "read_by_default": true,
  "sortnum": 20
}