{
  "name": "制染料",
  "category": "tfc:bsa",
  "icon": "tfc:wooden_bucket{fluid:{Amount:1000, FluidName:\"tfc:purple_dye\"}}",
  "pages": [
    {
      "type": "patchouli:text",
      "text": "除了将固体染料在锅中煮沸制成液体染料外，你现在还可以直接煮沸固体染料的原料花朵。<br><br>这种配方制成的染料比使用固体燃料的配方少——每朵花只能制成100mb。<br><br>在该过程中，锅的温度至少要是<br>$(c)$(bold)亮红$()。"
    },
    {
      "type": "patchouli:image",
      "images": [
        "bsa:textures/gui/book/yellow_dye_recipe.png"
      ],
      "text": ""
    }
  ],
  "read_by_default": true,
  "sortnum": 30
}