{
  "name": "燧石",
  "category": "tfc:bsa",
  "icon": "minecraft:flint",
  "pages": [
    {
      "type": "patchouli:spotlight",
      "item": {
        "item": "minecraft:flint"
      },
      "text": "$(thing)燧石$()是一种可以在淡水中找到的稀有而珍贵的岩石。$(br)$(br)在本模组使其不再从砂砾中掉落之后，这是获得它的唯一方法。"
    },
    {
      "type": "patchouli:multiblock",
      "name": "燧石",
      "multiblock": {
        "mapping": {
          "0": "tfc:groundcover/flint",
          "G": "tfc:rock/gravel/chert"
        },
        "pattern": [
          ["0"],
          ["G"]
        ]
      },
      "enable_visualize": false
    },
    {
      "type": "tfc:knapping_recipe",
      "recipe": "bsa:rock_knapping/stone/axe_head/flint",
      "text": "像石子一样，燧石也可以被塑形成工具头部。燧石工具比石制工具略强，但比铜制工具差。"
    },
    {
      "type": "patchouli:crafting",
      "recipe": "bsa:crafting/stone/axe/flint/no_binding",
      "recipe2": "bsa:crafting/stone/axe/flint/strong_binding"
    },
    {
      "type": "tfc:knapping_recipe",
      "recipe": "bsa:rock_knapping/stone/multitool_head/flint",
      "text": "燧石工具也可以进行$(l:tfc:bsa/tool_bindings)工具绑定$()，也可以被制成$(l:tfc:bsa/multitool)万能工具$()。"
    }
  ],
  "read_by_default": true,
  "sortnum": 50,
  "extra_recipe_mappings": {
    "minecraft:flint": 0,
    "bsa:stone/axe/flint": 0,
    "bsa:stone/hammer/flint": 0,
    "bsa:stone/hoe/flint": 0,
    "bsa:stone/javelin/flint": 0,
    "bsa:stone/knife/flint": 0,
    "bsa:stone/shovel/flint": 0,
    "bsa:stone/axe_head/flint": 0,
    "bsa:stone/hammer_head/flint": 0,
    "bsa:stone/hoe_head/flint": 0,
    "bsa:stone/javelin_head/flint": 0,
    "bsa:stone/knife_head/flint": 0,
    "bsa:stone/shovel_head/flint": 0
  }

}