{
  "name": "谷物加工",
  "category": "tfc:bsa",
  "icon": "bsa:food/crushed_barley_grain",
  "pages": [
    {
      "type": "patchouli:text",
      "text": "你可能还没有手推磨，但这并不妨碍你享受一些谷物制品。"
    },
    {
      "type": "tfc:anvil_recipe",
      "recipe": "bsa:anvil/food/crushed_oat_grain",
      "text": "一些谷物可以在$(l:tfc:getting_started/primitive_anvils)原始砧$()上捶打成$(thing)碎谷物$()。这些谷物本身含有一些谷物营养，但最好在食用之前进一步加工。"
    },
    {
      "type": "tfc:anvil_recipe",
      "recipe": "bsa:anvil/food/coarse_rye_flour",
      "text": "进一步加工谷物的方法是将它们在砧上捣碎成$(thing)粗面粉$()。"
    },
    {
      "type": "tfc:anvil_recipe",
      "recipe": "bsa:anvil/food/coarse_maize_flour",
      "text": "玉米和大米已经够小了，可以直接捣碎成粗面粉。"
    },
    {
      "type": "patchouli:crafting",
      "recipe": "bsa:crafting/dough/wheat/6_from_coarse_flour",
      "text": "粗面粉可以和普通面粉一样制作成$(l:tfc:mechanics/bread)面团$()，但面粉和面团的消耗是1:2，而不是2：1。"
    },
    {
      "type": "patchouli:spotlight",
      "item": {
        "item": "bsa:food/porridge"
      },
      "text": "一个更有效的选择是粥，它由在盛水的陶锅中煮3-5份碎谷物和0-2份水果制成。"
    },
    {
      "type": "patchouli:image",
      "images": [
        "bsa:textures/gui/book/porridge_recipe.png"
      ],
      "text": ""
    },
    {
      "type": "tfc:quern_recipe",
      "recipe": "bsa:quern/food/coarse_rice_flour",
      "text": "所有碎谷物和粗面粉也可以通过手推磨研磨成普通面粉。"
    }
  ],
  "read_by_default": true,
  "sortnum": 50,
  "extra_recipe_mappings": {
    "bsa:food/crushed_barley_grain": 1,
    "bsa:food/crushed_oat_grain": 1,
    "bsa:food/crushed_rye_grain": 1,
    "bsa:food/crushed_wheat_grain": 1,
    "bsa:food/coarse_barley_flour": 2,
    "bsa:food/coarse_maize_flour": 2,
    "bsa:food/coarse_oat_flour": 2,
    "bsa:food/coarse_rice_flour": 2,
    "bsa:food/coarse_rye_flour": 2,
    "bsa:food/coarse_wheat_flour": 2,
    "bsa:food/porridge": 5
  }
}