{
  "name": "万能工具",
  "category": "tfc:bsa",
  "icon": "bsa:stone/multitool_head/igneous_extrusive",
  "pages": [
    {
      "type": "patchouli:text",
      "text": "想要一个能够变成任何工具的工具头部吗？试试万能工具头吧！这个工具头可以制成任何工具，只需要你在合成栏中将其与木棍按特定位置摆放。"
    },
    {
      "type": "tfc:knapping_recipe",
      "recipe": "bsa:rock_knapping/stone/multitool_head/igneous_extrusive"
    },
    {
      "type": "patchouli:crafting",
      "recipe": "bsa:crafting/stone/axe/igneous_extrusive/multitool",
      "text": "用万能工具头制作的工具不能拥有$(l:tfc:bsa/tool_bindings)绑定工具$()的词条。这代表使用万能工具头制作的工具是用作临时使用的，也是可以用完即弃的。"
    },
    {
      "type": "patchouli:crafting",
      "recipe": "bsa:crafting/stone/hammer/igneous_extrusive/multitool",
      "recipe2": "bsa:crafting/stone/hoe/igneous_extrusive/multitool"
    },
    {
      "type": "patchouli:crafting",
      "recipe": "bsa:crafting/stone/javelin/igneous_extrusive/multitool",
      "recipe2": "bsa:crafting/stone/shovel/igneous_extrusive/multitool"
    },
    {
      "type": "patchouli:crafting",
      "recipe": "bsa:crafting/stone/knife/igneous_extrusive/multitool",
      "text": "与其他工具不同的是，使用万能工具头制作的刀可以拥有绑定词条。"
    }
  ],
  "read_by_default": true,
  "sortnum": 60,
  "extra_recipe_mappings": {
    "bsa:stone/multitool_head/igneous_extrusive": 0,
    "bsa:stone/multitool_head/igneous_intrusive": 0,
    "bsa:stone/multitool_head/metamorphic": 0,
    "bsa:stone/multitool_head/sedimentary": 0
  }
}