{
  "name": "筋条加工",
  "category": "tfc:bsa",
  "icon": "bsa:sinew_string",
  "pages": [
    {
      "type": "patchouli:spotlight",
      "item": {
        "tag": "bsa:sinew_display"
      },
      "text": "大部分大型动物都会掉落筋条，它可以被加工成$(thing)筋条绳$()。$(br)$(br)筋条加工的第一步是将其放置在地上晾干，经过48小时（两个游戏日）后你就得到了$(thing)晾干的筋条$()。"
    },
    {
      "type": "patchouli:multiblock",
      "name": "晾干筋条",
      "multiblock": {
        "mapping": {
          "0": "bsa:sinew[dried=false]",
          "D": "tfc:grass/loam"
        },
        "pattern": [
          [
            "0"
          ],
          [
            "D"
          ]
        ]
      },
      "enable_visualize": false
    },
    {
      "type": "tfc:anvil_recipe",
      "recipe": "bsa:anvil/pounded_sinew",
      "text": "筋条被晾干后，就可以在砧上制成$(thing)打散的筋条$()。$(br)$(br)就算没有金属砧，你也可以在$(l:tfc:getting_started/primitive_anvils)原始砧$()上完成这道工序。"
    },
    {
      "type": "patchouli:crafting",
      "recipe": "bsa:crafting/sinew_string",
      "text": "最后，打散的筋条可以被制成$(thing)筋条绳$()。$(br)$(br)筋条绳跟其他线和绳用处一样，也可以用作$(l:tfc:bsa/tool_bindings)工具绑定$()来给予你的石质工具$(thing)完美！$()词条。"
    }
  ],
  "read_by_default": true,
  "sortnum": 70,
  "extra_recipe_mappings": {
    "bsa:sinew": 0,
    "bsa:dried_sinew": 0,
    "bsa:pounded_sinew": 0,
    "bsa:sinew_string": 0
  }

}