{
  "name": "绑定工具",
  "category": "tfc:bsa",
  "icon": "minecraft:string",
  "pages": [
    {
      "type": "patchouli:text",
      "text": ""
    },
    {
      "type": "patchouli:text",
      "text": "在本模组中，石头和$(l:tfc:bsa/flint)燧石$()工具需要被绑定在手柄上。如果没有绑定，工具的耐久就会下降，而更好的绑定会为工具带来更好的工具词条。"
    },
    {
      "type": "patchouli:text",
      "text": "当你第一次进入一个世界时，你所制作的第一把工具很可能是没有绑定的。因此这个工具异常脆弱，只有正常工具的一半耐久。"
    },
    {
      "type": "patchouli:crafting",
      "recipe": "bsa:crafting/stone/knife/igneous_extrusive/no_binding"
    },
    {
      "type": "patchouli:text",
      "text": "只要拿到一把石刀，你就可以用它来收割高草来获得$(bold)干草$()，干草可用于绑定来得到耐久更高的工具。$(br)$(br)如果你幸运地在地上找到了$(bold)干草$()，就连刀也不用了。"
    },
    {
      "type": "patchouli:crafting",
      "recipe": "bsa:crafting/stone/axe/igneous_extrusive/weak_binding"
    },
    {
      "type": "patchouli:text",
      "text": "在你的旅途中，你可能会发现一些更强韧的植物，可以用来更有效地绑定工具。使用这些植物绑定的工具具有$(bold)合格$()词条。"
    },
    {
      "type": "patchouli:crafting",
      "recipe": "bsa:crafting/stone/shovel/flint/medium_binding"
    },
    {
      "type": "patchouli:text",
      "text": "最高等级的工具是由绳类物品，如$(bold)黄麻纤维$()， $(bold)羊毛纱$()，和$(bold)$(l:tfc:bsa/sinew_processing)筋条绳$()绑定而成的。由蜘蛛和蜘蛛网掉落的$(bold)蜘蛛丝$()也属于这种物品。$(br)$(br)用这些材料绑定的工具具有$(bold)完美！$()词条。"
    },
    {
      "type": "patchouli:crafting",
      "recipe": "bsa:crafting/stone/javelin/igneous_extrusive/strong_binding"
    }
  ],
  "read_by_default": true,
  "sortnum": 0

}