{
"model": "deep_rock_galactic:gun/bulldog_geo",
"texture":  "deep_rock_galactic:gun/uv/bulldog",
"slot": "deep_rock_galactic:gun/slot/bulldog",
"hud":  "deep_rock_galactic:gun/hud/bulldog",
"third_person_animation": "default",
"muzzle_flash": {
      
      "texture": "deep_rock_galactic:flash/bl",
      
      "scale": 3
    },
    "ammo":{
    "tracer_color":"#00FFFF"
  },
  "transform": {
  "scale": {
    // 第三人称手部
    "thirdperson": [0.5, 0.5, 0.5],
    // 地面实体
    "ground": [0.6, 0.6, 0.6],
    // 展示框
    "fixed": [1, 1, 1]
  }
  },
    
"animation": "deep_rock_galactic:bulldog",
"use_default_animation": "rifle",
"text_show": {
   
    "ammo_count_text_pos": {
      
      "scale": 1.9,
      
      "align": "center",
     
      "shadow": false,
      
      "color": "#78cfc4",
     
      "light": 15,
      
      "text": "%ammo_count%"
    },
    "ammo_count_text_pos2": {
   
        "scale": 0.75,
     
        "align": "center",
        
        "shadow": false,
        
        "color": "#78cfc4",
        
        "light": 15,
        
        "text": "-Ammo-"
      }
   
} ,
"sounds": {

        "reload_empty": "deep_rock_galactic:bulldog/bulldog_reload_empty",
        "reload_tactical": "deep_rock_galactic:bulldog/bulldog_reload_tactical",
        "shoot": "deep_rock_galactic:bulldog/bulldog_shoot",
        "shoot_3p": "deep_rock_galactic:bulldog/bulldog_shoot_3p",
        "inspect": "deep_rock_galactic:bulldog/bulldog_inspect",
        "inspect_empty": "deep_rock_galactic:bulldog/bulldog_inspect_empty",
        "draw": "tacz:ump45/ump45_draw",
    "put_away": "tacz:ump45/ump45_put_away",
     "melee_push": "tacz:melee_stock/melee_stock_03",
    "melee_stock": "tacz:melee_stock/melee_stock_01"
        

    }
}