{
 "model": "deep_rock_galactic:gun/drak_25_geo",
  "texture": "deep_rock_galactic:gun/uv/drak_25",
  "hud": "deep_rock_galactic:gun/hud/drak_25",
  "slot": "deep_rock_galactic:gun/slot/drak_25",
  "animation": "deep_rock_galactic:drak_25",
  "use_default_animation": "rifle",
  "third_person_animation": "default",
  "transform": {
    "scale": {
      "thirdperson": [0.75, 0.75, 0.75],
      "ground": [0.6, 0.6, 0.6],
      "fixed": [1.2, 1.2, 1.2]
    }
  },
  "text_show": {
    "ammo_count": {
      "scale": 0.25,
      "align": "center",
      "shadow": false,
      "color": "#e9e3a9",
      "light": 15,
      "text": "%ammo_count%"
    }
  },
  "muzzle_flash": {
    "texture": "deep_rock_galactic:flash/drak_flash",
    "scale": 0.9
  },
  "ammo":{
    "tracer_color":"#9e00ff"
  },
  
  "sounds": {
    "shoot": "deep_rock_galactic:drak_25/drak_25_shoot",
    "shoot_3p": "deep_rock_galactic:drak_25/drak_25_shoot_3",
    "silence": "deep_rock_galactic:drak_25/drak_25_shoot_3",
    "silence_3p": "deep_rock_galactic:drak_25/drak_25_shoot_3",
    "reload_empty": "deep_rock_galactic:drak_25/drak_25_reload",
    "reload_tactical": "deep_rock_galactic:drak_25/drak_25_reload",
    "melee_push": "tacz:melee_stock/melee_stock_03",
    "melee_stock": "tacz:melee_stock/melee_stock_01"
  },
  "offhand_show": {
    "pos": [1, 19, 4],
    "rotate": [0, 0, 30],
    "scale": [0.5, 0.5, 0.5]
  },
  "hotbar_show": {
    "0": {
      "pos": [1, 16, -2],
    "rotate": [0, 0, 20],
    "scale": [0.5, 0.5, 0.5]
    }
  }
}