{
"model": "deep_rock_galactic:gun/rocket_geo",
"texture":  "deep_rock_galactic:gun/uv/rocket",
"slot": "deep_rock_galactic:gun/slot/rocket",
"hud":  "deep_rock_galactic:gun/hud/rocket",
"third_person_animation": "default",
"show_crosshair":"true",
   
  "transform": {
  "scale": {
  
    "thirdperson": [0.8, 0.8, 0.8],

    "ground": [0.6, 0.6, 0.6],
  
    "fixed": [1.2, 1.2, 1.2]
  }
  },
    
"animation": "deep_rock_galactic:rocket",
"use_default_animation": "rifle",
"text_show": {
   
    "ammo_count_text_pos": {
      
      "scale": 0.5,
      
      "align": "center",
     
      "shadow": false,
      
      "color": "#78cfc4",
     
      "light": 15,
      
      "text": "%ammo_count%"
    },
    
   
      "ammo_count_text_pos4": {
   
        "scale": 0.25,
     
        "align": "center",
        
        "shadow": false,
        
        "color": "#78cfc4",
        
        "light": 15,
        
        "text": "-Ammo-"
      }
   
} ,

"sounds": {

        "reload_empty": "deep_rock_galactic:rocket/rocket_reload",
        "reload_tactical": "deep_rock_galactic:rocket/rocket_reload",
        "inspect": "tacz:rpg7/rpg7_inspect",
        "inspect_empty": "tacz:rpg7/rpg7_inspect",
        "shoot": "deep_rock_galactic:rocket/rocket_shoot",
    "shoot_3p": "deep_rock_galactic:rocket/rocket_shoot",
        "put_away":"deep_rock_galactic:smart/smart_put_away",
        "draw":"deep_rock_galactic:smart/smart_draw",
         "melee_push": "tacz:melee_stock/melee_stock_03",
    "melee_stock": "tacz:melee_stock/melee_stock_01"
        

    }
    
}