{
"model": "deep_rock_galactic:gun/smart_geo",
"texture":  "deep_rock_galactic:gun/uv/smart",
"slot": "deep_rock_galactic:gun/slot/smart",
"hud":  "deep_rock_galactic:gun/hud/smart",
"third_person_animation": "default",
"show_crosshair":"true",
"muzzle_flash": {
      
      "texture": "deep_rock_galactic:flash/common_muzzle_flash",
      
      "scale": 1.8
    },
    "transform": {
    "scale": {
      // 第三人称手部
      "thirdperson": [0.4, 0.4, 0.4],
      // 地面实体
      "ground": [0.6, 0.6, 0.6],
      // 展示框
      "fixed": [1, 1, 1]
    }
  },
"animation": "deep_rock_galactic:smart",
"use_default_animation": "rifle",
"text_show": {
   
    "ammo_count_text_pos": {
      
      "scale": 1.5,
      
      "align": "center",
     
      "shadow": false,
      
      "color": "#78cfc4",
     
      "light": 15,
      
      "text": "%ammo_count%"
    },
    "ammo_count_text_pos2": {
   
        "scale": 0.5,
     
        "align": "center",
        
        "shadow": false,
        
        "color": "#78cfc4",
        
        "light": 15,
        
        "text": "-Ammo-"
      }
   
} ,
"sounds": {

        "reload_empty": "deep_rock_galactic:smart/smart_reload_empty",
        "reload_tactical": "deep_rock_galactic:smart/smart_reload_tactical",
        "shoot": "deep_rock_galactic:smart/smart_shoot",
        "shoot_3p": "deep_rock_galactic:smart/smart_shoot_3p",
        "put_away":"deep_rock_galactic:smart/smart_put_away",
        "draw":"deep_rock_galactic:smart/smart_draw",
         "inspect": "deep_rock_galactic:voltaic/voltaic_inspect",
          "melee_push": "tacz:melee_stock/melee_stock_03",
    "melee_stock": "tacz:melee_stock/melee_stock_01"
        
        

    },
    "shell": {
        
        "initial_velocity": [5, 2, 1],
       
        "random_velocity": [1, 1, 0.25],
       
        "acceleration": [0.0, -10, 0.0],
        
        "angular_velocity": [360, -1200, 90],
        
        "living_time": 1.0
    },
    "offhand_show": {
      "pos": [0, 20, 4],
      "rotate": [0, 0, 30],
      "scale": [0.5, 0.5, 0.5]
    },
    "hotbar_show": {
      "0": {
        "pos": [-4, 24, 3],
        "rotate": [-90, -5, -90],
        "scale": [0.5, 0.5, 0.5]
      }
    }
}