{
  "ammo": "suffuse:boomstickshot",
  "rpm": 95,
  "bullet": {
    "life": 0.7,
    "bullet_amount": 1,
    "damage": 18.8,
    "tracer_count_interval": 0,
    "extra_damage": {
      "armor_ignore": 0,
      "head_shot_multiplier": 1.5,
      "damage_adjust": [
        {"distance": 0.5, "damage": 20},
        {"distance": 5.5, "damage": 16},
        {"distance": 14.5, "damage": 12},
        {"distance": 20.5, "damage": 6},
        {"distance": "infinite", "damage": 4}
      ]
    },
    "speed": 170,
    "gravity": 0.0245,
    "knockback": 0,
    "friction": 0.012,
    "ignite": false,
    "pierce": 1
  },
  "ammo_amount": 1,
  "bolt": "open_bolt",
  "reload": {
    "type": "magazine",
    "feed": {
      "empty": 8.0
    },
    "cooldown": {
      "empty": 9.4
    }
  },
  "draw_time": 0.4333,
  "put_away_time": 0.4333,
  "aim_time": 0.2,
  "sprint_time": 0.2,
  "weight": 1.5,
  "fire_mode": [
    "semi"
  ],
  "recoil": {
    "pitch": [
      {"time": 0, "value": [7, 7]},
      {"time": 0.3, "value": [7, 7]},
      {"time": 0.65, "value": [-0.125, -0.125]},
      {"time": 0.75, "value": [0,0]},
      {"time": 0.92, "value": [0, 0]}
    ],
    "yaw": [
      {"time": 0, "value": [-1.8, 1.8]},
      {"time": 0.25, "value": [0, 0]}
    ]
  },
  "inaccuracy": {
    "stand": 4.25,
    "move": 5,
    "sneak": 3.5,
    "lie": 2.5,
    "aim": 0.38
  }
}