{
  "__comment__": "This file was automatically created by mcresources",
  "name": "引水桥",
  "category": "tfc:mechanics",
  "icon": "tfc:rock/aqueduct/shale",
  "pages": [
    {
      "type": "patchouli:text",
      "text": "$(thing)引水桥$()是一种可以将$(thing)水$()从水源引至其他地方的建筑方块。$(l:mechanics/wooden_buckets)木桶$()无法搬运水源，但$(thing)引水桥$()可以将水源方块运往水平方向任意距离外的目的地。它可以运输任何类型的水，包括$(thing)淡水$()、$(thing)咸水$()、$()温泉水$()。"
    },
    {
      "type": "patchouli:crafting",
      "recipe": "tfc:crafting/rock/shale_aqueduct",
      "text": "可以用$(l:mechanics/advanced_building_materials#bricks_and_mortar)石砖和砂浆$()制作引水桥方块。"
    },
    {
      "type": "patchouli:text",
      "text": "把$(thing)引水桥$()方块水平连接起来，然后将一端连接到相邻$(thing)水源$()或$(thing)下落的水流$()侧面，稍等片刻，水就会开始流经这个引水桥网络，并且在引水桥的另一端流出。$(br2)如果引水桥被破坏了，水流就会中断。同时，$(thing)引水桥$()不会产生永久的水源方块 - 引水桥破坏之后所有水都会消失。"
    },
    {
      "type": "patchouli:multiblock",
      "multiblock": {
        "pattern": [
          [
            "     ",
            "     ",
            "  0  ",
            "     ",
            "     "
          ],
          [
            "     ",
            "     ",
            "     ",
            "     ",
            "     "
          ],
          [
            "  B  ",
            "  B  ",
            "CADAE",
            "B   B",
            "B   B"
          ]
        ],
        "mapping": {
          "A": "tfc:rock/aqueduct/marble[south=true,north=true,fluid=water]",
          "B": "tfc:rock/aqueduct/marble[east=true,west=true,fluid=water]",
          "C": "tfc:rock/aqueduct/marble[east=true,south=true,fluid=water]",
          "D": "tfc:rock/aqueduct/marble[west=true,north=true,south=true,fluid=water]",
          "E": "tfc:rock/aqueduct/marble[east=true,north=true,fluid=water]"
        }
      },
      "name": "一个引水桥网络",
      "text": "",
      "enable_visualize": false
    }
  ],
  "read_by_default": true,
  "extra_recipe_mappings": {
    "tag:tfc:rock/aqueducts": 0
  }
}