{
  "name": "高炉隔热层",
  "category": "tfc:mechanics",
  "icon": "tfcbetterbf:insulation",
  "pages": [
    {
      "type": "patchouli:text",
      "text": "$(thing)高炉隔热层$()是一种让$(l:mechanics/blast_furnace)高炉$()保温的材料。您无需将其围绕烟囱放置，而是直接手持$(thing)高炉隔热层$()$(item)$(k:key.use)$()点击$(l:mechanics/fire_clay#fire_bricks)耐火砖$()。被破坏后，隔热层与耐火砖都将变成掉落物。"
    },
    {
      "type": "patchouli:crafting",
      "recipe": "tfcbetterbf:crafting/insulation",
      "text": "合成隔热层需要与围绕单个耐火砖所需的数量相同的$(thing)锻铁薄板$()。"
    }
  ],
  "read_by_default": true
}