{
  "__comment__": "This file was automatically created by mcresources",
  "name": "锻铁炉",
  "category": "tfc:mechanics",
  "icon": "tfc:bloomery",
  "pages": [
    {
      "type": "patchouli:text",
      "text": "$(thing)锻铁炉$() 是一个用来熔炼$(thing)铁矿石$()并使其变成$(thing)生铁方坯$()的设备，生铁方坯能被加工制成$(thing)锻铁$()。输入的铁矿石可以是$(l:the_world/ores_and_minerals#hematite)赤铁矿$(), $(l:the_world/ores_and_minerals#limonite)褐铁矿$()，与 $(l:the_world/ores_and_minerals#magnetite)磁铁矿$()。上述铁矿将熔融成为 $(thing)铸铁$()而不是$(thing)锻铁$()。所有含铁的物品都会融化成铸铁。要转化它们成为能被利用的铁制品，锻铁炉是不可或缺的。 任何铁制品都可以在锻铁炉中使用，包括铁工具和铸铁锭！"
    },
    {
      "type": "patchouli:crafting",
      "recipe": "tfc:crafting/bloomery",
      "text": "锻铁炉是由 8 $(thing)青铜双层薄板$()制成的。"
    },
    {
      "type": "patchouli:multiblock",
      "multiblock_id": "tfc:bloomery",
      "name": "锻铁炉",
      "text": "最基础的锻铁炉结构。锻铁炉方块可以用$(item)$(k:key.use)$()打开或关闭。",
      "enable_visualize": true
    },
    {
      "type": "patchouli:text",
      "text": "锻铁炉最多能容纳 48个物品，每个烟囱八个物品。为了给烟囱加层数，你可以再堆两层石制方块。$(br2)要将物品添加到锻铁炉中，请爬到顶部并将物品扔到里面。它应该会形成一座灰色矿石塔。"
    },
    {
      "type": "patchouli:image",
      "images": [
        "tfc:textures/gui/book/tutorial/bloomery_hole.png"
      ],
      "text": "将物品添加到锻铁炉中。",
      "border": true
    },
    {
      "type": "patchouli:text",
      "text": "锻铁炉必须要有含铁量至少为100mb的含铁$(thing)物品$()与每100mb铁对应的两个木炭。点燃锻铁炉方块, 然后等大半天，当锻铁炉方块熄灭时，就表示完成了。每100mB的在锻铁炉中融融的铁将被转化为 $(thing)方坯方块$()。方坯方块包含了 $(thing)生铁方坯$()，这可以通过用稿子反复挖方坯方块来获得。其余的多于100m含铁量的铁将会被浪费掉。"
    },
    {
      "type": "patchouli:multiblock",
      "multiblock": {
        "pattern": [
          [
            "X"
          ],
          [
            "0"
          ]
        ],
        "mapping": {
          "X": "tfc:bloom[layers=8]"
        }
      },
      "name": "方坯",
      "text": "一个方坯，充满了锻铁。",
      "enable_visualize": false
    },
    {
      "type": "tfc:anvil_recipe",
      "recipe": "tfc:anvil/refined_iron_bloom",
      "text": "$(thing)生铁方坯$()还必须在$(l:mechanics/anvils)砧$()上打造成$(thing)精铁方坯$()。"
    },
    {
      "type": "tfc:anvil_recipe",
      "recipe": "tfc:anvil/wrought_iron_from_bloom",
      "text": "在$(l:mechanics/anvils)砧$()上进一步打造$(thing)精铁方坯$()就能获得$(thing)锻铁锭$()了。"
    },
    {
      "type": "patchouli:text",
      "text": "$(li)如果投入锻铁炉的物品超出了它的所能处理的数量，它就会从锻铁炉门口吐出来。$()$(li)如果要取回投入锻铁炉中的物品，不要试图挖掘塔中的熔融物，直接把锻铁炉方块挖掉即可。$()$(li)方坯只会熔化成铸铁，而不是锻铁。方坯必须经过锤炼才能变成锻铁！$()",
      "title": "铁匠的笔记"
    },
    {
      "type": "patchouli:text",
      "text": "$(li)锻铁炉只关心投入其中的物品的质量，而不是数量。若有100mb熔融铁没有对应的两个木炭，他就不会转化为生铁方坯！$()$(li)熔融物很容易将周围的其他方块点着，千万小心！$()"
    }
  ],
  "read_by_default": true,
  "extra_recipe_mappings": {
    "tfc:bloom": 6,
    "tfc:raw_iron_bloom": 7,
    "tfc:refined_iron_bloom": 8
  }
}