{
  "__comment__": "This file was automatically created by mcresources",
  "name": "木炭坑",
  "category": "tfc:mechanics",
  "icon": "minecraft:charcoal",
  "pages": [
    {
      "type": "patchouli:text",
      "text": "搭建$(thing)木炭坑$()是一种烧制$(thing)木炭$()的方法。木炭坑是用$(thing)原木堆$()构成的。手持$(thing)原木$()时按住$(item)$(k:key.sneak)$()并按$(item)$(k:key.use)$()就能在地上放置一个原木堆。手持原木对准原木堆按$(item)$(k:key.use)$()，或直接打开原木堆界面就能放入更多原木。"
    },
    {
      "type": "patchouli:multiblock",
      "multiblock": {
        "pattern": [
          [
            "X"
          ],
          [
            "0"
          ]
        ],
        "mapping": {
          "X": "tfc:log_pile"
        }
      },
      "name": "原木堆",
      "text": "原木堆需要下方有一个实心块。它们很容易着火。",
      "enable_visualize": false
    },
    {
      "type": "patchouli:text",
      "text": "木炭坑必须由实心、且不易燃的方块将原木堆密封而成。最终产出的木炭的量与原木堆内的原木数量成正比。要开始烧制木炭，在密封起来的木炭坑上挖一个小孔，点燃一个原木堆，然后迅速再把孔填上。当看到整个木炭坑中有$(thing)烟雾$()升起时就说明成功了。"
    },
    {
      "type": "tfc:multimultiblock",
      "text": "分层展示如何搭建木炭坑。坑的具体大小是可变的。",
      "multiblocks": [
        {
          "pattern": [
            [
              "     ",
              "     ",
              "     ",
              "     ",
              "     "
            ],
            [
              "     ",
              "     ",
              "     ",
              "     ",
              "     "
            ],
            [
              "XXXXX",
              "XXXXX",
              "XX0XX",
              "XXXXX",
              "XXXXX"
            ]
          ],
          "mapping": {
            "X": "tfc:dirt/sandy_loam",
            "0": "tfc:dirt/sandy_loam"
          }
        },
        {
          "pattern": [
            [
              "     ",
              "     ",
              "     ",
              "     ",
              "     "
            ],
            [
              "XXXXX",
              "XYYYX",
              "XYYYX",
              "XYYYX",
              "XXXXX"
            ],
            [
              "XXXXX",
              "XXXXX",
              "XX0XX",
              "XXXXX",
              "XXXXX"
            ]
          ],
          "mapping": {
            "X": "tfc:dirt/sandy_loam",
            "0": "tfc:dirt/sandy_loam",
            "Y": "tfc:log_pile"
          }
        },
        {
          "pattern": [
            [
              "     ",
              "     ",
              "     ",
              "     ",
              "     "
            ],
            [
              "XXXXX",
              "XYYYX",
              "XYYYX",
              "XYYYX",
              "XXXXX"
            ],
            [
              "XXXXX",
              "XXXXX",
              "XX0XX",
              "XXXXX",
              "XXXXX"
            ]
          ],
          "mapping": {
            "X": "tfc:dirt/sandy_loam",
            "0": "tfc:dirt/sandy_loam",
            "Y": "tfc:burning_log_pile"
          }
        },
        {
          "pattern": [
            [
              "     ",
              " XXX ",
              " XXX ",
              " XXX ",
              "     "
            ],
            [
              "XXXXX",
              "XYYYX",
              "XYYYX",
              "XYYYX",
              "XXXXX"
            ],
            [
              "XXXXX",
              "XXXXX",
              "XX0XX",
              "XXXXX",
              "XXXXX"
            ]
          ],
          "mapping": {
            "X": "tfc:dirt/sandy_loam",
            "0": "tfc:dirt/sandy_loam",
            "Y": "tfc:log_pile"
          }
        },
        {
          "pattern": [
            [
              "     ",
              "     ",
              "     ",
              "     ",
              "     "
            ],
            [
              "XXXXX",
              "XYYYX",
              "XYYYX",
              "XYYYX",
              "XXXXX"
            ],
            [
              "XXXXX",
              "XXXXX",
              "XX0XX",
              "XXXXX",
              "XXXXX"
            ]
          ],
          "mapping": {
            "X": "tfc:dirt/sandy_loam",
            "0": "tfc:dirt/sandy_loam",
            "Y": "tfc:charcoal_pile[layers=7]"
          }
        }
      ]
    },
    {
      "type": "patchouli:text",
      "anchor": "charcoal_pile",
      "text": "等到木炭坑停止燃烧之后就可以把它挖开了。坑里面应该会留下许多$(thing)木炭堆$()。每个木炭堆最多包含 8 层$(thing)木炭$()，用铲子挖掘就可以获得木炭。挖出来的木炭也可以通过按$(item)$(k:key.use)$()重新放置下来。"
    },
    {
      "type": "tfc:multimultiblock",
      "text": "木炭堆。",
      "multiblocks": [
        {
          "pattern": [
            [
              "X"
            ],
            [
              "0"
            ]
          ],
          "mapping": {
            "X": "tfc:charcoal_pile[layers=1]"
          }
        },
        {
          "pattern": [
            [
              "X"
            ],
            [
              "0"
            ]
          ],
          "mapping": {
            "X": "tfc:charcoal_pile[layers=2]"
          }
        },
        {
          "pattern": [
            [
              "X"
            ],
            [
              "0"
            ]
          ],
          "mapping": {
            "X": "tfc:charcoal_pile[layers=3]"
          }
        },
        {
          "pattern": [
            [
              "X"
            ],
            [
              "0"
            ]
          ],
          "mapping": {
            "X": "tfc:charcoal_pile[layers=4]"
          }
        },
        {
          "pattern": [
            [
              "X"
            ],
            [
              "0"
            ]
          ],
          "mapping": {
            "X": "tfc:charcoal_pile[layers=5]"
          }
        },
        {
          "pattern": [
            [
              "X"
            ],
            [
              "0"
            ]
          ],
          "mapping": {
            "X": "tfc:charcoal_pile[layers=6]"
          }
        },
        {
          "pattern": [
            [
              "X"
            ],
            [
              "0"
            ]
          ],
          "mapping": {
            "X": "tfc:charcoal_pile[layers=7]"
          }
        },
        {
          "pattern": [
            [
              "X"
            ],
            [
              "0"
            ]
          ],
          "mapping": {
            "X": "tfc:charcoal_pile[layers=8]"
          }
        }
      ]
    }
  ],
  "read_by_default": true,
  "extra_recipe_mappings": {
    "minecraft:charcoal": 0
  }
}