{
  "__comment__": "This file was automatically created by mcresources",
  "name": "农作物",
  "category": "tfc:mechanics",
  "icon": "tfc:textures/item/food/wheat.png",
  "pages": [
    {
      "type": "patchouli:text",
      "text": "农作物是食物和其他一些材料的来源。虽然每种作物都略有不同，但其实都大同小异。要种植农作物，你需要先找一些$(thing)种子$()，破坏$(l:the_world/wild_crops)野生作物$()可以就得到一点。$(br2)有了种子，你还需要一把$(thing)锄$()。种子也可以作为$(l:mechanics/fishing)鱼饵$()。"
    },
    {
      "type": "patchouli:text",
      "text": "除了寻找野生作物的方式，还可以从现有作物中获取种子。当一种完全成熟的作物因天气原因或腐烂而死亡时，它会结籽，然后掉落更多的种子，这些种子可以用来在下一季种植更多的作物。"
    },
    {
      "type": "tfc:rock_knapping_recipe",
      "recipes": [
        "tfc:rock_knapping/hoe_head_sedimentary",
        "tfc:rock_knapping/hoe_head_metamorphic",
        "tfc:rock_knapping/hoe_head_igneous_extrusive",
        "tfc:rock_knapping/hoe_head_igneous_intrusive"
      ],
      "text": "想要开始, 可以将 $(thing)石锄$() 进行 $(thing)敲击$()像上文所讲的方式一样。"
    },
    {
      "type": "patchouli:crafting",
      "recipe": "tfc:crafting/stone/hoe_sedimentary",
      "text": "用锄头和木棍制作锄。$(br2)锄和原版一样，$(item)$(k:key.use)$()点击泥土方块就能将它们变成$(thing)耕地$()。除此之外，它还可以用来将$(thing)缠根泥土$()转化为普通$(thing)泥土$()。"
    },
    {
      "type": "patchouli:text",
      "text": "所有的作物都需要种植在农田里才能生长。 一些作物有额外的要求，比如需要被水淹没或需要一根棍子才能生长。$(br2)作物不强制性需要 $(thing)营养成分$()来生长，但是营养成分肯定是对它们有益的。一共由三种营养成分: $(b)氮$(), $(6)磷$(), 与 $(d)钾$()。每种作物都有对应需要的元素。",
      "title": "种植作物"
    },
    {
      "type": "patchouli:text",
      "text": "摄入作物最合适的营养元素物质会使作物生长更快，并在收获时提高作物产量。这意味着，消耗更多营养的作物在被收割时会掉落更多的食物！摄入一种营养素还可以少量补充其他营养素$（br2）接下来的几页列出了群峦传说中存在的所有作物"
    },
    {
      "type": "patchouli:text",
      "anchor": "barley",
      "text": "$(bold)$(l:the_world/climate#temperature)温度$()：-8 - 26 °C$(br)$(bold)$(l:mechanics/hydration)湿度$()：18 - 75 %$(br)$(bold)营养物质$()：氮$(br2)大麦是一种一格高的农作物。种植大麦会产出$(thing)大麦$()和$(thing)大麦种子$()。",
      "title": "大麦"
    },
    {
      "type": "tfc:multimultiblock",
      "text": "",
      "multiblocks": [
        {
          "pattern": [
            [
              "X"
            ],
            [
              "Y"
            ],
            [
              "0"
            ]
          ],
          "mapping": {
            "X": "tfc:crop/barley[age=0]",
            "Y": "tfc:farmland/loam"
          }
        },
        {
          "pattern": [
            [
              "X"
            ],
            [
              "Y"
            ],
            [
              "0"
            ]
          ],
          "mapping": {
            "X": "tfc:crop/barley[age=1]",
            "Y": "tfc:farmland/loam"
          }
        },
        {
          "pattern": [
            [
              "X"
            ],
            [
              "Y"
            ],
            [
              "0"
            ]
          ],
          "mapping": {
            "X": "tfc:crop/barley[age=2]",
            "Y": "tfc:farmland/loam"
          }
        },
        {
          "pattern": [
            [
              "X"
            ],
            [
              "Y"
            ],
            [
              "0"
            ]
          ],
          "mapping": {
            "X": "tfc:crop/barley[age=3]",
            "Y": "tfc:farmland/loam"
          }
        },
        {
          "pattern": [
            [
              "X"
            ],
            [
              "Y"
            ],
            [
              "0"
            ]
          ],
          "mapping": {
            "X": "tfc:crop/barley[age=4]",
            "Y": "tfc:farmland/loam"
          }
        },
        {
          "pattern": [
            [
              "X"
            ],
            [
              "Y"
            ],
            [
              "0"
            ]
          ],
          "mapping": {
            "X": "tfc:crop/barley[age=5]",
            "Y": "tfc:farmland/loam"
          }
        },
        {
          "pattern": [
            [
              "X"
            ],
            [
              "Y"
            ],
            [
              "0"
            ]
          ],
          "mapping": {
            "X": "tfc:crop/barley[age=6]",
            "Y": "tfc:farmland/loam"
          }
        },
        {
          "pattern": [
            [
              "X"
            ],
            [
              "Y"
            ],
            [
              "0"
            ]
          ],
          "mapping": {
            "X": "tfc:crop/barley[age=7]",
            "Y": "tfc:farmland/loam"
          }
        }
      ]
    },
    {
      "type": "patchouli:text",
      "anchor": "oat",
      "text": "$(bold)$(l:the_world/climate#temperature)温度$()：3 - 40 °C$(br)$(bold)$(l:mechanics/hydration)湿度$()：35 - 100 %$(br)$(bold)营养物质$()：磷$(br2)燕麦是一种一格高的农作物。种植燕麦会产出$(thing)燕麦$()和$(thing)燕麦种子$()。",
      "title": "燕麦"
    },
    {
      "type": "tfc:multimultiblock",
      "text": "",
      "multiblocks": [
        {
          "pattern": [
            [
              "X"
            ],
            [
              "Y"
            ],
            [
              "0"
            ]
          ],
          "mapping": {
            "X": "tfc:crop/oat[age=0]",
            "Y": "tfc:farmland/loam"
          }
        },
        {
          "pattern": [
            [
              "X"
            ],
            [
              "Y"
            ],
            [
              "0"
            ]
          ],
          "mapping": {
            "X": "tfc:crop/oat[age=1]",
            "Y": "tfc:farmland/loam"
          }
        },
        {
          "pattern": [
            [
              "X"
            ],
            [
              "Y"
            ],
            [
              "0"
            ]
          ],
          "mapping": {
            "X": "tfc:crop/oat[age=2]",
            "Y": "tfc:farmland/loam"
          }
        },
        {
          "pattern": [
            [
              "X"
            ],
            [
              "Y"
            ],
            [
              "0"
            ]
          ],
          "mapping": {
            "X": "tfc:crop/oat[age=3]",
            "Y": "tfc:farmland/loam"
          }
        },
        {
          "pattern": [
            [
              "X"
            ],
            [
              "Y"
            ],
            [
              "0"
            ]
          ],
          "mapping": {
            "X": "tfc:crop/oat[age=4]",
            "Y": "tfc:farmland/loam"
          }
        },
        {
          "pattern": [
            [
              "X"
            ],
            [
              "Y"
            ],
            [
              "0"
            ]
          ],
          "mapping": {
            "X": "tfc:crop/oat[age=5]",
            "Y": "tfc:farmland/loam"
          }
        },
        {
          "pattern": [
            [
              "X"
            ],
            [
              "Y"
            ],
            [
              "0"
            ]
          ],
          "mapping": {
            "X": "tfc:crop/oat[age=6]",
            "Y": "tfc:farmland/loam"
          }
        },
        {
          "pattern": [
            [
              "X"
            ],
            [
              "Y"
            ],
            [
              "0"
            ]
          ],
          "mapping": {
            "X": "tfc:crop/oat[age=7]",
            "Y": "tfc:farmland/loam"
          }
        }
      ]
    },
    {
      "type": "patchouli:text",
      "anchor": "rye",
      "text": "$(bold)$(l:the_world/climate#temperature)温度$()：-11 - 30 °C$(br)$(bold)$(l:mechanics/hydration)湿度$()：25 - 85 %$(br)$(bold)营养物质$()：磷$(br2)黑麦是一种一格高的农作物。种植黑麦会产出$(thing)黑麦$()和$(thing)黑麦种子$()。",
      "title": "黑麦"
    },
    {
      "type": "tfc:multimultiblock",
      "text": "",
      "multiblocks": [
        {
          "pattern": [
            [
              "X"
            ],
            [
              "Y"
            ],
            [
              "0"
            ]
          ],
          "mapping": {
            "X": "tfc:crop/rye[age=0]",
            "Y": "tfc:farmland/loam"
          }
        },
        {
          "pattern": [
            [
              "X"
            ],
            [
              "Y"
            ],
            [
              "0"
            ]
          ],
          "mapping": {
            "X": "tfc:crop/rye[age=1]",
            "Y": "tfc:farmland/loam"
          }
        },
        {
          "pattern": [
            [
              "X"
            ],
            [
              "Y"
            ],
            [
              "0"
            ]
          ],
          "mapping": {
            "X": "tfc:crop/rye[age=2]",
            "Y": "tfc:farmland/loam"
          }
        },
        {
          "pattern": [
            [
              "X"
            ],
            [
              "Y"
            ],
            [
              "0"
            ]
          ],
          "mapping": {
            "X": "tfc:crop/rye[age=3]",
            "Y": "tfc:farmland/loam"
          }
        },
        {
          "pattern": [
            [
              "X"
            ],
            [
              "Y"
            ],
            [
              "0"
            ]
          ],
          "mapping": {
            "X": "tfc:crop/rye[age=4]",
            "Y": "tfc:farmland/loam"
          }
        },
        {
          "pattern": [
            [
              "X"
            ],
            [
              "Y"
            ],
            [
              "0"
            ]
          ],
          "mapping": {
            "X": "tfc:crop/rye[age=5]",
            "Y": "tfc:farmland/loam"
          }
        },
        {
          "pattern": [
            [
              "X"
            ],
            [
              "Y"
            ],
            [
              "0"
            ]
          ],
          "mapping": {
            "X": "tfc:crop/rye[age=6]",
            "Y": "tfc:farmland/loam"
          }
        },
        {
          "pattern": [
            [
              "X"
            ],
            [
              "Y"
            ],
            [
              "0"
            ]
          ],
          "mapping": {
            "X": "tfc:crop/rye[age=7]",
            "Y": "tfc:farmland/loam"
          }
        }
      ]
    },
    {
      "type": "patchouli:text",
      "anchor": "maize",
      "text": "$(bold)$(l:the_world/climate#temperature)温度$()：13 - 40 °C$(br)$(bold)$(l:mechanics/hydration)湿度$()：75 - 100 %$(br)$(bold)营养物质$()：磷$(br2)玉米是一种两格高的农作物。种植玉米会产出$(thing)玉米$()和$(thing)玉米种子$()。",
      "title": "玉米"
    },
    {
      "type": "tfc:multimultiblock",
      "text": "",
      "multiblocks": [
        {
          "pattern": [
            [
              "X"
            ],
            [
              "Y"
            ],
            [
              "Z"
            ],
            [
              "0"
            ]
          ],
          "mapping": {
            "X": "minecraft:air",
            "Y": "tfc:crop/maize[age=0,part=bottom]",
            "Z": "tfc:farmland/loam"
          }
        },
        {
          "pattern": [
            [
              "X"
            ],
            [
              "Y"
            ],
            [
              "Z"
            ],
            [
              "0"
            ]
          ],
          "mapping": {
            "X": "minecraft:air",
            "Y": "tfc:crop/maize[age=1,part=bottom]",
            "Z": "tfc:farmland/loam"
          }
        },
        {
          "pattern": [
            [
              "X"
            ],
            [
              "Y"
            ],
            [
              "Z"
            ],
            [
              "0"
            ]
          ],
          "mapping": {
            "X": "minecraft:air",
            "Y": "tfc:crop/maize[age=2,part=bottom]",
            "Z": "tfc:farmland/loam"
          }
        },
        {
          "pattern": [
            [
              "X"
            ],
            [
              "Y"
            ],
            [
              "Z"
            ],
            [
              "0"
            ]
          ],
          "mapping": {
            "X": "tfc:crop/maize[age=3,part=top]",
            "Y": "tfc:crop/maize[age=3,part=bottom]",
            "Z": "tfc:farmland/loam"
          }
        },
        {
          "pattern": [
            [
              "X"
            ],
            [
              "Y"
            ],
            [
              "Z"
            ],
            [
              "0"
            ]
          ],
          "mapping": {
            "X": "tfc:crop/maize[age=4,part=top]",
            "Y": "tfc:crop/maize[age=4,part=bottom]",
            "Z": "tfc:farmland/loam"
          }
        },
        {
          "pattern": [
            [
              "X"
            ],
            [
              "Y"
            ],
            [
              "Z"
            ],
            [
              "0"
            ]
          ],
          "mapping": {
            "X": "tfc:crop/maize[age=5,part=top]",
            "Y": "tfc:crop/maize[age=5,part=bottom]",
            "Z": "tfc:farmland/loam"
          }
        }
      ]
    },
    {
      "type": "patchouli:text",
      "anchor": "wheat",
      "text": "$(bold)$(l:the_world/climate#temperature)温度$()：-4 - 35 °C$(br)$(bold)$(l:mechanics/hydration)湿度$()：25 - 100 %$(br)$(bold)营养物质$()：磷$(br2)小麦是一种一格高的农作物。种植小麦会产出$(thing)小麦$()和$(thing)小麦种子$()。",
      "title": "小麦"
    },
    {
      "type": "tfc:multimultiblock",
      "text": "",
      "multiblocks": [
        {
          "pattern": [
            [
              "X"
            ],
            [
              "Y"
            ],
            [
              "0"
            ]
          ],
          "mapping": {
            "X": "tfc:crop/wheat[age=0]",
            "Y": "tfc:farmland/loam"
          }
        },
        {
          "pattern": [
            [
              "X"
            ],
            [
              "Y"
            ],
            [
              "0"
            ]
          ],
          "mapping": {
            "X": "tfc:crop/wheat[age=1]",
            "Y": "tfc:farmland/loam"
          }
        },
        {
          "pattern": [
            [
              "X"
            ],
            [
              "Y"
            ],
            [
              "0"
            ]
          ],
          "mapping": {
            "X": "tfc:crop/wheat[age=2]",
            "Y": "tfc:farmland/loam"
          }
        },
        {
          "pattern": [
            [
              "X"
            ],
            [
              "Y"
            ],
            [
              "0"
            ]
          ],
          "mapping": {
            "X": "tfc:crop/wheat[age=3]",
            "Y": "tfc:farmland/loam"
          }
        },
        {
          "pattern": [
            [
              "X"
            ],
            [
              "Y"
            ],
            [
              "0"
            ]
          ],
          "mapping": {
            "X": "tfc:crop/wheat[age=4]",
            "Y": "tfc:farmland/loam"
          }
        },
        {
          "pattern": [
            [
              "X"
            ],
            [
              "Y"
            ],
            [
              "0"
            ]
          ],
          "mapping": {
            "X": "tfc:crop/wheat[age=5]",
            "Y": "tfc:farmland/loam"
          }
        },
        {
          "pattern": [
            [
              "X"
            ],
            [
              "Y"
            ],
            [
              "0"
            ]
          ],
          "mapping": {
            "X": "tfc:crop/wheat[age=6]",
            "Y": "tfc:farmland/loam"
          }
        },
        {
          "pattern": [
            [
              "X"
            ],
            [
              "Y"
            ],
            [
              "0"
            ]
          ],
          "mapping": {
            "X": "tfc:crop/wheat[age=7]",
            "Y": "tfc:farmland/loam"
          }
        }
      ]
    },
    {
      "type": "patchouli:text",
      "anchor": "rice",
      "text": "$(bold)$(l:the_world/climate#temperature)温度$()：15 - 30 °C$(br)$(bold)$(l:mechanics/hydration)湿度$()：25 - 100 %$(br)$(bold)营养物质$()：磷$(br2)水稻是一种一格高的农作物。水稻必须种植在一格淡水深的耕地上。种植水稻会产出$(thing)水稻$()和$(thing)水稻种子$()。",
      "title": "水稻"
    },
    {
      "type": "tfc:multimultiblock",
      "text": "种植水稻种子的方块必须$(thing)含水$()。",
      "multiblocks": [
        {
          "pattern": [
            [
              "X"
            ],
            [
              "Y"
            ],
            [
              "0"
            ]
          ],
          "mapping": {
            "X": "tfc:crop/rice[age=0,fluid=water]",
            "Y": "tfc:farmland/loam"
          }
        },
        {
          "pattern": [
            [
              "X"
            ],
            [
              "Y"
            ],
            [
              "0"
            ]
          ],
          "mapping": {
            "X": "tfc:crop/rice[age=1,fluid=water]",
            "Y": "tfc:farmland/loam"
          }
        },
        {
          "pattern": [
            [
              "X"
            ],
            [
              "Y"
            ],
            [
              "0"
            ]
          ],
          "mapping": {
            "X": "tfc:crop/rice[age=2,fluid=water]",
            "Y": "tfc:farmland/loam"
          }
        },
        {
          "pattern": [
            [
              "X"
            ],
            [
              "Y"
            ],
            [
              "0"
            ]
          ],
          "mapping": {
            "X": "tfc:crop/rice[age=3,fluid=water]",
            "Y": "tfc:farmland/loam"
          }
        },
        {
          "pattern": [
            [
              "X"
            ],
            [
              "Y"
            ],
            [
              "0"
            ]
          ],
          "mapping": {
            "X": "tfc:crop/rice[age=4,fluid=water]",
            "Y": "tfc:farmland/loam"
          }
        },
        {
          "pattern": [
            [
              "X"
            ],
            [
              "Y"
            ],
            [
              "0"
            ]
          ],
          "mapping": {
            "X": "tfc:crop/rice[age=5,fluid=water]",
            "Y": "tfc:farmland/loam"
          }
        },
        {
          "pattern": [
            [
              "X"
            ],
            [
              "Y"
            ],
            [
              "0"
            ]
          ],
          "mapping": {
            "X": "tfc:crop/rice[age=6,fluid=water]",
            "Y": "tfc:farmland/loam"
          }
        },
        {
          "pattern": [
            [
              "X"
            ],
            [
              "Y"
            ],
            [
              "0"
            ]
          ],
          "mapping": {
            "X": "tfc:crop/rice[age=7,fluid=water]",
            "Y": "tfc:farmland/loam"
          }
        }
      ]
    },
    {
      "type": "patchouli:text",
      "anchor": "beet",
      "text": "$(bold)$(l:the_world/climate#temperature)温度$()：-5 - 20 °C$(br)$(bold)$(l:mechanics/hydration)湿度$()：18 - 85 %$(br)$(bold)营养物质$()：钾$(br2)甜菜是一种一格高的农作物。种植甜菜会产出$(thing)甜菜$()和$(thing)甜菜种子$()。",
      "title": "甜菜"
    },
    {
      "type": "tfc:multimultiblock",
      "text": "",
      "multiblocks": [
        {
          "pattern": [
            [
              "X"
            ],
            [
              "Y"
            ],
            [
              "0"
            ]
          ],
          "mapping": {
            "X": "tfc:crop/beet[age=0]",
            "Y": "tfc:farmland/loam"
          }
        },
        {
          "pattern": [
            [
              "X"
            ],
            [
              "Y"
            ],
            [
              "0"
            ]
          ],
          "mapping": {
            "X": "tfc:crop/beet[age=1]",
            "Y": "tfc:farmland/loam"
          }
        },
        {
          "pattern": [
            [
              "X"
            ],
            [
              "Y"
            ],
            [
              "0"
            ]
          ],
          "mapping": {
            "X": "tfc:crop/beet[age=2]",
            "Y": "tfc:farmland/loam"
          }
        },
        {
          "pattern": [
            [
              "X"
            ],
            [
              "Y"
            ],
            [
              "0"
            ]
          ],
          "mapping": {
            "X": "tfc:crop/beet[age=3]",
            "Y": "tfc:farmland/loam"
          }
        },
        {
          "pattern": [
            [
              "X"
            ],
            [
              "Y"
            ],
            [
              "0"
            ]
          ],
          "mapping": {
            "X": "tfc:crop/beet[age=4]",
            "Y": "tfc:farmland/loam"
          }
        },
        {
          "pattern": [
            [
              "X"
            ],
            [
              "Y"
            ],
            [
              "0"
            ]
          ],
          "mapping": {
            "X": "tfc:crop/beet[age=5]",
            "Y": "tfc:farmland/loam"
          }
        }
      ]
    },
    {
      "type": "patchouli:text",
      "anchor": "cabbage",
      "text": "$(bold)$(l:the_world/climate#temperature)温度$()：-10 - 27 °C$(br)$(bold)$(l:mechanics/hydration)湿度$()：15 - 65 %$(br)$(bold)营养物质$()：氮$(br2)卷心菜是一种一格高的农作物。种植卷心菜会产出$(thing)卷心菜$()和$(thing)卷心菜种子$()。",
      "title": "卷心菜"
    },
    {
      "type": "tfc:multimultiblock",
      "text": "",
      "multiblocks": [
        {
          "pattern": [
            [
              "X"
            ],
            [
              "Y"
            ],
            [
              "0"
            ]
          ],
          "mapping": {
            "X": "tfc:crop/cabbage[age=0]",
            "Y": "tfc:farmland/loam"
          }
        },
        {
          "pattern": [
            [
              "X"
            ],
            [
              "Y"
            ],
            [
              "0"
            ]
          ],
          "mapping": {
            "X": "tfc:crop/cabbage[age=1]",
            "Y": "tfc:farmland/loam"
          }
        },
        {
          "pattern": [
            [
              "X"
            ],
            [
              "Y"
            ],
            [
              "0"
            ]
          ],
          "mapping": {
            "X": "tfc:crop/cabbage[age=2]",
            "Y": "tfc:farmland/loam"
          }
        },
        {
          "pattern": [
            [
              "X"
            ],
            [
              "Y"
            ],
            [
              "0"
            ]
          ],
          "mapping": {
            "X": "tfc:crop/cabbage[age=3]",
            "Y": "tfc:farmland/loam"
          }
        },
        {
          "pattern": [
            [
              "X"
            ],
            [
              "Y"
            ],
            [
              "0"
            ]
          ],
          "mapping": {
            "X": "tfc:crop/cabbage[age=4]",
            "Y": "tfc:farmland/loam"
          }
        },
        {
          "pattern": [
            [
              "X"
            ],
            [
              "Y"
            ],
            [
              "0"
            ]
          ],
          "mapping": {
            "X": "tfc:crop/cabbage[age=5]",
            "Y": "tfc:farmland/loam"
          }
        }
      ]
    },
    {
      "type": "patchouli:text",
      "anchor": "carrot",
      "text": "$(bold)$(l:the_world/climate#temperature)温度$()：3 - 30 °C$(br)$(bold)$(l:mechanics/hydration)湿度$()：25 - 100 %$(br)$(bold)营养物质$()：钾$(br2)胡萝卜是一种一格高的农作物。种植胡萝卜会产出$(thing)胡萝卜$()和$(thing)胡萝卜种子$()。",
      "title": "胡萝卜"
    },
    {
      "type": "tfc:multimultiblock",
      "text": "",
      "multiblocks": [
        {
          "pattern": [
            [
              "X"
            ],
            [
              "Y"
            ],
            [
              "0"
            ]
          ],
          "mapping": {
            "X": "tfc:crop/carrot[age=0]",
            "Y": "tfc:farmland/loam"
          }
        },
        {
          "pattern": [
            [
              "X"
            ],
            [
              "Y"
            ],
            [
              "0"
            ]
          ],
          "mapping": {
            "X": "tfc:crop/carrot[age=1]",
            "Y": "tfc:farmland/loam"
          }
        },
        {
          "pattern": [
            [
              "X"
            ],
            [
              "Y"
            ],
            [
              "0"
            ]
          ],
          "mapping": {
            "X": "tfc:crop/carrot[age=2]",
            "Y": "tfc:farmland/loam"
          }
        },
        {
          "pattern": [
            [
              "X"
            ],
            [
              "Y"
            ],
            [
              "0"
            ]
          ],
          "mapping": {
            "X": "tfc:crop/carrot[age=3]",
            "Y": "tfc:farmland/loam"
          }
        },
        {
          "pattern": [
            [
              "X"
            ],
            [
              "Y"
            ],
            [
              "0"
            ]
          ],
          "mapping": {
            "X": "tfc:crop/carrot[age=4]",
            "Y": "tfc:farmland/loam"
          }
        }
      ]
    },
    {
      "type": "patchouli:text",
      "anchor": "garlic",
      "text": "$(bold)$(l:the_world/climate#temperature)温度$()：-20 - 18 °C$(br)$(bold)$(l:mechanics/hydration)湿度$()：15 - 75 %$(br)$(bold)营养物质$()：氮$(br2)大蒜是一种一格高的农作物。种植大蒜会产出$(thing)大蒜$()和$(thing)大蒜种子$()。",
      "title": "大蒜"
    },
    {
      "type": "tfc:multimultiblock",
      "text": "",
      "multiblocks": [
        {
          "pattern": [
            [
              "X"
            ],
            [
              "Y"
            ],
            [
              "0"
            ]
          ],
          "mapping": {
            "X": "tfc:crop/garlic[age=0]",
            "Y": "tfc:farmland/loam"
          }
        },
        {
          "pattern": [
            [
              "X"
            ],
            [
              "Y"
            ],
            [
              "0"
            ]
          ],
          "mapping": {
            "X": "tfc:crop/garlic[age=1]",
            "Y": "tfc:farmland/loam"
          }
        },
        {
          "pattern": [
            [
              "X"
            ],
            [
              "Y"
            ],
            [
              "0"
            ]
          ],
          "mapping": {
            "X": "tfc:crop/garlic[age=2]",
            "Y": "tfc:farmland/loam"
          }
        },
        {
          "pattern": [
            [
              "X"
            ],
            [
              "Y"
            ],
            [
              "0"
            ]
          ],
          "mapping": {
            "X": "tfc:crop/garlic[age=3]",
            "Y": "tfc:farmland/loam"
          }
        },
        {
          "pattern": [
            [
              "X"
            ],
            [
              "Y"
            ],
            [
              "0"
            ]
          ],
          "mapping": {
            "X": "tfc:crop/garlic[age=4]",
            "Y": "tfc:farmland/loam"
          }
        }
      ]
    },
    {
      "type": "patchouli:text",
      "anchor": "green_bean",
      "text": "$(bold)$(l:the_world/climate#temperature)温度$()：2 - 35 °C$(br)$(bold)$(l:mechanics/hydration)湿度$()：38 - 100 %$(br)$(bold)营养物质$()：氮$(br2)青豆是一种攀爬作物。如果耕地上插有木棍，青豆能长到两格高。种植青豆会产出$(thing)青豆$()和$(thing)青豆种子$()。",
      "title": "青豆"
    },
    {
      "type": "tfc:multimultiblock",
      "text": "需要插木棍才能使作物充分生长。",
      "multiblocks": [
        {
          "pattern": [
            [
              "X"
            ],
            [
              "Y"
            ],
            [
              "Z"
            ],
            [
              "0"
            ]
          ],
          "mapping": {
            "X": "tfc:crop/green_bean[age=0,part=top,stick=true]",
            "Y": "tfc:crop/green_bean[age=0,part=bottom,stick=true]",
            "Z": "tfc:farmland/loam"
          }
        },
        {
          "pattern": [
            [
              "X"
            ],
            [
              "Y"
            ],
            [
              "Z"
            ],
            [
              "0"
            ]
          ],
          "mapping": {
            "X": "tfc:crop/green_bean[age=1,part=top,stick=true]",
            "Y": "tfc:crop/green_bean[age=1,part=bottom,stick=true]",
            "Z": "tfc:farmland/loam"
          }
        },
        {
          "pattern": [
            [
              "X"
            ],
            [
              "Y"
            ],
            [
              "Z"
            ],
            [
              "0"
            ]
          ],
          "mapping": {
            "X": "tfc:crop/green_bean[age=2,part=top,stick=true]",
            "Y": "tfc:crop/green_bean[age=2,part=bottom,stick=true]",
            "Z": "tfc:farmland/loam"
          }
        },
        {
          "pattern": [
            [
              "X"
            ],
            [
              "Y"
            ],
            [
              "Z"
            ],
            [
              "0"
            ]
          ],
          "mapping": {
            "X": "tfc:crop/green_bean[age=3,part=top,stick=true]",
            "Y": "tfc:crop/green_bean[age=3,part=bottom,stick=true]",
            "Z": "tfc:farmland/loam"
          }
        },
        {
          "pattern": [
            [
              "X"
            ],
            [
              "Y"
            ],
            [
              "Z"
            ],
            [
              "0"
            ]
          ],
          "mapping": {
            "X": "tfc:crop/green_bean[age=4,part=top,stick=true]",
            "Y": "tfc:crop/green_bean[age=4,part=bottom,stick=true]",
            "Z": "tfc:farmland/loam"
          }
        },
        {
          "pattern": [
            [
              "X"
            ],
            [
              "Y"
            ],
            [
              "Z"
            ],
            [
              "0"
            ]
          ],
          "mapping": {
            "X": "tfc:crop/green_bean[age=5,part=top,stick=true]",
            "Y": "tfc:crop/green_bean[age=5,part=bottom,stick=true]",
            "Z": "tfc:farmland/loam"
          }
        },
        {
          "pattern": [
            [
              "X"
            ],
            [
              "Y"
            ],
            [
              "Z"
            ],
            [
              "0"
            ]
          ],
          "mapping": {
            "X": "tfc:crop/green_bean[age=6,part=top,stick=true]",
            "Y": "tfc:crop/green_bean[age=6,part=bottom,stick=true]",
            "Z": "tfc:farmland/loam"
          }
        },
        {
          "pattern": [
            [
              "X"
            ],
            [
              "Y"
            ],
            [
              "Z"
            ],
            [
              "0"
            ]
          ],
          "mapping": {
            "X": "tfc:crop/green_bean[age=7,part=top,stick=true]",
            "Y": "tfc:crop/green_bean[age=7,part=bottom,stick=true]",
            "Z": "tfc:farmland/loam"
          }
        }
      ]
    },
    {
      "type": "patchouli:text",
      "anchor": "potato",
      "text": "$(bold)$(l:the_world/climate#temperature)温度$()：-1 - 37 °C$(br)$(bold)$(l:mechanics/hydration)湿度$()：50 - 100 %$(br)$(bold)营养物质$()：钾$(br2)马铃薯是一种一格高的农作物。种植马铃薯会产出$(thing)马铃薯$()和$(thing)马铃薯种子$()。",
      "title": "马铃薯"
    },
    {
      "type": "tfc:multimultiblock",
      "text": "",
      "multiblocks": [
        {
          "pattern": [
            [
              "X"
            ],
            [
              "Y"
            ],
            [
              "0"
            ]
          ],
          "mapping": {
            "X": "tfc:crop/potato[age=0]",
            "Y": "tfc:farmland/loam"
          }
        },
        {
          "pattern": [
            [
              "X"
            ],
            [
              "Y"
            ],
            [
              "0"
            ]
          ],
          "mapping": {
            "X": "tfc:crop/potato[age=1]",
            "Y": "tfc:farmland/loam"
          }
        },
        {
          "pattern": [
            [
              "X"
            ],
            [
              "Y"
            ],
            [
              "0"
            ]
          ],
          "mapping": {
            "X": "tfc:crop/potato[age=2]",
            "Y": "tfc:farmland/loam"
          }
        },
        {
          "pattern": [
            [
              "X"
            ],
            [
              "Y"
            ],
            [
              "0"
            ]
          ],
          "mapping": {
            "X": "tfc:crop/potato[age=3]",
            "Y": "tfc:farmland/loam"
          }
        },
        {
          "pattern": [
            [
              "X"
            ],
            [
              "Y"
            ],
            [
              "0"
            ]
          ],
          "mapping": {
            "X": "tfc:crop/potato[age=4]",
            "Y": "tfc:farmland/loam"
          }
        },
        {
          "pattern": [
            [
              "X"
            ],
            [
              "Y"
            ],
            [
              "0"
            ]
          ],
          "mapping": {
            "X": "tfc:crop/potato[age=5]",
            "Y": "tfc:farmland/loam"
          }
        },
        {
          "pattern": [
            [
              "X"
            ],
            [
              "Y"
            ],
            [
              "0"
            ]
          ],
          "mapping": {
            "X": "tfc:crop/potato[age=6]",
            "Y": "tfc:farmland/loam"
          }
        }
      ]
    },
    {
      "type": "patchouli:text",
      "anchor": "pumpkin",
      "text": "$(bold)$(l:the_world/climate#temperature)温度$()：0 - 30 °C$(br)$(bold)$(l:mechanics/hydration)湿度$()：30 - 80 %$(br)$(bold)营养物质$()：磷$(br2)南瓜是一种爬行作物。种植在耕地上时，南瓜梗会在成熟后在相邻位置放置最多两颗$(thing)南瓜$()。南瓜梗在入冬前可结果多次。南瓜可以制作成$(l:mechanics/lighting#jack_o_lanterns)南瓜灯$()。",
      "title": "南瓜"
    },
    {
      "type": "tfc:multimultiblock",
      "text": "",
      "multiblocks": [
        {
          "pattern": [
            [
              "   ",
              " CP",
              "   "
            ],
            [
              "GGG",
              "G0G",
              "GGG"
            ]
          ],
          "mapping": {
            "G": "tfc:farmland/loam",
            "0": "tfc:farmland/loam",
            "C": "tfc:crop/pumpkin[age=0]",
            "P": "minecraft:air"
          }
        },
        {
          "pattern": [
            [
              "   ",
              " CP",
              "   "
            ],
            [
              "GGG",
              "G0G",
              "GGG"
            ]
          ],
          "mapping": {
            "G": "tfc:farmland/loam",
            "0": "tfc:farmland/loam",
            "C": "tfc:crop/pumpkin[age=1]",
            "P": "minecraft:air"
          }
        },
        {
          "pattern": [
            [
              "   ",
              " CP",
              "   "
            ],
            [
              "GGG",
              "G0G",
              "GGG"
            ]
          ],
          "mapping": {
            "G": "tfc:farmland/loam",
            "0": "tfc:farmland/loam",
            "C": "tfc:crop/pumpkin[age=2]",
            "P": "minecraft:air"
          }
        },
        {
          "pattern": [
            [
              "   ",
              " CP",
              "   "
            ],
            [
              "GGG",
              "G0G",
              "GGG"
            ]
          ],
          "mapping": {
            "G": "tfc:farmland/loam",
            "0": "tfc:farmland/loam",
            "C": "tfc:crop/pumpkin[age=3]",
            "P": "minecraft:air"
          }
        },
        {
          "pattern": [
            [
              "   ",
              " CP",
              "   "
            ],
            [
              "GGG",
              "G0G",
              "GGG"
            ]
          ],
          "mapping": {
            "G": "tfc:farmland/loam",
            "0": "tfc:farmland/loam",
            "C": "tfc:crop/pumpkin[age=4]",
            "P": "minecraft:air"
          }
        },
        {
          "pattern": [
            [
              "   ",
              " CP",
              "   "
            ],
            [
              "GGG",
              "G0G",
              "GGG"
            ]
          ],
          "mapping": {
            "G": "tfc:farmland/loam",
            "0": "tfc:farmland/loam",
            "C": "tfc:crop/pumpkin[age=5]",
            "P": "minecraft:air"
          }
        },
        {
          "pattern": [
            [
              "   ",
              " CP",
              "   "
            ],
            [
              "GGG",
              "G0G",
              "GGG"
            ]
          ],
          "mapping": {
            "G": "tfc:farmland/loam",
            "0": "tfc:farmland/loam",
            "C": "tfc:crop/pumpkin[age=6]",
            "P": "minecraft:air"
          }
        },
        {
          "pattern": [
            [
              "   ",
              " CP",
              "   "
            ],
            [
              "GGG",
              "G0G",
              "GGG"
            ]
          ],
          "mapping": {
            "G": "tfc:farmland/loam",
            "0": "tfc:farmland/loam",
            "C": "tfc:crop/pumpkin[age=7]",
            "P": "tfc:pumpkin"
          }
        }
      ]
    },
    {
      "type": "patchouli:text",
      "anchor": "melon",
      "text": "$(bold)$(l:the_world/climate#temperature)温度$()：5 - 37 °C$(br)$(bold)$(l:mechanics/hydration)湿度$()：75 - 100 %$(br)$(bold)营养物质$()：磷$(br2)西瓜是一种爬行作物。种植在耕地上时，西瓜梗会在成熟后在相邻位置放置最多两颗$(thing)西瓜$()。西瓜梗在入冬前可结果多次。",
      "title": "西瓜"
    },
    {
      "type": "tfc:multimultiblock",
      "text": "",
      "multiblocks": [
        {
          "pattern": [
            [
              "   ",
              " CP",
              "   "
            ],
            [
              "GGG",
              "G0G",
              "GGG"
            ]
          ],
          "mapping": {
            "G": "tfc:farmland/loam",
            "0": "tfc:farmland/loam",
            "C": "tfc:crop/melon[age=0]",
            "P": "minecraft:air"
          }
        },
        {
          "pattern": [
            [
              "   ",
              " CP",
              "   "
            ],
            [
              "GGG",
              "G0G",
              "GGG"
            ]
          ],
          "mapping": {
            "G": "tfc:farmland/loam",
            "0": "tfc:farmland/loam",
            "C": "tfc:crop/melon[age=1]",
            "P": "minecraft:air"
          }
        },
        {
          "pattern": [
            [
              "   ",
              " CP",
              "   "
            ],
            [
              "GGG",
              "G0G",
              "GGG"
            ]
          ],
          "mapping": {
            "G": "tfc:farmland/loam",
            "0": "tfc:farmland/loam",
            "C": "tfc:crop/melon[age=2]",
            "P": "minecraft:air"
          }
        },
        {
          "pattern": [
            [
              "   ",
              " CP",
              "   "
            ],
            [
              "GGG",
              "G0G",
              "GGG"
            ]
          ],
          "mapping": {
            "G": "tfc:farmland/loam",
            "0": "tfc:farmland/loam",
            "C": "tfc:crop/melon[age=3]",
            "P": "minecraft:air"
          }
        },
        {
          "pattern": [
            [
              "   ",
              " CP",
              "   "
            ],
            [
              "GGG",
              "G0G",
              "GGG"
            ]
          ],
          "mapping": {
            "G": "tfc:farmland/loam",
            "0": "tfc:farmland/loam",
            "C": "tfc:crop/melon[age=4]",
            "P": "minecraft:air"
          }
        },
        {
          "pattern": [
            [
              "   ",
              " CP",
              "   "
            ],
            [
              "GGG",
              "G0G",
              "GGG"
            ]
          ],
          "mapping": {
            "G": "tfc:farmland/loam",
            "0": "tfc:farmland/loam",
            "C": "tfc:crop/melon[age=5]",
            "P": "minecraft:air"
          }
        },
        {
          "pattern": [
            [
              "   ",
              " CP",
              "   "
            ],
            [
              "GGG",
              "G0G",
              "GGG"
            ]
          ],
          "mapping": {
            "G": "tfc:farmland/loam",
            "0": "tfc:farmland/loam",
            "C": "tfc:crop/melon[age=6]",
            "P": "minecraft:air"
          }
        },
        {
          "pattern": [
            [
              "   ",
              " CP",
              "   "
            ],
            [
              "GGG",
              "G0G",
              "GGG"
            ]
          ],
          "mapping": {
            "G": "tfc:farmland/loam",
            "0": "tfc:farmland/loam",
            "C": "tfc:crop/melon[age=7]",
            "P": "tfc:melon"
          }
        }
      ]
    },
    {
      "type": "patchouli:text",
      "anchor": "red_bell_pepper",
      "text": "$(bold)$(l:the_world/climate#temperature)温度$(): 16 - 30 °C$(br)$(bold)$(l:mechanics/hydration)湿度$(): 25 - 60 %$(br)$(bold)营养元素$(): 钾$(br2)红灯笼椒是一种可采摘的作物。当它们接近成熟时，可以按$(item)$(k:key.use)$()键以收获红灯笼椒。按$(item)$(k:key.use)$()键收割会使这种植物在下一次结果期长出更多的果实，而不是摧毁植株。",
      "title": "红灯笼椒"
    },
    {
      "type": "tfc:multimultiblock",
      "text": "",
      "multiblocks": [
        {
          "pattern": [
            [
              "X"
            ],
            [
              "Y"
            ],
            [
              "0"
            ]
          ],
          "mapping": {
            "X": "tfc:crop/red_bell_pepper[age=0]",
            "Y": "tfc:farmland/loam"
          }
        },
        {
          "pattern": [
            [
              "X"
            ],
            [
              "Y"
            ],
            [
              "0"
            ]
          ],
          "mapping": {
            "X": "tfc:crop/red_bell_pepper[age=1]",
            "Y": "tfc:farmland/loam"
          }
        },
        {
          "pattern": [
            [
              "X"
            ],
            [
              "Y"
            ],
            [
              "0"
            ]
          ],
          "mapping": {
            "X": "tfc:crop/red_bell_pepper[age=2]",
            "Y": "tfc:farmland/loam"
          }
        },
        {
          "pattern": [
            [
              "X"
            ],
            [
              "Y"
            ],
            [
              "0"
            ]
          ],
          "mapping": {
            "X": "tfc:crop/red_bell_pepper[age=3]",
            "Y": "tfc:farmland/loam"
          }
        },
        {
          "pattern": [
            [
              "X"
            ],
            [
              "Y"
            ],
            [
              "0"
            ]
          ],
          "mapping": {
            "X": "tfc:crop/red_bell_pepper[age=4]",
            "Y": "tfc:farmland/loam"
          }
        },
        {
          "pattern": [
            [
              "X"
            ],
            [
              "Y"
            ],
            [
              "0"
            ]
          ],
          "mapping": {
            "X": "tfc:crop/red_bell_pepper[age=5]",
            "Y": "tfc:farmland/loam"
          }
        },
        {
          "pattern": [
            [
              "X"
            ],
            [
              "Y"
            ],
            [
              "0"
            ]
          ],
          "mapping": {
            "X": "tfc:crop/red_bell_pepper[age=6]",
            "Y": "tfc:farmland/loam"
          }
        }
      ]
    },
    {
      "type": "patchouli:text",
      "anchor": "yellow_bell_pepper",
      "text": "$(bold)$(l:the_world/climate#temperature)温度$(): 16 - 30 °C$(br)$(bold)$(l:mechanics/hydration)湿度$(): 25 - 60 %$(br)$(bold)营养元素$(): 钾$(br2)黄灯笼椒是一种可采摘的作物。当它们接近成熟时，它们能通过按$(item)$(k:key.use)$()以收获黄灯笼椒。按$(item)$(k:key.use)$()键收割会使这种植物在下一次结果期长出更多的果实，而不是摧毁植株。",
      "title": "黄灯笼椒"
    },
    {
      "type": "tfc:multimultiblock",
      "text": "",
      "multiblocks": [
        {
          "pattern": [
            [
              "X"
            ],
            [
              "Y"
            ],
            [
              "0"
            ]
          ],
          "mapping": {
            "X": "tfc:crop/yellow_bell_pepper[age=0]",
            "Y": "tfc:farmland/loam"
          }
        },
        {
          "pattern": [
            [
              "X"
            ],
            [
              "Y"
            ],
            [
              "0"
            ]
          ],
          "mapping": {
            "X": "tfc:crop/yellow_bell_pepper[age=1]",
            "Y": "tfc:farmland/loam"
          }
        },
        {
          "pattern": [
            [
              "X"
            ],
            [
              "Y"
            ],
            [
              "0"
            ]
          ],
          "mapping": {
            "X": "tfc:crop/yellow_bell_pepper[age=2]",
            "Y": "tfc:farmland/loam"
          }
        },
        {
          "pattern": [
            [
              "X"
            ],
            [
              "Y"
            ],
            [
              "0"
            ]
          ],
          "mapping": {
            "X": "tfc:crop/yellow_bell_pepper[age=3]",
            "Y": "tfc:farmland/loam"
          }
        },
        {
          "pattern": [
            [
              "X"
            ],
            [
              "Y"
            ],
            [
              "0"
            ]
          ],
          "mapping": {
            "X": "tfc:crop/yellow_bell_pepper[age=4]",
            "Y": "tfc:farmland/loam"
          }
        },
        {
          "pattern": [
            [
              "X"
            ],
            [
              "Y"
            ],
            [
              "0"
            ]
          ],
          "mapping": {
            "X": "tfc:crop/yellow_bell_pepper[age=5]",
            "Y": "tfc:farmland/loam"
          }
        },
        {
          "pattern": [
            [
              "X"
            ],
            [
              "Y"
            ],
            [
              "0"
            ]
          ],
          "mapping": {
            "X": "tfc:crop/yellow_bell_pepper[age=6]",
            "Y": "tfc:farmland/loam"
          }
        }
      ]
    },
    {
      "type": "patchouli:text",
      "anchor": "onion",
      "text": "$(bold)$(l:the_world/climate#temperature)温度$()：0 - 30 °C$(br)$(bold)$(l:mechanics/hydration)湿度$()：25 - 90 %$(br)$(bold)营养物质$()：氮$(br2)洋葱是一种一格高的农作物。种植洋葱会产出$(thing)洋葱$()和$(thing)洋葱种子$()。",
      "title": "洋葱"
    },
    {
      "type": "tfc:multimultiblock",
      "text": "",
      "multiblocks": [
        {
          "pattern": [
            [
              "X"
            ],
            [
              "Y"
            ],
            [
              "0"
            ]
          ],
          "mapping": {
            "X": "tfc:crop/onion[age=0]",
            "Y": "tfc:farmland/loam"
          }
        },
        {
          "pattern": [
            [
              "X"
            ],
            [
              "Y"
            ],
            [
              "0"
            ]
          ],
          "mapping": {
            "X": "tfc:crop/onion[age=1]",
            "Y": "tfc:farmland/loam"
          }
        },
        {
          "pattern": [
            [
              "X"
            ],
            [
              "Y"
            ],
            [
              "0"
            ]
          ],
          "mapping": {
            "X": "tfc:crop/onion[age=2]",
            "Y": "tfc:farmland/loam"
          }
        },
        {
          "pattern": [
            [
              "X"
            ],
            [
              "Y"
            ],
            [
              "0"
            ]
          ],
          "mapping": {
            "X": "tfc:crop/onion[age=3]",
            "Y": "tfc:farmland/loam"
          }
        },
        {
          "pattern": [
            [
              "X"
            ],
            [
              "Y"
            ],
            [
              "0"
            ]
          ],
          "mapping": {
            "X": "tfc:crop/onion[age=4]",
            "Y": "tfc:farmland/loam"
          }
        },
        {
          "pattern": [
            [
              "X"
            ],
            [
              "Y"
            ],
            [
              "0"
            ]
          ],
          "mapping": {
            "X": "tfc:crop/onion[age=5]",
            "Y": "tfc:farmland/loam"
          }
        },
        {
          "pattern": [
            [
              "X"
            ],
            [
              "Y"
            ],
            [
              "0"
            ]
          ],
          "mapping": {
            "X": "tfc:crop/onion[age=6]",
            "Y": "tfc:farmland/loam"
          }
        }
      ]
    },
    {
      "type": "patchouli:text",
      "anchor": "soybean",
      "text": "$(bold)$(l:the_world/climate#temperature)温度$()：8 - 30 °C$(br)$(bold)$(l:mechanics/hydration)湿度$()：40 - 100 %$(br)$(bold)营养物质$()：氮$(br2)大豆是一种一格高的农作物。种植大豆会产出$(thing)大豆$()和$(thing)大豆种子$()。",
      "title": "大豆"
    },
    {
      "type": "tfc:multimultiblock",
      "text": "",
      "multiblocks": [
        {
          "pattern": [
            [
              "X"
            ],
            [
              "Y"
            ],
            [
              "0"
            ]
          ],
          "mapping": {
            "X": "tfc:crop/soybean[age=0]",
            "Y": "tfc:farmland/loam"
          }
        },
        {
          "pattern": [
            [
              "X"
            ],
            [
              "Y"
            ],
            [
              "0"
            ]
          ],
          "mapping": {
            "X": "tfc:crop/soybean[age=1]",
            "Y": "tfc:farmland/loam"
          }
        },
        {
          "pattern": [
            [
              "X"
            ],
            [
              "Y"
            ],
            [
              "0"
            ]
          ],
          "mapping": {
            "X": "tfc:crop/soybean[age=2]",
            "Y": "tfc:farmland/loam"
          }
        },
        {
          "pattern": [
            [
              "X"
            ],
            [
              "Y"
            ],
            [
              "0"
            ]
          ],
          "mapping": {
            "X": "tfc:crop/soybean[age=3]",
            "Y": "tfc:farmland/loam"
          }
        },
        {
          "pattern": [
            [
              "X"
            ],
            [
              "Y"
            ],
            [
              "0"
            ]
          ],
          "mapping": {
            "X": "tfc:crop/soybean[age=4]",
            "Y": "tfc:farmland/loam"
          }
        },
        {
          "pattern": [
            [
              "X"
            ],
            [
              "Y"
            ],
            [
              "0"
            ]
          ],
          "mapping": {
            "X": "tfc:crop/soybean[age=5]",
            "Y": "tfc:farmland/loam"
          }
        },
        {
          "pattern": [
            [
              "X"
            ],
            [
              "Y"
            ],
            [
              "0"
            ]
          ],
          "mapping": {
            "X": "tfc:crop/soybean[age=6]",
            "Y": "tfc:farmland/loam"
          }
        }
      ]
    },
    {
      "type": "patchouli:text",
      "anchor": "squash",
      "text": "$(bold)$(l:the_world/climate#temperature)温度$()：5 - 33 °C$(br)$(bold)$(l:mechanics/hydration)湿度$()：23 - 95 %$(br)$(bold)营养物质$()：钾$(br2)西葫芦是一种一格高的农作物。种植西葫芦会产出$(thing)西葫芦$()和$(thing)西葫芦种子$()。",
      "title": "西葫芦"
    },
    {
      "type": "tfc:multimultiblock",
      "text": "",
      "multiblocks": [
        {
          "pattern": [
            [
              "X"
            ],
            [
              "Y"
            ],
            [
              "0"
            ]
          ],
          "mapping": {
            "X": "tfc:crop/squash[age=0]",
            "Y": "tfc:farmland/loam"
          }
        },
        {
          "pattern": [
            [
              "X"
            ],
            [
              "Y"
            ],
            [
              "0"
            ]
          ],
          "mapping": {
            "X": "tfc:crop/squash[age=1]",
            "Y": "tfc:farmland/loam"
          }
        },
        {
          "pattern": [
            [
              "X"
            ],
            [
              "Y"
            ],
            [
              "0"
            ]
          ],
          "mapping": {
            "X": "tfc:crop/squash[age=2]",
            "Y": "tfc:farmland/loam"
          }
        },
        {
          "pattern": [
            [
              "X"
            ],
            [
              "Y"
            ],
            [
              "0"
            ]
          ],
          "mapping": {
            "X": "tfc:crop/squash[age=3]",
            "Y": "tfc:farmland/loam"
          }
        },
        {
          "pattern": [
            [
              "X"
            ],
            [
              "Y"
            ],
            [
              "0"
            ]
          ],
          "mapping": {
            "X": "tfc:crop/squash[age=4]",
            "Y": "tfc:farmland/loam"
          }
        },
        {
          "pattern": [
            [
              "X"
            ],
            [
              "Y"
            ],
            [
              "0"
            ]
          ],
          "mapping": {
            "X": "tfc:crop/squash[age=5]",
            "Y": "tfc:farmland/loam"
          }
        },
        {
          "pattern": [
            [
              "X"
            ],
            [
              "Y"
            ],
            [
              "0"
            ]
          ],
          "mapping": {
            "X": "tfc:crop/squash[age=6]",
            "Y": "tfc:farmland/loam"
          }
        },
        {
          "pattern": [
            [
              "X"
            ],
            [
              "Y"
            ],
            [
              "0"
            ]
          ],
          "mapping": {
            "X": "tfc:crop/squash[age=7]",
            "Y": "tfc:farmland/loam"
          }
        }
      ]
    },
    {
      "type": "patchouli:text",
      "anchor": "sugarcane",
      "text": "$(bold)$(l:the_world/climate#temperature)温度$()：12 - 38 °C$(br)$(bold)$(l:mechanics/hydration)湿度$()：40 - 100 %$(br)$(bold)营养物质$()：钾$(br2)甘蔗是一种两格高的农作物。种植甘蔗会产出$(thing)甘蔗$()和$(thing)甘蔗种子$()。甘蔗可以制成$(thing)糖$()。",
      "title": "甘蔗"
    },
    {
      "type": "tfc:multimultiblock",
      "text": "",
      "multiblocks": [
        {
          "pattern": [
            [
              "X"
            ],
            [
              "Y"
            ],
            [
              "Z"
            ],
            [
              "0"
            ]
          ],
          "mapping": {
            "X": "minecraft:air",
            "Y": "tfc:crop/sugarcane[age=0,part=bottom]",
            "Z": "tfc:farmland/loam"
          }
        },
        {
          "pattern": [
            [
              "X"
            ],
            [
              "Y"
            ],
            [
              "Z"
            ],
            [
              "0"
            ]
          ],
          "mapping": {
            "X": "minecraft:air",
            "Y": "tfc:crop/sugarcane[age=1,part=bottom]",
            "Z": "tfc:farmland/loam"
          }
        },
        {
          "pattern": [
            [
              "X"
            ],
            [
              "Y"
            ],
            [
              "Z"
            ],
            [
              "0"
            ]
          ],
          "mapping": {
            "X": "minecraft:air",
            "Y": "tfc:crop/sugarcane[age=2,part=bottom]",
            "Z": "tfc:farmland/loam"
          }
        },
        {
          "pattern": [
            [
              "X"
            ],
            [
              "Y"
            ],
            [
              "Z"
            ],
            [
              "0"
            ]
          ],
          "mapping": {
            "X": "minecraft:air",
            "Y": "tfc:crop/sugarcane[age=3,part=bottom]",
            "Z": "tfc:farmland/loam"
          }
        },
        {
          "pattern": [
            [
              "X"
            ],
            [
              "Y"
            ],
            [
              "Z"
            ],
            [
              "0"
            ]
          ],
          "mapping": {
            "X": "tfc:crop/sugarcane[age=4,part=top]",
            "Y": "tfc:crop/sugarcane[age=4,part=bottom]",
            "Z": "tfc:farmland/loam"
          }
        },
        {
          "pattern": [
            [
              "X"
            ],
            [
              "Y"
            ],
            [
              "Z"
            ],
            [
              "0"
            ]
          ],
          "mapping": {
            "X": "tfc:crop/sugarcane[age=5,part=top]",
            "Y": "tfc:crop/sugarcane[age=5,part=bottom]",
            "Z": "tfc:farmland/loam"
          }
        },
        {
          "pattern": [
            [
              "X"
            ],
            [
              "Y"
            ],
            [
              "Z"
            ],
            [
              "0"
            ]
          ],
          "mapping": {
            "X": "tfc:crop/sugarcane[age=6,part=top]",
            "Y": "tfc:crop/sugarcane[age=6,part=bottom]",
            "Z": "tfc:farmland/loam"
          }
        },
        {
          "pattern": [
            [
              "X"
            ],
            [
              "Y"
            ],
            [
              "Z"
            ],
            [
              "0"
            ]
          ],
          "mapping": {
            "X": "tfc:crop/sugarcane[age=7,part=top]",
            "Y": "tfc:crop/sugarcane[age=7,part=bottom]",
            "Z": "tfc:farmland/loam"
          }
        }
      ]
    },
    {
      "type": "patchouli:text",
      "anchor": "tomatoes",
      "text": "$(bold)$(l:the_world/climate#temperature)温度$()：0 - 36 °C$(br)$(bold)$(l:mechanics/hydration)湿度$()：30 - 95 %$(br)$(bold)营养物质$()：钾$(br2)西红柿是一种攀爬作物。如果耕地上插有木棍，西红柿能长到两格高。种植西红柿会产出$(thing)西红柿$()和$(thing)西红柿种子$()。",
      "title": "西红柿"
    },
    {
      "type": "tfc:multimultiblock",
      "text": "需要插木棍才能使作物充分生长。",
      "multiblocks": [
        {
          "pattern": [
            [
              "X"
            ],
            [
              "Y"
            ],
            [
              "Z"
            ],
            [
              "0"
            ]
          ],
          "mapping": {
            "X": "tfc:crop/tomato[age=0,part=top,stick=true]",
            "Y": "tfc:crop/tomato[age=0,part=bottom,stick=true]",
            "Z": "tfc:farmland/loam"
          }
        },
        {
          "pattern": [
            [
              "X"
            ],
            [
              "Y"
            ],
            [
              "Z"
            ],
            [
              "0"
            ]
          ],
          "mapping": {
            "X": "tfc:crop/tomato[age=1,part=top,stick=true]",
            "Y": "tfc:crop/tomato[age=1,part=bottom,stick=true]",
            "Z": "tfc:farmland/loam"
          }
        },
        {
          "pattern": [
            [
              "X"
            ],
            [
              "Y"
            ],
            [
              "Z"
            ],
            [
              "0"
            ]
          ],
          "mapping": {
            "X": "tfc:crop/tomato[age=2,part=top,stick=true]",
            "Y": "tfc:crop/tomato[age=2,part=bottom,stick=true]",
            "Z": "tfc:farmland/loam"
          }
        },
        {
          "pattern": [
            [
              "X"
            ],
            [
              "Y"
            ],
            [
              "Z"
            ],
            [
              "0"
            ]
          ],
          "mapping": {
            "X": "tfc:crop/tomato[age=3,part=top,stick=true]",
            "Y": "tfc:crop/tomato[age=3,part=bottom,stick=true]",
            "Z": "tfc:farmland/loam"
          }
        },
        {
          "pattern": [
            [
              "X"
            ],
            [
              "Y"
            ],
            [
              "Z"
            ],
            [
              "0"
            ]
          ],
          "mapping": {
            "X": "tfc:crop/tomato[age=4,part=top,stick=true]",
            "Y": "tfc:crop/tomato[age=4,part=bottom,stick=true]",
            "Z": "tfc:farmland/loam"
          }
        },
        {
          "pattern": [
            [
              "X"
            ],
            [
              "Y"
            ],
            [
              "Z"
            ],
            [
              "0"
            ]
          ],
          "mapping": {
            "X": "tfc:crop/tomato[age=5,part=top,stick=true]",
            "Y": "tfc:crop/tomato[age=5,part=bottom,stick=true]",
            "Z": "tfc:farmland/loam"
          }
        },
        {
          "pattern": [
            [
              "X"
            ],
            [
              "Y"
            ],
            [
              "Z"
            ],
            [
              "0"
            ]
          ],
          "mapping": {
            "X": "tfc:crop/tomato[age=6,part=top,stick=true]",
            "Y": "tfc:crop/tomato[age=6,part=bottom,stick=true]",
            "Z": "tfc:farmland/loam"
          }
        },
        {
          "pattern": [
            [
              "X"
            ],
            [
              "Y"
            ],
            [
              "Z"
            ],
            [
              "0"
            ]
          ],
          "mapping": {
            "X": "tfc:crop/tomato[age=7,part=top,stick=true]",
            "Y": "tfc:crop/tomato[age=7,part=bottom,stick=true]",
            "Z": "tfc:farmland/loam"
          }
        }
      ]
    },
    {
      "type": "patchouli:text",
      "anchor": "jute",
      "text": "$(bold)$(l:the_world/climate#temperature)温度$()：5 - 37 °C$(br)$(bold)$(l:mechanics/hydration)湿度$()：25 - 100 %$(br)$(bold)营养物质$()：钾$(br2)黄麻是一种两格高的农作物。种植黄麻会产出$(thing)黄麻$()和$(thing)黄麻种子$()。",
      "title": "黄麻"
    },
    {
      "type": "tfc:multimultiblock",
      "text": "",
      "multiblocks": [
        {
          "pattern": [
            [
              "X"
            ],
            [
              "Y"
            ],
            [
              "Z"
            ],
            [
              "0"
            ]
          ],
          "mapping": {
            "X": "minecraft:air",
            "Y": "tfc:crop/jute[age=0,part=bottom]",
            "Z": "tfc:farmland/loam"
          }
        },
        {
          "pattern": [
            [
              "X"
            ],
            [
              "Y"
            ],
            [
              "Z"
            ],
            [
              "0"
            ]
          ],
          "mapping": {
            "X": "minecraft:air",
            "Y": "tfc:crop/jute[age=1,part=bottom]",
            "Z": "tfc:farmland/loam"
          }
        },
        {
          "pattern": [
            [
              "X"
            ],
            [
              "Y"
            ],
            [
              "Z"
            ],
            [
              "0"
            ]
          ],
          "mapping": {
            "X": "minecraft:air",
            "Y": "tfc:crop/jute[age=2,part=bottom]",
            "Z": "tfc:farmland/loam"
          }
        },
        {
          "pattern": [
            [
              "X"
            ],
            [
              "Y"
            ],
            [
              "Z"
            ],
            [
              "0"
            ]
          ],
          "mapping": {
            "X": "tfc:crop/jute[age=3,part=top]",
            "Y": "tfc:crop/jute[age=3,part=bottom]",
            "Z": "tfc:farmland/loam"
          }
        },
        {
          "pattern": [
            [
              "X"
            ],
            [
              "Y"
            ],
            [
              "Z"
            ],
            [
              "0"
            ]
          ],
          "mapping": {
            "X": "tfc:crop/jute[age=4,part=top]",
            "Y": "tfc:crop/jute[age=4,part=bottom]",
            "Z": "tfc:farmland/loam"
          }
        },
        {
          "pattern": [
            [
              "X"
            ],
            [
              "Y"
            ],
            [
              "Z"
            ],
            [
              "0"
            ]
          ],
          "mapping": {
            "X": "tfc:crop/jute[age=5,part=top]",
            "Y": "tfc:crop/jute[age=5,part=bottom]",
            "Z": "tfc:farmland/loam"
          }
        }
      ]
    },
    {
      "type": "patchouli:text",
      "anchor": "papyrus",
      "text": "$(bold)$(l:the_world/climate#temperature)温度$(): 19 - 37 °C$(br)$(bold)$(l:mechanics/hydration)湿度$(): 70 - 100 %$(br)$(bold)营养元素$(): 钾$(br2)纸莎草是一种两格高的作物。纸莎草种子可以种植在农田里，可以长到两个方块高，它的产物是 $(l:mechanics/papermaking)纸莎草$()与$(thing)纸莎草种子$()。",
      "title": "纸莎草"
    },
    {
      "type": "tfc:multimultiblock",
      "text": "",
      "multiblocks": [
        {
          "pattern": [
            [
              "X"
            ],
            [
              "Y"
            ],
            [
              "Z"
            ],
            [
              "0"
            ]
          ],
          "mapping": {
            "X": "minecraft:air",
            "Y": "tfc:crop/papyrus[age=0,part=bottom]",
            "Z": "tfc:farmland/loam"
          }
        },
        {
          "pattern": [
            [
              "X"
            ],
            [
              "Y"
            ],
            [
              "Z"
            ],
            [
              "0"
            ]
          ],
          "mapping": {
            "X": "minecraft:air",
            "Y": "tfc:crop/papyrus[age=1,part=bottom]",
            "Z": "tfc:farmland/loam"
          }
        },
        {
          "pattern": [
            [
              "X"
            ],
            [
              "Y"
            ],
            [
              "Z"
            ],
            [
              "0"
            ]
          ],
          "mapping": {
            "X": "minecraft:air",
            "Y": "tfc:crop/papyrus[age=2,part=bottom]",
            "Z": "tfc:farmland/loam"
          }
        },
        {
          "pattern": [
            [
              "X"
            ],
            [
              "Y"
            ],
            [
              "Z"
            ],
            [
              "0"
            ]
          ],
          "mapping": {
            "X": "tfc:crop/papyrus[age=3,part=top]",
            "Y": "tfc:crop/papyrus[age=3,part=bottom]",
            "Z": "tfc:farmland/loam"
          }
        },
        {
          "pattern": [
            [
              "X"
            ],
            [
              "Y"
            ],
            [
              "Z"
            ],
            [
              "0"
            ]
          ],
          "mapping": {
            "X": "tfc:crop/papyrus[age=4,part=top]",
            "Y": "tfc:crop/papyrus[age=4,part=bottom]",
            "Z": "tfc:farmland/loam"
          }
        },
        {
          "pattern": [
            [
              "X"
            ],
            [
              "Y"
            ],
            [
              "Z"
            ],
            [
              "0"
            ]
          ],
          "mapping": {
            "X": "tfc:crop/papyrus[age=5,part=top]",
            "Y": "tfc:crop/papyrus[age=5,part=bottom]",
            "Z": "tfc:farmland/loam"
          }
        }
      ]
    }
  ],
  "read_by_default": true,
  "extra_recipe_mappings": {
    "tfc:seeds/barley": 6,
    "tfc:food/barley": 6,
    "tfc:seeds/oat": 8,
    "tfc:food/oat": 8,
    "tfc:seeds/rye": 10,
    "tfc:food/rye": 10,
    "tfc:seeds/maize": 12,
    "tfc:food/maize": 12,
    "tfc:seeds/wheat": 14,
    "tfc:food/wheat": 14,
    "tfc:seeds/rice": 16,
    "tfc:food/rice": 16,
    "tfc:seeds/beet": 18,
    "tfc:food/beet": 18,
    "tfc:seeds/cabbage": 20,
    "tfc:food/cabbage": 20,
    "tfc:seeds/carrot": 22,
    "tfc:food/carrot": 22,
    "tfc:seeds/garlic": 24,
    "tfc:food/garlic": 24,
    "tfc:seeds/green_bean": 26,
    "tfc:food/green_bean": 26,
    "tfc:seeds/potato": 28,
    "tfc:food/potato": 28,
    "tfc:seeds/pumpkin": 30,
    "tfc:seeds/melon": 32,
    "tfc:seeds/red_bell_pepper": 34,
    "tfc:seeds/yellow_bell_pepper": 36,
    "tfc:seeds/onion": 38,
    "tfc:food/onion": 38,
    "tfc:seeds/soybean": 40,
    "tfc:food/soybean": 40,
    "tfc:seeds/squash": 42,
    "tfc:food/squash": 42,
    "tfc:seeds/sugarcane": 44,
    "tfc:food/sugarcane": 44,
    "tfc:seeds/tomato": 46,
    "tfc:food/tomato": 46,
    "tfc:seeds/jute": 48,
    "tfc:jute": 48,
    "tfc:seeds/papyrus": 50,
    "tfc:papyrus": 50
  }
}