{
  "__comment__": "This file was automatically created by mcresources",
  "name": "伤害类型",
  "category": "tfc:mechanics",
  "icon": "tfc:metal/sword/red_steel",
  "pages": [
    {
      "type": "patchouli:text",
      "text": "$(thing)物理伤害的类型$()描述了玩家和生物可以造成的伤害的性质。一共有三种类型：$(thing)突刺伤害$()、$(thing)斩击伤害$()、和$(thing)打击伤害$()。有些生物对特定的伤害类型有抗性，因此部分武器对其效果不彰。"
    },
    {
      "type": "patchouli:text",
      "text": "$(thing)突刺伤害$()是由尖利的武器（例如$(thing)刀$()）、投掷物（例如$(thing)箭$()和$(thing)标枪$()）、带尖牙的怪物（例如$(thing)蜘蛛$()）和$(l:the_world/flora#cacti)仙人掌$()造成的。$(thing)骷髅$()完全免疫突刺伤害，而$(thing)僵尸$()则对其抗性较低。",
      "title": "突刺"
    },
    {
      "type": "patchouli:text",
      "text": "$(thing)斩击伤害$()是由具有长而锋利的边缘的武器造成的伤害，例如$(thing)斧头$()和$(thing)剑$()。这也包含大型$(l:the_world/wild_animals#predators)捕食者$()，例如熊和狮子等造成的伤害。$(thing)爬行者$()更容易受到斩击伤害。",
      "title": "斩击"
    },
    {
      "type": "patchouli:text",
      "text": "$(thing)打击伤害$()是由钝器造成的伤害，例如$(thing)锤子$()和$(thing)狼牙棒$()。 $(thing)僵尸$()的攻击也造成打击伤害，并且它们对打击伤害有抗性。$(thing)爬行者$()也能抵御一部分打击伤害。$(thing)骷髅$()则更容易受到打击伤害。",
      "title": "打击"
    },
    {
      "type": "patchouli:text",
      "anchor": "armor",
      "text": "$(l:mechanics/armor)盔甲$()对不同伤害具有不同的防御力。一般来说，盔甲的质量越高，防御力整体越好，但同等级的盔甲仍可能稍有差异。比如在几种青铜盔甲中，$(thing)铋铜$()盔甲更擅长防御$(thing)打击伤害$()，$(thing)黑铜$()盔甲更擅长防御$(thing)突刺伤害$()，而传统的$(thing)青铜$()对任何伤害的防御都还不错。"
    },
    {
      "type": "patchouli:text",
      "text": "对于$(thing)彩钢$()来说，$(thing)蓝钢$()更擅长防御$(thing)打击伤害$()，而$(thing)红钢$()更擅长防御$(thing)突刺伤害$()。"
    }
  ],
  "read_by_default": true
}