{
  "__comment__": "This file was automatically created by mcresources",
  "name": "堆肥",
  "category": "tfc:mechanics",
  "icon": "tfc:powder/sylvite",
  "pages": [
    {
      "type": "patchouli:text",
      "text": "堆肥的作用是为 $(l:mechanics/crops)作物$()补充营养。拿着肥料按 $(item)$(k:key.use)$()，需要鼠标指针指向 $(thing)农田$()或是$(thing)作物$()以为其施肥。这应该会出现粒子效果，当出现时，施肥就成功了。",
      "title": "施肥"
    },
    {
      "type": "patchouli:spotlight",
      "item": "tfc:compost",
      "link_recipes": false,
      "text": "堆肥是 $(l:mechanics/composter)堆肥器$()的产物。$(br)$(li)$(b)氮：40$()$(li)$(6)磷：20$()$(li)$(d)钾：40$()"
    },
    {
      "type": "patchouli:spotlight",
      "item": "minecraft:bone_meal",
      "link_recipes": false,
      "text": "骨粉是由骨头制成的。$(br)$(li)$(6)$(bold)磷$()：10$()"
    },
    {
      "type": "patchouli:spotlight",
      "item": "tfc:powder/saltpeter",
      "link_recipes": false,
      "text": "硝石粉是由它的矿石制成的。$(br)$(li)$(b)$(bold)氮$()：10$()$(li)$(d)$(bold)钾$()：40$()"
    },
    {
      "type": "patchouli:spotlight",
      "item": "tfc:groundcover/guano",
      "link_recipes": false,
      "text": "鸟粪石存在于地下深处和砾石海岸。$(br)$(li)$(b)$(bold)氮$()：80$()$(li)$(6)$(bold)磷$()：50$()$(li)$(d)$(bold)钾$()：10$()"
    },
    {
      "type": "patchouli:spotlight",
      "item": "tfc:powder/wood_ash",
      "link_recipes": false,
      "text": "草木灰是通过破坏篝火后获得的。将火把扔到水中也有机会产生草木灰。 $(br)$(li)$(6)磷：10$()$(li)$(d)钾：30$()"
    },
    {
      "type": "patchouli:spotlight",
      "item": "tfc:powder/sylvite",
      "link_recipes": false,
      "text": "钾石盐粉是由它的对应矿石磨成的。$(br)$(li)$(d)$(bold)钾$()：50$()"
    }
  ],
  "read_by_default": true
}