{
	"name": "燃料球和燃料块",
	"category": "tfc:mechanics",
	"icon": "tfcoreprocessing:kindle/firelog",
	"pages" : [
	{
		"type": "patchouli:text",
		"text": "木头作为燃料的效率并不高。虽然对于大部分配方来说它烧的足够久，但是无节制的燃烧会让你的木头很快消耗殆尽。"
	},
	{
      "type": "patchouli:spotlight",
      "anchor": "wood_pellets",
      "item": "tfcoreprocessing:kindle/wood_pellets",
      "title": "燃料球",
      "link_recipes": false,
      "text": "$(thing)燃料球$()作为燃料效率更高，它的燃烧时间跟原木一样长，但耗材只有原木的一半。"
    },
	{
      "type": "tfc:quern_recipe",
      "recipe": "tfcoreprocessing:quern/kindle/lumber_sawdust",
      "anchor": "wood_grinding",
      "title": "也磨成渣渣！",
      "text": "把木板变成$(thing)燃料球$()需要使用$(l:mechanics/quern)手推磨$()。这些粉末还不能拿来烧，得先团成球才行。"
    },
    {
      "type": "patchouli:crafting",
      "recipe": "tfcoreprocessing:compress/wood_pellets",
      "text": "把锯末团成球就能制作出$(thing)燃料球$()，这玩意的燃烧时间跟原木一样长。"
    },
    {
      "type": "patchouli:crafting",
      "recipe": "tfcoreprocessing:compress/firelog",
      "text": "用胶把这些燃料球粘起来就会得到$(thing)燃料块$()。它的燃烧时间有作为其原料的燃料球的五倍之久，也能像原木一样用在$(l:getting_started/pit_kiln)坑窑$()里，甚至收纳在原木堆里！"
    },
    {
      "type": "tfc:quern_recipe",
      "recipe": "tfcoreprocessing:quern/kindle/bamboo_fiber",
      "text": "竹子也可以做成$(thing)燃料球$()。只不过，它的燃烧时间只有普通燃料球的一半。"
    },
    {
      "type": "tfc:quern_recipe",
      "recipe": "tfcoreprocessing:quern/kindle/palm_wood_fiber",
      "text": "大部分原木需要做成木板才能被磨碎。$(thing)棕榈原木$()是其中的例外。由于其比普通原木更高的效率和热量，将原木直接转化为纤维将是更好的选择。"
    },
    {
		"type": "patchouli:text",
		"text": "请注意，棕榈纤维只能由原木，而不是由木板制成。因此，如果你想要获取$(thing)棕榈燃料球$()，你该磨碎的不是木板而是原木。这样做绝对值得，因为它的燃烧时间是棕榈原木的三倍，做成燃料块就有足足十五分钟！只不过它燃烧的温度要低一些。"
	}
    ],
	"read_by_default": true
}