{
  "__comment__": "This file was automatically created by mcresources",
  "name": "耐火粘土",
  "category": "tfc:mechanics",
  "icon": "tfc:fire_clay",
  "pages": [
    {
      "type": "patchouli:text",
      "text": "耐火粘土能做成的东西不多，但每个都是科技进步上不可或缺的要素！耐火粘土比普通粘土能承受更高的高温，因此某些高级设备只能用耐火粘土建造。"
    },
    {
      "type": "patchouli:crafting",
      "recipe": "tfc:crafting/fire_clay",
      "text": "耐火粘土是由 $(l:the_world/ores_and_minerals#graphite)石墨$()粉制成的，需要在 $(l:mechanics/quern)手推磨$()中被压碎，同时也可以使用$(l:the_world/ores_and_minerals#kaolinite)高岭石$()粉末"
    },
    {
      "type": "tfc:heat_recipe",
      "recipe": "tfc:heating/kaolin_clay",
      "text": "高岭石粉末是通过加热 $(l:the_world/ores_and_minerals#kaolinite)高岭土$()制成的。然而，这个过程并不是完美的，只有20%的粘土会形成粉末!"
    },
    {
      "type": "tfc:knapping_recipe",
      "anchor": "crucible",
      "recipe": "tfc:fire_clay_knapping/crucible",
      "text": "用耐火粘土塑形成未烧制的$(l:mechanics/crucible)坩埚$()。"
    },
    {
      "type": "tfc:knapping_recipe",
      "anchor": "fire_bricks",
      "recipe": "tfc:fire_clay_knapping/brick",
      "text": "作为理想的隔热材料，耐火砖是建造$(l:mechanics/blast_furnace)高炉$()的必需品。"
    },
    {
      "type": "tfc:knapping_recipe",
      "recipe": "tfc:fire_clay_knapping/fire_ingot_mold",
      "text": "$(thing)火锭模具$() 是 $(l:getting_started/pottery#mold)锭模具$()的一种更强的形式，与普通锭模具的十分之一几率相比，它只有百分之一的损坏几率。"
    }
  ],
  "read_by_default": true
}