{
  "__comment__": "This file was automatically created by mcresources",
  "name": "助焊剂",
  "category": "tfc:mechanics",
  "icon": "tfc:powder/flux",
  "pages": [
    {
      "type": "patchouli:text",
      "text": "助焊剂是$(l:mechanics/anvils#welding)焊接$()时的必需品，同时它也是$(l:mechanics/blast_furnace)高炉$()炼钢所必须的催化剂。助焊剂是在$(l:mechanics/quern)手推磨$()上制作的。$(br2)助焊剂最直接的获取方式是研磨$(l:the_world/ores_and_minerals#borax)硼砂$()。"
    },
    {
      "type": "tfc:quern_recipe",
      "recipe": "tfc:quern/fluxstone",
      "text": "除硼砂外，某些岩石，如$(thing)石灰岩$()、$(thing)白云岩$()、$(thing)白垩岩$()、和$(thing)大理岩$()等。$(thing)鳞甲$()、$(thing)蛤蜊$()、$(thing)软体动物$()、和$(l:the_world/wild_animals#shellfish)贝类$()等某些生物产品也可以被研磨成助焊剂。"
    }
  ],
  "read_by_default": true,
  "extra_recipe_mappings": {
    "tfc:powder/flux": 0
  }
}