{
	"name": "专业化的锻造用燃料",
	"category": "tfc:mechanics",
	"icon": "tfcoreprocessing:kindle/coke_briquette",
	"pages" : [
	{
		"type": "patchouli:text",
		"text": "你的炉子只能够烧碳基燃料，这包括$(thing)木炭$()，还有挖掘得到的煤如$(thing)烟煤$()与$(thing)褐煤$()。本章中，我们将探讨这些燃料该如何处理。"
	},
	{
      "type": "patchouli:spotlight",
      "anchor": "charcoal_pellets",
      "item": "tfcoreprocessing:kindle/charcoal_pellets",
      "title": "霉球",
      "link_recipes": false,
      "text": "与木材一样，$(thing)木炭$()也可以被磨成粉末。这些粉末可以被二次压缩成为$(thing)木炭球$()。这些小球会比正常木炭的燃烧效率更高，代价是消耗手推磨的耐久。"
  },
	{
      "type": "tfc:quern_recipe",
      "recipe": "tfcoreprocessing:quern/kindle/coal_dust_lignite",
      "title": "煤的研磨",
      "text": "你需要在$(thing)手推磨$()中研磨$(thing)木炭$()、$(thing)烟煤$()或$(thing)褐煤$()以获取煤粉。烟煤的产率比褐煤更高（6个粉末）。"
    },
    {
      "type": "patchouli:text",
      "title": "焦炭",
      "text": "焦炭是一种加工过的煤，煤需要在与制取木炭相似的条件下燃烧（无空气环境）以净化成焦炭，从而在燃烧时产生更高的温度。"
    },
    {
      "type": "tfc:heat_recipe",
      "recipe": "tfcoreprocessing:heating/coke_baking",
      "text": "$(thing)煤粉$()可以在任何地方加热成$(thing)焦炭粉$()。你有20%的概率什么都不会得到，不过其他80%的情况都会得到焦炭粉。"
    },
    {
      "type": "patchouli:crafting",
      "recipe": "tfcoreprocessing:compress/coke_pellets",
      "text": "$(thing)焦炭粉$()需要压缩成$(thing)焦炭球$()才能用于燃烧。这一点跟$(thing)煤粉$()和$(thing)煤球$()是一样的。你也可以压缩出$(thing)石墨球$()，但是石墨球可不会自己燃烧。"
    },
    {
      "type": "patchouli:crafting",
      "title": "大霉球",
      "recipe": "tfcoreprocessing:compress/charcoal_briquette",
      "text": "用胶把这些煤球粘起来就会得到$(thing)煤砖$()。它们燃烧的时间足有煤球的五倍之久，还能被收纳在原木堆里！"
    },
    {
      "type": "patchouli:text",
      "title": "专业霉球",
      "text": "一些煤砖是由两种以上的燃料球混合而成的。这些混合物的详细种类会在下文说明。"
    },
    {
      "type": "patchouli:crafting",
      "title": "焦炭-木炭混合砖",
      "recipe": "tfcoreprocessing:compress/coke_charcoal_briquette",
      "text": "使用一半焦炭，一半木炭，你可以生产出一种比木炭燃烧温度更高，时间更久的煤砖。"
    },
    {
      "type": "patchouli:crafting",
      "title": "低效木炭砖",
      "recipe": "tfcoreprocessing:compress/charcoal_wood_briquette",
      "text": "使用一半木炭，一半木材，你可以生产出一种比木炭燃烧温度更低，时间更久的煤砖。它燃烧时的温度低于木炭的熔点。"
    },
    {
      "type": "patchouli:crafting",
      "title": "低温木炭砖",
      "recipe": "tfcoreprocessing:compress/low_charcoal_briquette",
      "text": "使用1/4木炭，3/4木材，你可以生产出一种比木炭然燃烧温度低更多，但燃烧时间久更多的煤砖。它燃烧时的温度比$(thing)竹燃料块稍微高一点$()，也可以在篝火中使用。"
    },
    {
      "type": "patchouli:crafting",
      "title": "高强度木炭砖",
      "recipe": "tfcoreprocessing:compress/charcoal_graphite_briquette",
      "text": "使用六个木炭球，一个焦炭球和一个石墨球，你可以生产出一种燃烧温度难以置信的高，但是燃烧时间更短的煤砖。"
    }
    ],
	"read_by_default": true
}