{
  "__comment__": "This file was automatically created by mcresources",
  "name": "宝石",
  "category": "tfc:mechanics",
  "icon": "tfc:gem/opal",
  "pages": [
    {
      "type": "patchouli:text",
      "text": "宝石是一种会在各种不同地方生成的矿物，例如$(thing)地下河$()与 $(l:the_world/geology)火山$()内。更多精确信息见$(l:the_world/ores_and_minerals)矿石与矿物$()章节。"
    },
    {
      "type": "patchouli:spotlight",
      "item": "tag:tfc:gem_powders",
      "link_recipes": false,
      "text": "宝石可以通过$(l:mechanics/quern)手推磨$()被研磨成粉末。宝石粉末在$(l:mechanics/glassworking_applications#coloring)染色玻璃$()的工序中非常有用。"
    },
    {
      "type": "patchouli:text",
      "text": "通过$(l:mechanics/sluices)洗矿$()和$(l:mechanics/panning)淘金$()可以获得$(thing)切制宝石$()。洗矿槽可能获得的宝石种类取决于所用的原材料的岩石种类。"
    },
    {
      "type": "patchouli:text",
      "text": "相比于普通的矿石，宝石矿石有更高的$(thing)硬度$()，因此需要特定种类的镐才能挖掘。挖掘不同种类的宝石矿石所需的$(thing)镐$()的等级如下：$(br)$(li)紫水晶；钢镐$(li)钻石：黑钢镐$(li)绿宝石：钢镐$(li)青金石：锻铁镐$(li)蛋白石：锻铁镐$(li)黄铁矿：铜镐$(li)红宝石：黑钢镐$(li)蓝宝石：黑钢镐$(li)黄玉：钢镐"
    },
    {
      "type": "patchouli:text",
      "text": "切割宝石需要合成一个$(thing)砂纸$()。砂纸是由黑沙、助焊剂、胶水、任何宝石粉末和纸制成的。将未切割的宝石与砂纸合成以切割。"
    },
    {
      "type": "patchouli:crafting",
      "recipe": "tfc:crafting/sandpaper"
    }
  ],
  "read_by_default": true
}