{
  "__comment__": "This file was automatically created by mcresources",
  "name": "玻璃加工",
  "category": "tfc:mechanics",
  "icon": "tfc:silica_glass_bottle",
  "pages": [
    {
      "type": "patchouli:text",
      "text": "玻璃加工是把沙子变成玻璃的过程。要这样做，您必须制造一个 $(thing)玻璃配料$()，它有四种类型：$(br)$(br) 1. $(thing)二氧化硅$()，来自白沙。$(br) 2. $(thing)赤铁$()，来自黄、红或粉沙。$(br) 3. $(thing)橄榄石$()，来自绿沙或棕沙。$(br) 4. $(thing)火山岩$()，来自黑沙。"
    },
    {
      "type": "patchouli:crafting",
      "recipe": "tfc:crafting/silica_glass_batch",
      "text": "然后可以使用上述颜色的沙子中的一种来制作一批玻璃，加上 $(l:mechanics/glassworking#lime)石灰$() 与一种 $(l:mechanics/glassworking#potash)碳酸钾$()。"
    },
    {
      "type": "tfc:heat_recipe",
      "anchor": "lime",
      "recipe": "tfc:heating/lime",
      "text": "$(thing)石灰$()是用来制作玻璃的其中一种原料。它是一种粉末，通过 $(l:mechanics/heating)加热$() $(l:mechanics/flux)助焊剂$()制成。"
    },
    {
      "type": "tfc:heat_recipe",
      "anchor": "potash",
      "recipe": "tfc:heating/soda_ash_from_seaweed",
      "text": "一种$(thing)碳酸钾$()或同作用的物品也是制作玻璃必不可缺的物品。$(thing)苏打粉$() 也是可以用的，这是一种粉末，由加热$(thing)海藻$() 或 $(thing)海带$()制成。$(l:the_world/ores_and_minerals#saltpeter)硝石$()也能作同样的作用。"
    },
    {
      "type": "patchouli:text",
      "text": "玻璃加工的步骤先从一批玻璃开始，然后再完成一系列的步骤。这些步骤会用到一些特定的工具：$(br)$(li)A $(l:mechanics/glassworking#blowpipe)吹风管；$()，用来$(thing)吹$() 与 $(thing)拉伸$()$(li) $(l:mechanics/glassworking#paddle)桨$()，用来 $(thing)把它弄平$()$(li)$(l:mechanics/glassworking#jacks)千斤顶$()，用来 $(thing)挤压$()$(li) $(l:mechanics/glassworking#saw)宝石锯$()，用来 $(thing)锯割$()",
      "title": "贸易工具"
    },
    {
      "type": "tfc:knapping_recipe",
      "anchor": "blowpipe",
      "recipe": "tfc:clay_knapping/blowpipe",
      "text": "最重要的工具是$(thing)吹风管$()。它能通过粘土$(thing)敲击$()制成, 随后被烧制成为 $(thing)陶瓷吹风管$()。"
    },
    {
      "type": "tfc:anvil_recipe",
      "recipe": "tfc:anvil/blowpipe",
      "text": "陶瓷吹管很易碎，使用时有可能破裂。更坚固的吹风管可以在铁砧上被 $(l:mechanics/anvils#working)制作$()通过$(thing)黄铜棒$()。"
    },
    {
      "type": "patchouli:crafting",
      "anchor": "paddle",
      "recipe": "tfc:crafting/paddle",
      "text": " $(thing)扁平化$()步骤可以通过$(thing)桨$()实现，它是由木头合成的。"
    },
    {
      "type": "tfc:welding_recipe",
      "anchor": "jacks",
      "recipe": "tfc:welding/jacks",
      "text": "$(thing)挤压$()步骤可以通过$(thing)千斤顶$()实现，它由两个黄铜棒焊接在一起制成。"
    },
    {
      "type": "patchouli:crafting",
      "anchor": "saw",
      "recipe": "tfc:crafting/gem_saw",
      "text": "$(thing)锯割$()步骤能通过$(thing)宝石锯$()实现。宝石锯同时也可以被用来采集$(thing)玻璃方块$()与$(thing)玻璃板$()。"
    },
    {
      "type": "patchouli:text",
      "text": "首先，必须将吹风管上的玻璃加热至$(4)$(bold)淡红色$()。随后，手持吹风管并按住$(item)$(k:key.use)$()键以继续接下来的步骤。$().$(br2)$(bold)吹风$()$(br)当面朝正前方时使用$(thing)吹风管$()。$(br2)$(bold)拉伸$()$(br)当面朝下方时使用$(thing)吹风管$()。",
      "title": "如何制作玻璃"
    },
    {
      "type": "patchouli:text",
      "text": "$(bold)扁平化$()$(br)需要在使用$(thing)吹风管时$() 副手中拿着一个$(l:mechanics/glassworking#paddle)桨$()。$(br2)$(bold)挤压$()$(br)需要在使用 $(thing)吹风管$()时副手拿着$(l:mechanics/glassworking#jacks)千斤顶$()。$(br2)$(bold)锯割$()$(br)需要在使用$(thing)吹风管$()时副手拿着$(l:mechanics/glassworking#saw)宝石锯$()。$(br2)$(bold)翻转$()$(br)需要在使用$(thing)吹风管$()时副手拿着一个$(l:mechanics/weaving#wool_cloth)羊毛布$()。"
    }
  ],
  "read_by_default": true,
  "extra_recipe_mappings": {
    "tfc:powder/lime": 2,
    "tfc:powder/soda_ash": 3,
    "tfc:paddle": 7,
    "tfc:jacks": 8,
    "tfc:gem_saw": 9
  }
}