{
  "__comment__": "This file was automatically created by mcresources",
  "name": "灯",
  "category": "tfc:mechanics",
  "icon": "tfc:metal/lamp/bismuth_bronze",
  "pages": [
    {
      "type": "patchouli:text",
      "text": "灯是一种长期光源，它们燃烧液体燃料来发光，被破坏时仍能保留内部的燃料。使用桶$(item)$(k:key.use)$()灯来为其添加燃料。它能够被$(thing)起火器$()或其他能够点火的物品点燃。$(thing)橄榄油$()和$(thing)蜡脂$()可作为灯的燃料。用箭矢射落正在发光的灯会引起火灾。"
    },
    {
      "type": "patchouli:multiblock",
      "multiblock": {
        "pattern": [
          [
            "X"
          ],
          [
            "Y"
          ],
          [
            "0"
          ]
        ],
        "mapping": {
          "X": "tfc:metal/chain/copper[axis=y]",
          "Y": "tfc:metal/lamp/copper[hanging=true,lit=true]"
        }
      },
      "name": "灯",
      "text": "A lit lamp hanging from a chain.",
      "enable_visualize": false
    },
    {
      "type": "patchouli:crafting",
      "recipe": "tfc:crafting/metal/lamp/bronze",
      "text": "灯需要先在$(l:mechanics/anvils)砧$()上锻造未完成的灯，之后将其与$(l:mechanics/glassworking_applications#lamp_glass)灯罩$()进行合成来完成。"
    },
    {
      "type": "tfc:quern_recipe",
      "anchor": "olives",
      "recipe": "tfc:quern/olive",
      "text": "$(thing)橄榄油$()就可以作为灯的燃料。要获得橄榄油，首先要制作橄榄糊。"
    },
    {
      "type": "patchouli:crafting",
      "recipe": "tfc:crafting/jute_net",
      "text": "你得做一张黄麻网。"
    },
    {
      "type": "patchouli:text",
      "text": "在$(l:mechanics/pot)锅$()里用$(thing)水$()煮$(thing)橄榄糊$()可以得到$(thing)毛橄榄油$()。把它和$(thing)黄麻网$()一起密封在$(l:mechanics/barrels)大桶$()里可以得到$(thing)橄榄油$(). 每单位橄榄油的燃烧时间是 8 游戏内小时。"
    },
    {
      "type": "patchouli:text",
      "anchor": "tallow",
      "text": "另一种较弱的燃料是$(thing)蜡脂$()。要制作蜡脂，在$(l:mechanics/pot)陶锅$()中用淡水中煮 5 份$(thing)鲸脂$()。每单位蜡脂的燃烧时间只有不到 2 游戏内小时。蜡脂可以用于制作$(l:mechanics/lighting#candles)蜡烛$()。"
    },
    {
      "type": "patchouli:multiblock",
      "multiblock": {
        "pattern": [
          [
            "X"
          ],
          [
            "0"
          ]
        ],
        "mapping": {
          "X": "tfc:metal/lamp/blue_steel[lit=true]"
        }
      },
      "name": "熔岩灯",
      "text": "熔岩灯是一种$(thing)永久光源$()。不过，只有$(l:mechanics/steel#blue_steel)蓝钢$()灯才能盛装熔岩。",
      "enable_visualize": false
    },
    {
      "type": "tfc:anvil_recipe",
      "recipe": "tfc:anvil/black_steel_chain",
      "text": "$(thing)链子$()可以用来挂灯，在$(l:mechanics/anvils)砧$()上就能锻造。"
    }
  ],
  "read_by_default": true,
  "extra_recipe_mappings": {
    "tag:tfc:lamps": 1
  }
}