{
  "__comment__": "This file was automatically created by mcresources",
  "name": "光源",
  "category": "tfc:mechanics",
  "icon": "tfc:candle",
  "pages": [
    {
      "type": "patchouli:text",
      "text": "群峦传说中有很多不同的光源，比如$(l:mechanics/lamps)灯$()，但是点灯需要燃料。其他一些光源则只需要一个火花就能点亮。"
    },
    {
      "type": "patchouli:text",
      "text": "$(li)1. $(l:mechanics/lighting#torches)火把$()$(li)2. $(l:mechanics/lighting#candles)蜡烛$()$(li)3. $(l:mechanics/lighting#jack_o_lanterns)南瓜灯$()",
      "title": "目录"
    },
    {
      "type": "tfc:heat_recipe",
      "anchor": "torches",
      "recipe": "tfc:heating/torch_from_stick",
      "text": "要制作火把，只需要用$(l:getting_started/firepit)篝火$()或其他热源来加热木棍或木棍堆。"
    },
    {
      "type": "patchouli:text",
      "text": "火把在$(thing)燃尽$()前可以燃烧 3 天。手持另一根火把或起火器并点击$(item)$(k:key.use)$()就能重新点燃燃尽的火把。"
    },
    {
      "type": "patchouli:multiblock",
      "anchor": "candles",
      "multiblock": {
        "pattern": [
          [
            "X"
          ],
          [
            "0"
          ]
        ],
        "mapping": {
          "X": "tfc:candle[candles=3,lit=true]"
        }
      },
      "name": "蜡烛",
      "text": "蜡烛可以燃烧 11 天, 并且同样可以重新点燃。",
      "enable_visualize": false
    },
    {
      "type": "tfc:sealed_barrel_recipe",
      "recipe": "tfc:barrel/candle",
      "text": "将$(thing)线$()封入装有$(thing)蜡脂$()的$(thing)大桶$()中凝固就能制成蜡烛。"
    },
    {
      "type": "patchouli:multiblock",
      "anchor": "jack_o_lanterns",
      "multiblock": {
        "pattern": [
          [
            "X"
          ],
          [
            "0"
          ]
        ],
        "mapping": {
          "X": "tfc:jack_o_lantern"
        }
      },
      "name": "南瓜灯",
      "text": "点亮$(thing)雕刻过的南瓜$()就可以将其变成南瓜灯，它可以持续发光 4.5 天，然后就会变回雕刻过的南瓜。",
      "enable_visualize": false
    },
    {
      "type": "patchouli:text",
      "text": "用$(thing)剪刀$()或$(thing)刀$()$(item)$(k:key.use)$()键点击新鲜的$(l:mechanics/crops#pumpkin)南瓜$()可以得到$(thing)雕刻过的南瓜$()。雕刻过的南瓜不会腐败，并且可以戴在头上。"
    }
  ],
  "read_by_default": true,
  "extra_recipe_mappings": {
    "tfc:candle": 4,
    "tag:tfc:colored_candles": 4,
    "tfc:jack_o_lantern": 6
  }
}