{
	"name": "金属桶",
	"category": "tfc:mechanics",
	"icon": "tfcoreprocessing:metal/barrel/gold",
	"pages" : [
	{
		"type": "patchouli:text",
		"text": "金属桶只比普通木桶多了一个优点：它们不会着火。你可以放心地把它们放在炉子和篝火附近。不过，它们的造价也会更高."
	},
	{
    "type": "patchouli:crafting",
    "recipe": "tfcoreprocessing:metal/barrel/steel_barrel",
    "text": "制作金属桶需要七片对应的金属薄板，跟金属砧所需的数量相同，不过金属桶能工作更久。你可以用几乎所有种类的金属来制作这些桶。"
  }
	],
	"read_by_default": true
}