{
	"name": "金属手推磨磨盘",
	"category": "tfc:mechanics",
	"icon": "tfcoreprocessing:cast_iron_handstone",
	"pages" : [
	{
		"type": "patchouli:text",
		"text": "石质的手推磨磨盘很便宜，但不耐用。在你处理矿物和燃料的过程中，它们会以相当快的速度消耗殆尽。"
	},
	{
    "type": "patchouli:crafting",
    "recipe": "tfcoreprocessing:cast_iron_handstone",
    "text": "有了三个耐用金属(铁或以上)的双锭和一根木棍后，你就能够做出一个比石质手推磨磨盘更耐用的替代品了。"
  },
  {
    "type": "patchouli:crafting",
    "recipe": "tfcoreprocessing:red_steel_handstone",
    "text": "红钢和蓝钢的磨盘似乎不会消耗耐久！"
  }
	],
	"read_by_default": true
}