{
	"name": "矿物加工",
	"category": "tfc:mechanics",
	"icon": "tfcoreprocessing:refined/native_gold",
	"pages" : [
	{
		"type": "patchouli:text",
		"text": "$(l:the_world/ores_and_minerals)矿物$()可以被直接$(l:getting_started/finding_ores)冶炼$()和$(l:getting_started/finding_ores)铸造$()，一开始你可以把它们装在$(l:getting_started/pottery#vessel)小缸$()里并在$(l:getting_started/pit_kiln)坑窑$()或$(l:mechanics/charcoal_forge)木炭炉$()中对其加热。不过，你也可以通过对矿物进行加工来进一步提高其产量！"
	},
	{
      "type": "tfc:quern_recipe",
      "recipe": "tfc:quern/small_native_gold",
      "anchor": "ore_grinding",
      "title": "磨成渣渣！",
      "text": "矿物加工从拥有一台$(l:mechanics/quern)手推磨$()开始。你可以将矿物磨成粉，令它们的产量提高20%！每个矿物粉含有6$(thing)mB$()金属。"
    },
     {
      "type": "tfc:sealed_barrel_recipe",
      "anchor": "slurry",
      "recipe": "tfcoreprocessing:barrel/slurry/slurry_native_gold",
      "text": "加工的第二步是制造$(thing)矿物浆液$()。这种液体由将矿物粉加入水中形成。在大桶中密封一会后，矿物粉就变成了液体。每个矿物粉需要250mB的水来使其变成250mB的浆液。"
    },
   {
      "type": "patchouli:spotlight",
      "anchor": "frothing",
      "item": "tfc:pan/empty",
      "title": "鼓大泡了",
      "link_recipes": false,
      "text": "在获得浆液之后，盛上一桶并把它倒在一个装有空淘金盘的陶锅中，让它沸腾个几分钟。这个步骤会产生四个各含有8mB金属的精制矿粉。不必担心，淘金盘在这一过程中不会被消耗。"
    },
    {
      "type": "patchouli:crafting",
      "recipe": "tfcoreprocessing:compress/compress_refined_native_gold",
      "text": "把精制矿粉压缩在一起能够进一步精制出一个含有40mB金属的压缩矿粉，不过这还没完呢。"
    },
    {
      "type": "patchouli:spotlight",
      "anchor": "roasting",
      "item": "tfcoreprocessing:roasted_brick/native_gold",
      "title": "现实中这玩意叫烧结",
      "link_recipes": false,
      "text": "只需要把一到五个压缩矿粉放进陶锅，再来上一小罐水(100mB)，就可以对你上一步得到的产物进行进一步烧结。这一步的产物是一块含有50mB，或者说是原本矿物含量一坤（2.5）倍金属的矿物砖！"
    },
     {
      "type": "patchouli:crafting",
      "recipe": "tfcoreprocessing:uncompress/uncompress_roasted_native_gold",
      "text": "产出的矿物砖可以被分解成五个含有10mB金属的烧结矿物粉，用锤子对矿物砖“八十”一下就行了。"
    }
	],
	"read_by_default": true
}