{
  "__comment__": "This file was automatically created by mcresources",
  "name": "淘金",
  "category": "tfc:mechanics",
  "icon": "tfc:textures/gui/book/icons/panning.png",
  "pages": [
    {
      "type": "patchouli:text",
      "text": "$(thing)淘金$()是一种在河流或其他水域中获取小型的特定矿石的行为。$(br2)淘金获取的矿石来自在湖泊和河流底部的砾石斑块中发现的$(thing)沉积物$()。$(br2)想要开始你的淘金之旅，你需要有一个空的淘金盘。"
    },
    {
      "type": "tfc:knapping_recipe",
      "recipe": "tfc:clay_knapping/pan",
      "text": "粘土可以$(l:getting_started/pottery)塑形$()成淘金盘，如上图所示。"
    },
    {
      "type": "tfc:heat_recipe",
      "recipe": "tfc:heating/ceramic_pan",
      "text": "$(thing)塑形$()完成后别忘了$(l:mechanics/heating)烧制$()。$(br2)你找到的$(thing)沉积物$()可能包含几种不同的矿石：原生铜、原生银、原生金或锡石。"
    },
    {
      "type": "patchouli:multiblock",
      "multiblock": {
        "pattern": [
          [
            "X"
          ],
          [
            "0"
          ]
        ],
        "mapping": {
          "X": "tfc:deposit/native_gold/slate"
        }
      },
      "name": "示例",
      "text": "板岩地貌中的原生金沉积物。",
      "enable_visualize": false
    },
    {
      "type": "patchouli:text",
      "text": "接下来你就可以开始淘金啦！$(br2)$(bold)1. $()对着含矿沉积物$(thing)使用$()淘金盘。$(br2)$(bold)2. $()站在水中时，手持淘金盘按住$(item)$(k:key.use)$()就可以开始淘洗盘中的砂砾。$(br2)$(bold)3. $()一小段时间后，如果你足够走运，你就会获得一小块矿粒。"
    },
    {
      "type": "patchouli:image",
      "images": [
        "tfc:textures/gui/book/tutorial/panning.png"
      ],
      "border": true
    },
    {
      "type": "patchouli:text",
      "text": "淘金将有可能获得三种物品: $(thing)矿石$()，$(thing)石子$()，与 $(l:mechanics/gems)宝石$()。可能性如下:$(br)$(li)矿石：50%%$(li)石子：25%%$(li)宝石：1%%$()每种岩石类型都会绑定一个特定的宝石，这是该岩石类型独有的。",
      "title": "淘金能得到的物品"
    }
  ],
  "read_by_default": true,
  "extra_recipe_mappings": {
    "tag:tfc:ore_deposits": 0
  }
}