{
  "__comment__": "This file was automatically created by mcresources",
  "name": "宠物",
  "category": "tfc:mechanics",
  "icon": "minecraft:lead",
  "pages": [
    {
      "type": "patchouli:text",
      "text": "$(thing)宠物$()是一种与$(l:mechanics/animal_husbandry)牲畜$()行为类似的动物。它们不会产出资源，但会听从玩家的指令、跟随玩家、并且帮你做捕猎和捕杀害虫等事情。"
    },
    {
      "type": "patchouli:text",
      "text": "宠物会把某个特定的玩家认作$(thing)主人$()。要成为宠物的主人，你需要给它喂食直到亲密度提高到15%。宠物只会听从来自主人的命令。$(br2)用$(l:mechanics/dye)染料$()点击宠物就可以改变它的项圈的颜色。"
    },
    {
      "type": "patchouli:entity",
      "entity": "tfc:dog{NoAI:1b,birth:-100000000L,oldDay:9223372036854775807L,geneticSize:16}",
      "scale": 0.7,
      "text": "狗"
    },
    {
      "type": "patchouli:text",
      "text": "狗是一种喜欢吃谷物、蔬菜和肉类（无论是否腐败）的宠物。它会帮助你狩猎大多数的陆地捕食者或猎物。"
    },
    {
      "type": "patchouli:entity",
      "entity": "tfc:cat{NoAI:1b,birth:-100000000L,oldDay:9223372036854775807L,geneticSize:16}",
      "scale": 0.7,
      "text": "猫"
    },
    {
      "type": "patchouli:text",
      "text": "猫是一种喜欢吃谷物、熟肉以及乳制品的宠物。它们会帮助你狩猎陆地猎物和小型鱼类。在家里的时候，猫会自行捕杀害虫，不需要命令。当被要求坐下的时候，猫可能不总是会听话。"
    },
    {
      "type": "patchouli:text",
      "text": "负责任的宠物主人需要学习如何管理自己的宠物。好在这并不是件难事。在空手的状态下按住$(item)$(k:key.sneak)$()并按下$(item)$(k:key.use)$()就可以打开$(thing)宠物面板$()。这个面板包含了一系列可以命令宠物做的事情，例如$(thing)休息$()、$(thing)我们到家了$()、$(thing)坐下$()、$(thing)跟着我$()、以及$(thing)跟我打猎$()。"
    },
    {
      "type": "patchouli:text",
      "text": "$(thing)休息$()是宠物的默认状态，点击这个命令就能让宠物回到这个状态。在休息状态下，在家里的宠物会绕着家闲逛，但是不会跑远，并且会每天睡一次觉。如果宠物离家很远，它就会毫无目的的闲逛。"
    },
    {
      "type": "patchouli:text",
      "text": "$(thing)我们到家了$()会设置这个宠物的“家”的位置。这样就可以告诉宠物，在休息的时候呆在这附近，不要跑太远。这个命令不会改变宠物现在正在做的事情。$(br2)$(thing)坐下$()会命令宠物原地坐下。然而宠物会有自己的想法，坐久了感觉无聊，就会自己站起来溜达！"
    },
    {
      "type": "patchouli:text",
      "text": "$(thing)跟我打猎$()会告诉宠物跟着你，并且在你发动攻击或被攻击的时候参加战斗。宠物只会攻击他们力所能及的敌人（例如, 猫肯定不会帮你猎杀熊！）。$(br2)$(thing)跟着我$()和“跟我打猎”类似，不同之处在于宠物不会冒险加入你的战斗。"
    }
  ],
  "read_by_default": true
}