{
  "__comment__": "This file was automatically created by mcresources",
  "name": "手推磨",
  "category": "tfc:mechanics",
  "icon": "tfc:quern",
  "pages": [
    {
      "type": "patchouli:text",
      "text": "$(thing)手推磨$()是一种研磨物品的装置。它可以制造粉末、$(l:mechanics/dye)染料$()以及其他一些物品。它是通过$(thing)底座$()与$(thing)小石子$()来装配的。$(br2)手推磨同时也能被连接到$(l:mechanics/mechanical_power#quern)机械力$()网中。"
    },
    {
      "type": "patchouli:crafting",
      "recipe": "tfc:crafting/quern",
      "text": "合成底座需要三个$(thing)平滑岩石$()以及任意三个$(thing)岩石$()方块。"
    },
    {
      "type": "patchouli:crafting",
      "recipe": "tfc:crafting/handstone",
      "text": "手推磨还需要一个$(thing)磨盘$()才能使用。"
    },
    {
      "type": "patchouli:image",
      "images": [
        "tfc:textures/gui/book/tutorial/quern_empty.png"
      ],
      "text": "对准手推磨底座的顶面按$(item)$(k:key.use)$()放上磨盘。",
      "border": true
    },
    {
      "type": "patchouli:image",
      "images": [
        "tfc:textures/gui/book/tutorial/quern_add_item.png"
      ],
      "text": "手持需要研磨的物品对准磨盘顶部的小孔按$(item)$(k:key.use)$()放入。",
      "border": true
    },
    {
      "type": "patchouli:image",
      "images": [
        "tfc:textures/gui/book/tutorial/quern_handle.png"
      ],
      "text": "对准磨盘的把手按$(item)$(k:key.use)$()旋转。",
      "border": true
    },
    {
      "type": "patchouli:image",
      "images": [
        "tfc:textures/gui/book/tutorial/quern_result.png"
      ],
      "text": "产品会在手推磨底座周围一圈出现。$(item)$(k:key.use)$()点击底座就能取出。",
      "border": true
    },
    {
      "type": "tfc:quern_recipe",
      "recipe": "tfc:quern/sulfur",
      "text": "手推磨可以将各种矿物磨成$(thing)粉末$()，例如$(thing)硫磺$()。"
    },
    {
      "type": "tfc:quern_recipe",
      "recipe": "tfc:quern/red_dye",
      "text": "$(l:mechanics/dye)染料$()可以从各种花卉中获得。"
    },
    {
      "type": "tfc:quern_recipe",
      "recipe": "tfc:quern/emerald",
      "text": "$(thing)宝石$()也可以被研磨成粉末。"
    },
    {
      "type": "tfc:quern_recipe",
      "recipe": "tfc:quern/barley_grain",
      "text": "$(thing)面粉$()也可以用手推磨获得。"
    },
    {
      "type": "tfc:quern_recipe",
      "recipe": "tfc:quern/fluxstone",
      "text": "$(l:mechanics/flux)助焊剂$()也可以用手推磨获得。"
    }
  ],
  "read_by_default": true
}