{
  "__comment__": "This file was automatically created by mcresources",
  "name": "三明治",
  "category": "tfc:mechanics",
  "icon": "tfc:textures/item/food/barley_bread_sandwich.png",
  "pages": [
    {
      "type": "patchouli:text",
      "text": "制作$(thing)三明治$()能将最多三种$(thing)蔬菜$()、$(thing)熟肉$()、或$(l:mechanics/dairy)奶酪$()，和两片$(l:mechanics/bread)面包$()组合成一顿$(thing)餐点$()。"
    },
    {
      "type": "patchouli:crafting",
      "recipe": "tfc:crafting/wheat_sandwich",
      "text": "在$(thing)工作台$()上合成三明治。"
    },
    {
      "type": "patchouli:text",
      "text": "做出来的三明治会结合所用食材以及面包所提供的营养元素、水分、和饱和度。三明治会包含面包 50% 的营养和其他食材 80% 的营养。制作三明治所用的食材不能腐败。三明治本身的保质期和所用食材剩余的保质期无关。"
    }
  ],
  "read_by_default": true,
  "extra_recipe_mappings": {
    "tfc:food/barley_bread_sandwich": 0,
    "tfc:food/maize_bread_sandwich": 0,
    "tfc:food/oat_bread_sandwich": 0,
    "tfc:food/rice_bread_sandwich": 0,
    "tfc:food/rye_bread_sandwich": 0,
    "tfc:food/wheat_bread_sandwich": 0
  }
}