{
  "__comment__": "This file was automatically created by mcresources",
  "name": "洗矿槽",
  "category": "tfc:mechanics",
  "icon": "tfc:textures/gui/book/icons/sluice.png",
  "pages": [
    {
      "type": "patchouli:text",
      "text": "$(thing)洗矿槽$()是用以处理 $(thing)矿床$()的设备，与使用$(l:mechanics/panning)淘金碗$()获得的产物相同，但是爆率不同。"
    },
    {
      "type": "patchouli:crafting",
      "recipe": "tfc:crafting/wood/sequoia_sluice",
      "text": "使用木棍和木材制作洗矿槽。"
    },
    {
      "type": "patchouli:text",
      "text": "洗矿槽被放置后会占据两个方块。为了让它正常工作，水必须流过洗矿槽的顶部并从底部流出。如果水看起来流过了整个洗矿槽，就表示它在正常工作。流进洗矿槽的水必须是水流的最后一格水，且在洗矿槽的出口处必须有一个空方块让水能够流进去。"
    },
    {
      "type": "patchouli:image",
      "images": [
        "tfc:textures/gui/book/tutorial/sluice_cross.png"
      ],
      "text": "一个正确安装的洗矿槽。",
      "border": true
    },
    {
      "type": "patchouli:text",
      "text": "要使用洗矿槽，只需要把矿石沉积物方块以物品形式丢到上游水流中，让水流把物品冲进洗矿槽，沉积物会出现在洗矿槽中。一段时间之后，洗矿的产物就有可能从下游吐出。"
    },
    {
      "type": "patchouli:image",
      "images": [
        "tfc:textures/gui/book/tutorial/sluice_in_use.png"
      ],
      "text": "一个正常工作的、里面有沉积物的洗矿槽。",
      "border": true
    },
    {
      "type": "patchouli:text",
      "text": "洗矿槽可能淘出三种可能的产物： $(thing)矿石$()，$(thing)石子$()，与 $(l:mechanics/gems)宝石$()。下面是可能性:$(br)$(li)矿石: 55%%$(li)石子: 22.5%%$(li)宝石: 0.9%%$()。每个岩石种类都有它本身独特的淘金产物，并独一无二。",
      "title": "淘金碗的产物"
    }
  ],
  "read_by_default": true,
  "extra_recipe_mappings": {
    "tag:tfc:sluices": 0
  }
}