{
  "__comment__": "This file was automatically created by mcresources",
  "name": "支撑梁与塌方",
  "category": "tfc:mechanics",
  "icon": "tfc:wood/support/oak",
  "pages": [
    {
      "type": "patchouli:text",
      "text": "群峦传说中，天然岩石并不稳定，有发生$(thing)塌方$()的危险。如果不加防范，$(thing)天然岩石$()、$(thing)矿石$()、$(thing)平滑岩石$()、和钟乳$(thing)石锥$()等方块都可能从天而降，把你砸成肉饼！$(br2)为了防止发生这等惨剧，你必须确保周围的方块都$(thing)受到支撑$()。",
      "title": "支撑梁"
    },
    {
      "type": "patchouli:text",
      "text": "每次玩家挖掘任何$(thing)天然岩石$()时，若附近存在$(thing)未被支撑的$()天然岩石，就有可能发生塌方。一旦塌方开始，即便是已经$(thing)有支撑的$()岩石也可能开始塌方。$(br2)自然生成的洞穴顶部的岩石$(thing)自然承重$()，无需人工支撑。若天然岩石的正下方存在无法发生塌方的固体方块，那么这个方块也被算作是$(thing)被支撑的$()。此外，使用$(thing)支撑梁$()可以一次支撑一大片区域。"
    },
    {
      "type": "patchouli:text",
      "text": "当有等级的$(l:the_world/ores_and_minerals)矿石$()（矿石被分为贫瘠、正常、富集三个等级）被塌方压到时，它会降级。富集矿将变为正常，正常变为贫瘠，贫瘠则将转变为原石。 矿物则将立刻变成原石。"
    },
    {
      "type": "patchouli:text",
      "text": "泥土、草、粘土、沙砾、原石与沙子同样收到重力影响。然而，有别于原版的重力方块，上述的方块将以斜坡的形式掉下，并且不能在周边没有支撑方块的情况下堆起超过一格的高度。 $(l:mechanics/sluices)矿床$()同样会塌方，但它们的矿物等级不会下降。"
    },
    {
      "type": "patchouli:crafting",
      "recipe": "tfc:crafting/wood/oak_support",
      "title": "支撑梁",
      "text": "$(thing)支撑梁$()可以用$(thing)锯$()和任意类型的$(thing)原木$()合成。$(br2)在其他方块上放置$(thing)支撑梁$()就可以产生三格高的垂直支撑梁，在梁的下方必须有固体方块作为支撑。"
    },
    {
      "type": "tfc:multimultiblock",
      "text": "放置$(thing)水平$()支撑梁可以连接距离不超过 5 个方块的两个$(thing)垂直$()支撑梁（如上图所示）。",
      "multiblocks": [
        {
          "pattern": [
            [
              "   ",
              "CRD",
              "   "
            ],
            [
              "   ",
              "V W",
              "   "
            ],
            [
              "   ",
              "V W",
              "   "
            ],
            [
              "GGG",
              "G0G",
              "GGG"
            ],
            [
              "   ",
              "   ",
              "   "
            ]
          ],
          "mapping": {
            "R": "air",
            "C": "air",
            "D": "air",
            "V": "air",
            "W": "air",
            "0": "tfc:rock/raw/andesite",
            "G": "tfc:rock/raw/andesite"
          }
        },
        {
          "pattern": [
            [
              "   ",
              "CRD",
              "   "
            ],
            [
              "   ",
              "V W",
              "   "
            ],
            [
              "   ",
              "V W",
              "   "
            ],
            [
              "GGG",
              "G0G",
              "GGG"
            ],
            [
              "   ",
              "   ",
              "   "
            ]
          ],
          "mapping": {
            "R": "air",
            "C": "tfc:wood/vertical_support/oak",
            "D": "air",
            "V": "tfc:wood/vertical_support/oak",
            "W": "air",
            "0": "tfc:rock/raw/andesite",
            "G": "tfc:rock/raw/andesite"
          }
        },
        {
          "pattern": [
            [
              "   ",
              "CRD",
              "   "
            ],
            [
              "   ",
              "V W",
              "   "
            ],
            [
              "   ",
              "V W",
              "   "
            ],
            [
              "GGG",
              "G0G",
              "GGG"
            ],
            [
              "   ",
              "   ",
              "   "
            ]
          ],
          "mapping": {
            "R": "air",
            "C": "tfc:wood/vertical_support/oak",
            "D": "tfc:wood/vertical_support/oak",
            "V": "tfc:wood/vertical_support/oak",
            "W": "tfc:wood/vertical_support/oak",
            "0": "tfc:rock/raw/andesite",
            "G": "tfc:rock/raw/andesite"
          }
        },
        {
          "pattern": [
            [
              "   ",
              "CRD",
              "   "
            ],
            [
              "   ",
              "V W",
              "   "
            ],
            [
              "   ",
              "V W",
              "   "
            ],
            [
              "GGG",
              "G0G",
              "GGG"
            ],
            [
              "   ",
              "   ",
              "   "
            ]
          ],
          "mapping": {
            "R": "tfc:wood/horizontal_support/oak[north=true,south=true]",
            "C": "tfc:wood/vertical_support/oak[south=true]",
            "D": "tfc:wood/vertical_support/oak[north=true]",
            "V": "tfc:wood/vertical_support/oak",
            "W": "tfc:wood/vertical_support/oak",
            "0": "tfc:rock/raw/andesite",
            "G": "tfc:rock/raw/andesite"
          }
        },
        {
          "pattern": [
            [
              "   ",
              "CRD",
              "   "
            ],
            [
              "   ",
              "V W",
              "   "
            ],
            [
              "   ",
              "V W",
              "   "
            ],
            [
              "GGG",
              "G0G",
              "GGG"
            ],
            [
              "   ",
              "   ",
              "   "
            ]
          ],
          "mapping": {
            "R": "tfc:wood/horizontal_support/oak[north=true,south=true]",
            "C": "tfc:wood/vertical_support/oak[south=true]",
            "D": "tfc:wood/vertical_support/oak[north=true]",
            "V": "tfc:wood/vertical_support/oak",
            "W": "tfc:wood/vertical_support/oak",
            "0": "tfc:rock/raw/andesite",
            "G": "tfc:rock/raw/andesite"
          }
        }
      ]
    },
    {
      "type": "patchouli:text",
      "text": "只有$(thing)水平支撑梁$()才能起到$(thing)支撑$()效果，垂直的和转角的都不行。每一根水平支撑梁可以支撑以自身为中心，$(bold)9 x 5 x 9$()范围内的任何方块。$(br2)除了可以用支撑梁作为支撑，岩石下面的其他固体方块（例如其他有支撑的岩石）也会提供支撑。但是需要注意的是，$(thing)楼梯$()和$(thing)台阶$()等$(thing)非固体方块$()，以及$(thing)平滑岩石$()，是$(bold)无法$()提供支撑的。"
    },
    {
      "type": "patchouli:text",
      "text": "最后注意，$(l:mechanics/chisel)凿制$()岩石和挖掘岩石一样可能导致塌方。$(br2)$(br2)北京第三区矿业委提醒您：矿道千万条，安全第一条。承重不规范，亲人两行泪！",
      "title": "凿制"
    }
  ],
  "read_by_default": true,
  "extra_recipe_mappings": {
    "tag:tfc:support_beams": 0
  }
}