{
  "__comment__": "This file was automatically created by mcresources",
  "name": "自然植物",
  "category": "tfc:the_world",
  "icon": "tfc:plant/goldenrod",
  "pages": [
    {
      "type": "patchouli:text",
      "text": "群峦传说中有许多、很多、$(italic)数不胜数$()的自然植物。$(br2)不同的$(l:the_world/climate)气候$()环境中会生成不同的植物。根据季节和温度的不同，植物会开花或休眠，从而改变外观。颜色艳丽的花往往都可以在$(l:mechanics/quern)手推磨$()中磨成$(l:mechanics/dye)染料$()。"
    },
    {
      "type": "patchouli:multiblock",
      "multiblock": {
        "pattern": [
          [
            "X"
          ],
          [
            "0"
          ]
        ],
        "mapping": {
          "X": "tfc:plant/anthurium"
        }
      },
      "name": "普通植物",
      "text": "普通植物就像小花。它们会生长在草地、泥土和农田上。",
      "enable_visualize": false
    },
    {
      "type": "patchouli:multiblock",
      "multiblock": {
        "pattern": [
          [
            "X"
          ],
          [
            "0"
          ]
        ],
        "mapping": {
          "X": "tfc:plant/sagebrush"
        }
      },
      "name": "耐旱植物",
      "text": "耐旱植物与普通植物一样，但它们可以在沙子上生长。这些植物一般只会生长在降雨量少的地区。",
      "enable_visualize": false
    },
    {
      "type": "patchouli:multiblock",
      "anchor": "cacti",
      "multiblock": {
        "pattern": [
          [
            "X"
          ],
          [
            "Y"
          ],
          [
            "0"
          ]
        ],
        "mapping": {
          "X": "tfc:plant/barrel_cactus[part=upper]",
          "Y": "tfc:plant/barrel_cactus[part=lower]"
        }
      },
      "name": "仙人掌",
      "text": "仙人掌可以长到两个方块的高度，而且会对你造成伤害!",
      "enable_visualize": false
    },
    {
      "type": "patchouli:multiblock",
      "multiblock": {
        "pattern": [
          [
            "X"
          ],
          [
            "0"
          ]
        ],
        "mapping": {
          "X": "tfc:plant/moss[down=true]"
        }
      },
      "name": "匍匐植物",
      "text": "匍匐植物会在其他方块表面爬行。它们大部分时候都会成片出现。",
      "enable_visualize": false
    },
    {
      "type": "patchouli:multiblock",
      "multiblock": {
        "pattern": [
          [
            "XY"
          ],
          [
            "0 "
          ]
        ],
        "mapping": {
          "X": "tfc:wood/wood/birch",
          "Y": "tfc:plant/licorice_fern[facing=south]"
        }
      },
      "name": "附生植物",
      "text": "附生植物只能生长在原木的侧面。",
      "enable_visualize": false
    },
    {
      "type": "patchouli:multiblock",
      "multiblock": {
        "pattern": [
          [
            "X"
          ],
          [
            "0"
          ]
        ],
        "mapping": {
          "X": "tfc:plant/bluegrass"
        }
      },
      "name": "矮草",
      "text": "矮草会随着时间推移而长高。它们也能够在泥炭和壤泥上生长。",
      "enable_visualize": false
    },
    {
      "type": "patchouli:multiblock",
      "multiblock": {
        "pattern": [
          [
            "X"
          ],
          [
            "Y"
          ],
          [
            "0"
          ]
        ],
        "mapping": {
          "X": "tfc:plant/king_fern[part=upper]",
          "Y": "tfc:plant/king_fern[part=lower]"
        }
      },
      "name": "高草",
      "text": "高度刚好够遮住你的视野。",
      "enable_visualize": false
    },
    {
      "type": "patchouli:multiblock",
      "multiblock": {
        "pattern": [
          [
            "X"
          ],
          [
            "0"
          ]
        ],
        "mapping": {
          "X": "tfc:plant/ivy[up=true,north=true]"
        }
      },
      "name": "藤蔓",
      "text": "只要足够温暖，藤蔓就会自行散布。",
      "enable_visualize": false
    },
    {
      "type": "patchouli:multiblock",
      "multiblock": {
        "pattern": [
          [
            "X"
          ],
          [
            "Y"
          ],
          [
            "0"
          ]
        ],
        "mapping": {
          "X": "tfc:plant/liana_plant",
          "Y": "tfc:plant/liana"
        }
      },
      "name": "悬垂藤",
      "text": "悬垂藤蔓以其顶部一个方块为基础向下生长。",
      "enable_visualize": false
    },
    {
      "type": "patchouli:multiblock",
      "multiblock": {
        "pattern": [
          [
            "X"
          ],
          [
            "Y"
          ],
          [
            "0"
          ]
        ],
        "mapping": {
          "X": "tfc:plant/arundo",
          "Y": "tfc:plant/arundo_plant"
        }
      },
      "name": "缠绕藤",
      "text": "缠绕藤从地面向上生长。有些品种是实心的。",
      "enable_visualize": false
    },
    {
      "type": "patchouli:text",
      "text": "水生植物只能在淡水或咸水中生成，其他方面和陆地上的植物没什么不同。一些水生植物可以烹饪成食物。",
      "title": "水生植物"
    },
    {
      "type": "patchouli:multiblock",
      "multiblock": {
        "pattern": [
          [
            "X"
          ],
          [
            "0"
          ]
        ],
        "mapping": {
          "X": "tfc:plant/sago[fluid=water]"
        }
      },
      "name": "普通水生植物",
      "text": "用$(thing)刀$()割普通水生植物可以获得$(thing)海草$()。",
      "enable_visualize": false
    },
    {
      "type": "patchouli:multiblock",
      "multiblock": {
        "pattern": [
          [
            "X"
          ],
          [
            "0"
          ]
        ],
        "mapping": {
          "X": "tfc:plant/manatee_grass[fluid=salt_water]"
        }
      },
      "name": "水草",
      "text": "水草就是生长在水中的草。",
      "enable_visualize": false
    },
    {
      "type": "patchouli:multiblock",
      "multiblock": {
        "pattern": [
          [
            "X"
          ],
          [
            "Y"
          ],
          [
            "0"
          ]
        ],
        "mapping": {
          "X": "tfc:plant/cattail[part=upper]",
          "Y": "tfc:plant/cattail[part=lower,fluid=water]"
        }
      },
      "name": "高大水生植物",
      "text": "只要下面那格有水就可以活。用$(thing)刀$()割$(thing)水生芋头$()和$()阔叶香蒲$()可以获得它们的$(thing)根$()。",
      "enable_visualize": false
    },
    {
      "type": "patchouli:multiblock",
      "multiblock": {
        "pattern": [
          [
            "X"
          ],
          [
            "Y"
          ],
          [
            "0"
          ]
        ],
        "mapping": {
          "X": "tfc:plant/duckweed",
          "Y": "minecraft:water"
        }
      },
      "name": "漂萍植物",
      "text": "漂萍植物生长在水面上。船会在接触时破坏它们。",
      "enable_visualize": false
    },
    {
      "type": "patchouli:multiblock",
      "multiblock": {
        "pattern": [
          [
            "X"
          ],
          [
            "Y"
          ],
          [
            "0"
          ]
        ],
        "mapping": {
          "X": "tfc:plant/winged_kelp[fluid=salt_water]",
          "Y": "tfc:plant/winged_kelp_plant[fluid=salt_water]"
        }
      },
      "name": "海带",
      "text": "海带是缠绕藤的水生版本。",
      "enable_visualize": false
    },
    {
      "type": "patchouli:multiblock",
      "multiblock": {
        "pattern": [
          [
            "X"
          ],
          [
            "Y"
          ],
          [
            "0"
          ]
        ],
        "mapping": {
          "X": "tfc:plant/giant_kelp_flower[facing=up,fluid=salt_water]",
          "Y": "tfc:plant/giant_kelp_plant[down=true,up=true,fluid=salt_water]"
        }
      },
      "name": "树海带",
      "text": "树海带在水下长成错综复杂的树。用$(thing)刀$()可以收获它们的花朵。",
      "enable_visualize": false
    }
  ],
  "read_by_default": true,
  "sortnum": 3
}