{
  "__comment__": "This file was automatically created by mcresources",
  "name": "矿石和矿物",
  "category": "tfc:the_world",
  "icon": "tfc:ore/normal_hematite",
  "pages": [
    {
      "type": "patchouli:text",
      "text": "群峦传说中的矿物和矿石可称得上是稀有资源。与原版不同，矿石只会生成在庞大，但稀少的$(thing)矿脉$()结构中。要想找到矿脉，就必须熟练掌握$(l:mechanics/prospecting)勘矿$()技巧。有些矿石只会出现在特定的岩石类型中或高度上。因此，勘矿的一大关键步骤便是找到正确的岩石类型和高度。"
    },
    {
      "type": "patchouli:text",
      "text": "另外，一些矿石被赋予了$(thing)等级$()。这些矿石方块可能是贫瘠、普通或富集的，不同的矿脉所含有三种类的矿石方块的比例不同。更$(thing)富集$()的矿脉能产出更多的矿物。$(br2)以下几页将为你展示各类矿石，以帮助你分辨它们的模样，以及了解如何寻找它们。"
    },
    {
      "type": "patchouli:text",
      "anchor": "native_copper",
      "text": "原生铜是$(thing)铜$()矿石的一种。它可以生成在海拔y=40以上的$(l:the_world/geology#igneous_extrusive)火成喷出岩$()中。$(br2)你也可以在$(thing)河流$()的沉积物中发现它，这些沉积物可以被$(l:mechanics/panning)淘洗$()出矿物。",
      "title": "原生铜"
    },
    {
      "type": "tfc:multimultiblock",
      "text": "英安岩中的原生铜矿。",
      "multiblocks": [
        {
          "pattern": [
            [
              "X"
            ],
            [
              "0"
            ]
          ],
          "mapping": {
            "X": "tfc:ore/poor_native_copper/dacite"
          }
        },
        {
          "pattern": [
            [
              "X"
            ],
            [
              "0"
            ]
          ],
          "mapping": {
            "X": "tfc:ore/normal_native_copper/dacite"
          }
        },
        {
          "pattern": [
            [
              "X"
            ],
            [
              "0"
            ]
          ],
          "mapping": {
            "X": "tfc:ore/rich_native_copper/dacite"
          }
        }
      ]
    },
    {
      "type": "patchouli:text",
      "anchor": "native_gold",
      "text": "原生金是$(thing)金$()矿石的一种。它可以生成在y=70以下的$(l:the_world/geology#igneous_extrusive)火成喷出岩$()和$(l:the_world/geology#igneous_intrusive)火成侵入岩中$()中，但更深的矿脉通常更大更丰盛。$(br2)你也可以在$(thing)河流$()的沉积物中发现它，这些沉积物可以被$(l:mechanics/panning)淘洗$()出矿物。",
      "title": "原生金"
    },
    {
      "type": "tfc:multimultiblock",
      "text": "闪长岩中的原生金矿。",
      "multiblocks": [
        {
          "pattern": [
            [
              "X"
            ],
            [
              "0"
            ]
          ],
          "mapping": {
            "X": "tfc:ore/poor_native_gold/diorite"
          }
        },
        {
          "pattern": [
            [
              "X"
            ],
            [
              "0"
            ]
          ],
          "mapping": {
            "X": "tfc:ore/normal_native_gold/diorite"
          }
        },
        {
          "pattern": [
            [
              "X"
            ],
            [
              "0"
            ]
          ],
          "mapping": {
            "X": "tfc:ore/rich_native_gold/diorite"
          }
        }
      ]
    },
    {
      "type": "patchouli:text",
      "anchor": "native_silver",
      "text": "原生银是$(thing)银$()矿石的一种。它在y=90以上的隆起区域中的$(thing)花岗岩$()和$(thing)闪长岩$()中会生成较为贫瘠的矿脉。更大、更丰盛的矿脉则需要去地下深处y=20以下的$(thing)花岗岩$()、$(thing)闪长岩$()、$(thing)片岩$()和$(thing)片麻岩$()中寻找。$(br2)你也可以在$(thing)河流$()的沉积物中发现它，这些沉积物可以被$(l:mechanics/panning)淘洗$()出矿物。",
      "title": "原生银"
    },
    {
      "type": "tfc:multimultiblock",
      "text": "花岗岩中的原生银矿。",
      "multiblocks": [
        {
          "pattern": [
            [
              "X"
            ],
            [
              "0"
            ]
          ],
          "mapping": {
            "X": "tfc:ore/poor_native_silver/granite"
          }
        },
        {
          "pattern": [
            [
              "X"
            ],
            [
              "0"
            ]
          ],
          "mapping": {
            "X": "tfc:ore/normal_native_silver/granite"
          }
        },
        {
          "pattern": [
            [
              "X"
            ],
            [
              "0"
            ]
          ],
          "mapping": {
            "X": "tfc:ore/rich_native_silver/granite"
          }
        }
      ]
    },
    {
      "type": "patchouli:text",
      "anchor": "tetrahedrite",
      "text": "黝铜矿是$(thing)铜$()矿石的一种。它可以生成在任何深度的$(l:the_world/geology#metamorphic)变质岩$()中，但更深的矿脉通常更丰盛。",
      "title": "黝铜矿"
    },
    {
      "type": "tfc:multimultiblock",
      "text": "片岩中的黝铜矿。",
      "multiblocks": [
        {
          "pattern": [
            [
              "X"
            ],
            [
              "0"
            ]
          ],
          "mapping": {
            "X": "tfc:ore/poor_tetrahedrite/schist"
          }
        },
        {
          "pattern": [
            [
              "X"
            ],
            [
              "0"
            ]
          ],
          "mapping": {
            "X": "tfc:ore/normal_tetrahedrite/schist"
          }
        },
        {
          "pattern": [
            [
              "X"
            ],
            [
              "0"
            ]
          ],
          "mapping": {
            "X": "tfc:ore/rich_tetrahedrite/schist"
          }
        }
      ]
    },
    {
      "type": "patchouli:text",
      "anchor": "malachite",
      "text": "孔雀石是$(thing)铜$()矿石的一种。它主要生成在任何深度的$(thing)大理岩$()、$(thing)石灰岩$()、$(thing)白垩岩$()和$(thing)白云岩中$()。但更深的矿脉通常更丰盛。",
      "title": "孔雀石"
    },
    {
      "type": "tfc:multimultiblock",
      "text": "大理岩中的孔雀石矿。",
      "multiblocks": [
        {
          "pattern": [
            [
              "X"
            ],
            [
              "0"
            ]
          ],
          "mapping": {
            "X": "tfc:ore/poor_malachite/marble"
          }
        },
        {
          "pattern": [
            [
              "X"
            ],
            [
              "0"
            ]
          ],
          "mapping": {
            "X": "tfc:ore/normal_malachite/marble"
          }
        },
        {
          "pattern": [
            [
              "X"
            ],
            [
              "0"
            ]
          ],
          "mapping": {
            "X": "tfc:ore/rich_malachite/marble"
          }
        }
      ]
    },
    {
      "type": "patchouli:text",
      "anchor": "cassiterite",
      "text": "锡石是$(thing)锡$()矿石的一种。它可以生成在高海拔、y=80以上的隆起区域或岩脉中的$(l:the_world/geology#igneous_intrusive)火成侵入岩$()中。$(br2)你也可以在$(thing)河流$()的沉积物中发现它，这些沉积物可以被$(l:mechanics/panning)淘洗$()出矿物。",
      "title": "锡石"
    },
    {
      "type": "tfc:multimultiblock",
      "text": "闪长岩中的锡石矿。",
      "multiblocks": [
        {
          "pattern": [
            [
              "X"
            ],
            [
              "0"
            ]
          ],
          "mapping": {
            "X": "tfc:ore/poor_cassiterite/diorite"
          }
        },
        {
          "pattern": [
            [
              "X"
            ],
            [
              "0"
            ]
          ],
          "mapping": {
            "X": "tfc:ore/normal_cassiterite/diorite"
          }
        },
        {
          "pattern": [
            [
              "X"
            ],
            [
              "0"
            ]
          ],
          "mapping": {
            "X": "tfc:ore/rich_cassiterite/diorite"
          }
        }
      ]
    },
    {
      "type": "patchouli:text",
      "anchor": "bismuthinite",
      "text": "辉铋矿是$(thing)铋$() 矿石的一种。它可以生成在地表附近$(l:the_world/geology#sedimentary)沉积岩$()中，但地下深处的$(l:the_world/geology#igneous_intrusive)火成侵入岩$()中的矿脉通常更大更丰盛。",
      "title": "辉铋矿"
    },
    {
      "type": "tfc:multimultiblock",
      "text": "页岩中的辉铋矿。",
      "multiblocks": [
        {
          "pattern": [
            [
              "X"
            ],
            [
              "0"
            ]
          ],
          "mapping": {
            "X": "tfc:ore/poor_bismuthinite/shale"
          }
        },
        {
          "pattern": [
            [
              "X"
            ],
            [
              "0"
            ]
          ],
          "mapping": {
            "X": "tfc:ore/normal_bismuthinite/shale"
          }
        },
        {
          "pattern": [
            [
              "X"
            ],
            [
              "0"
            ]
          ],
          "mapping": {
            "X": "tfc:ore/rich_bismuthinite/shale"
          }
        }
      ]
    },
    {
      "type": "patchouli:text",
      "anchor": "garnierite",
      "text": "绿镍矿是$(thing)镍$()矿石的一种。它可以生成在y=0以下的岩石，主要是$(thing)辉长岩$()中。别的$(l:the_world/geology#igneous_intrusive)火成侵入岩$()中也会生成更小更稀有的矿脉。",
      "title": "绿镍矿"
    },
    {
      "type": "tfc:multimultiblock",
      "text": "辉长岩中的绿镍矿。",
      "multiblocks": [
        {
          "pattern": [
            [
              "X"
            ],
            [
              "0"
            ]
          ],
          "mapping": {
            "X": "tfc:ore/poor_garnierite/gabbro"
          }
        },
        {
          "pattern": [
            [
              "X"
            ],
            [
              "0"
            ]
          ],
          "mapping": {
            "X": "tfc:ore/normal_garnierite/gabbro"
          }
        },
        {
          "pattern": [
            [
              "X"
            ],
            [
              "0"
            ]
          ],
          "mapping": {
            "X": "tfc:ore/rich_garnierite/gabbro"
          }
        }
      ]
    },
    {
      "type": "patchouli:text",
      "anchor": "hematite",
      "text": "赤铁矿是$(thing)铁$()矿石的一种。它可以在任何地表附近的$(l:the_world/geology#igneous_extrusive)火成喷出岩$()中生成大型矿脉。",
      "title": "赤铁矿"
    },
    {
      "type": "tfc:multimultiblock",
      "text": "安山岩中的赤铁矿。",
      "multiblocks": [
        {
          "pattern": [
            [
              "X"
            ],
            [
              "0"
            ]
          ],
          "mapping": {
            "X": "tfc:ore/poor_hematite/andesite"
          }
        },
        {
          "pattern": [
            [
              "X"
            ],
            [
              "0"
            ]
          ],
          "mapping": {
            "X": "tfc:ore/normal_hematite/andesite"
          }
        },
        {
          "pattern": [
            [
              "X"
            ],
            [
              "0"
            ]
          ],
          "mapping": {
            "X": "tfc:ore/rich_hematite/andesite"
          }
        }
      ]
    },
    {
      "type": "patchouli:text",
      "anchor": "magnetite",
      "text": "磁铁矿是$(thing)铁$()矿石的一种。它可以在地表附近任何$(l:the_world/geology#sedimentary)沉积岩$()中生成大型矿脉。",
      "title": "磁铁矿"
    },
    {
      "type": "tfc:multimultiblock",
      "text": "石灰石中的磁铁矿。",
      "multiblocks": [
        {
          "pattern": [
            [
              "X"
            ],
            [
              "0"
            ]
          ],
          "mapping": {
            "X": "tfc:ore/poor_magnetite/limestone"
          }
        },
        {
          "pattern": [
            [
              "X"
            ],
            [
              "0"
            ]
          ],
          "mapping": {
            "X": "tfc:ore/normal_magnetite/limestone"
          }
        },
        {
          "pattern": [
            [
              "X"
            ],
            [
              "0"
            ]
          ],
          "mapping": {
            "X": "tfc:ore/rich_magnetite/limestone"
          }
        }
      ]
    },
    {
      "type": "patchouli:text",
      "anchor": "limonite",
      "text": "褐铁矿是$(thing)铁$()矿石的一种。它可以在地表附近任何$(l:the_world/geology#sedimentary)沉积岩$()中生成大型矿脉。",
      "title": "褐铁矿"
    },
    {
      "type": "tfc:multimultiblock",
      "text": "白垩岩中的褐铁矿。",
      "multiblocks": [
        {
          "pattern": [
            [
              "X"
            ],
            [
              "0"
            ]
          ],
          "mapping": {
            "X": "tfc:ore/poor_limonite/chalk"
          }
        },
        {
          "pattern": [
            [
              "X"
            ],
            [
              "0"
            ]
          ],
          "mapping": {
            "X": "tfc:ore/normal_limonite/chalk"
          }
        },
        {
          "pattern": [
            [
              "X"
            ],
            [
              "0"
            ]
          ],
          "mapping": {
            "X": "tfc:ore/rich_limonite/chalk"
          }
        }
      ]
    },
    {
      "type": "patchouli:text",
      "anchor": "sphalerite",
      "text": "闪锌矿是$(thing)锌$()矿石的一种。它可以在地表附近的$(l:the_world/geology#igneous_extrusive)火成喷出岩$()中生成小而贫瘠的矿脉，但在地下深处的$(l:the_world/geology#igneous_intrusive)火成侵入岩$()中会生成大而丰盛的矿脉。",
      "title": "闪锌矿"
    },
    {
      "type": "tfc:multimultiblock",
      "text": "石英岩中的闪锌矿。",
      "multiblocks": [
        {
          "pattern": [
            [
              "X"
            ],
            [
              "0"
            ]
          ],
          "mapping": {
            "X": "tfc:ore/poor_sphalerite/quartzite"
          }
        },
        {
          "pattern": [
            [
              "X"
            ],
            [
              "0"
            ]
          ],
          "mapping": {
            "X": "tfc:ore/normal_sphalerite/quartzite"
          }
        },
        {
          "pattern": [
            [
              "X"
            ],
            [
              "0"
            ]
          ],
          "mapping": {
            "X": "tfc:ore/rich_sphalerite/quartzite"
          }
        }
      ]
    },
    {
      "type": "patchouli:spotlight",
      "anchor": "lignite",
      "item": "tfc:ore/lignite",
      "title": "褐煤",
      "link_recipes": false,
      "text": "褐煤是$(thing)煤矿$()的一种品质较低的矿石。它通常在$(l:the_world/geology#sedimentary)沉积岩$()中的地表附近形成非常大的平坦矿床。"
    },
    {
      "type": "patchouli:multiblock",
      "multiblock": {
        "pattern": [
          [
            "X"
          ],
          [
            "0"
          ]
        ],
        "mapping": {
          "X": "tfc:ore/lignite/dolomite"
        }
      },
      "name": "",
      "text": "白云石中的褐煤。",
      "enable_visualize": false
    },
    {
      "type": "patchouli:spotlight",
      "anchor": "bituminous_coal",
      "item": "tfc:ore/bituminous_coal",
      "title": "烟煤",
      "link_recipes": false,
      "text": "烟煤$(thing)煤矿$()的一种品质中等的矿石。它通常在$(l:the_world/geology#sedimentary)沉积岩$()中的地表附近形成非常大的平坦矿床。"
    },
    {
      "type": "patchouli:multiblock",
      "multiblock": {
        "pattern": [
          [
            "X"
          ],
          [
            "0"
          ]
        ],
        "mapping": {
          "X": "tfc:ore/bituminous_coal/chert"
        }
      },
      "name": "",
      "text": "硅质岩中的烟煤。",
      "enable_visualize": false
    },
    {
      "type": "patchouli:spotlight",
      "anchor": "kaolinite",
      "item": "tfc:kaolin_clay",
      "title": "高岭土",
      "link_recipes": false,
      "text": "高岭土是一种柔软的$(thing)矿物$()，被用于制造$(l:mechanics/fire_clay)耐火粘土$()。它通常可以在高原、原始山脉和高地等高海拔地区找到，出现在$(l:the_world/climate#temperature)温度$()至少为18°C，$(l:the_world/climate#rainfall)降雨量$()至少为300mm的环境中。$(br2)注意！高岭土只会在符合该条件的地表生成，且具有伪装能力，在看向它的草方块时只会显示普通的壤土草方块而不是高岭土草方块，因此用肉眼分辨出高岭土是一件极难的事。所幸，高岭土在一种名为火球花的植物附近生成的概率较高，挖空火球花附近的地表区域大概率能够寻得高岭土，但这也并不一定。无论如何，寻找高岭土是一个十分漫长的事情，这个过程需要心怀足够的耐心，充足的准备，而不是去群里大呼找不到！"
    },
    {
      "type": "tfc:multimultiblock",
      "text": "高岭土的变种。",
      "multiblocks": [
        {
          "pattern": [
            [
              "X"
            ],
            [
              "0"
            ]
          ],
          "mapping": {
            "X": "tfc:kaolin_clay_grass"
          }
        },
        {
          "pattern": [
            [
              "X"
            ],
            [
              "0"
            ]
          ],
          "mapping": {
            "X": "tfc:red_kaolin_clay"
          }
        },
        {
          "pattern": [
            [
              "X"
            ],
            [
              "0"
            ]
          ],
          "mapping": {
            "X": "tfc:white_kaolin_clay"
          }
        },
        {
          "pattern": [
            [
              "X"
            ],
            [
              "0"
            ]
          ],
          "mapping": {
            "X": "tfc:pink_kaolin_clay"
          }
        }
      ]
    },
    {
      "type": "patchouli:spotlight",
      "anchor": "graphite",
      "item": "tfc:ore/graphite",
      "title": "石墨",
      "link_recipes": false,
      "text": "石墨是一种$(thing)矿物$()，用于制造$(l:mechanics/fire_clay)耐火粘土$()。它通常在海拔低于y=60的$(thing)片麻岩$()、$(thing)大理岩$()、$(thing)石英岩$()和$(thing)片岩$()中生成。$(br2)注意！由于群峦传说岩层生成的规则，实际情况下的石墨大部分在y=0以下生成。若想高效率地找到石墨，请在表层岩层为石灰岩、白垩岩或白云岩的地区，向下挖掘到y=0以下的大理岩或片岩、片麻岩的的岩层（最好在洞窟中）中寻找。而不是拿着勘矿镐在地面跑来跑去，然后在群里大呼找不到！"
    },
    {
      "type": "patchouli:multiblock",
      "multiblock": {
        "pattern": [
          [
            "X"
          ],
          [
            "0"
          ]
        ],
        "mapping": {
          "X": "tfc:ore/graphite/gneiss"
        }
      },
      "name": "",
      "text": "片麻岩中的石墨。",
      "enable_visualize": false
    },
    {
      "type": "patchouli:spotlight",
      "anchor": "cinnabar",
      "item": "tfc:ore/cinnabar",
      "title": "朱砂",
      "link_recipes": false,
      "text": "朱砂是一种$(thing)矿物$()，可以在$(l:mechanics/quern)石磨$()中研磨，以获取$(thing)红石粉$()。它通常在地下深处的$(thing)石英岩$()、$(thing)花岗岩$()、$(thing)片岩$()和$(thing)片麻岩$()中生成。"
    },
    {
      "type": "patchouli:multiblock",
      "multiblock": {
        "pattern": [
          [
            "X"
          ],
          [
            "0"
          ]
        ],
        "mapping": {
          "X": "tfc:ore/cinnabar/quartzite"
        }
      },
      "name": "",
      "text": "石英岩中的朱砂。",
      "enable_visualize": false
    },
    {
      "type": "patchouli:spotlight",
      "anchor": "cryolite",
      "item": "tfc:ore/cryolite",
      "title": "冰晶石",
      "link_recipes": false,
      "text": "冰晶石是一种$(thing)矿物$()，可以在$(l:mechanics/quern)磨盘$()中研磨，以获取$(thing)红石粉$()。它通常在地下深处的$(thing)花岗岩$()和$(thing)闪长岩$()中生成。"
    },
    {
      "type": "patchouli:multiblock",
      "multiblock": {
        "pattern": [
          [
            "X"
          ],
          [
            "0"
          ]
        ],
        "mapping": {
          "X": "tfc:ore/cryolite/granite"
        }
      },
      "name": "",
      "text": "花岗岩中的冰晶石。",
      "enable_visualize": false
    },
    {
      "type": "patchouli:spotlight",
      "anchor": "saltpeter",
      "item": "tfc:ore/saltpeter",
      "title": "硝石",
      "link_recipes": false,
      "text": "硝石是一种$(thing)矿物$()，可以在$(l:mechanics/quern)磨盘$()中研磨，然后用于制作$(thing)火药$()。它通常在地表附近的$(l:the_world/geology#sedimentary)沉积岩$()中形成非常大的平坦矿床。"
    },
    {
      "type": "patchouli:multiblock",
      "multiblock": {
        "pattern": [
          [
            "X"
          ],
          [
            "0"
          ]
        ],
        "mapping": {
          "X": "tfc:ore/saltpeter/shale"
        }
      },
      "name": "",
      "text": "页岩中的硝石。",
      "enable_visualize": false
    },
    {
      "type": "patchouli:spotlight",
      "anchor": "sulfur",
      "item": "tfc:ore/sulfur",
      "title": "硫磺",
      "link_recipes": false,
      "text": "硫磺是一种$(thing)矿物$()，可以在$(l:mechanics/quern)磨盘$()中研磨，然后用于制作$(thing)火药$()。万能的火药或许可以让你摆脱龟速生长的甘蔗和可怕的苦力怕。它通常在地下深处靠近熔岩层的$(l:the_world/geology#metamorphic)变质岩$()或$(l:the_world/geology#igneous_intrusive)火成侵入岩$()中生成大而丰盛的矿脉。"
    },
    {
      "type": "patchouli:multiblock",
      "multiblock": {
        "pattern": [
          [
            "X"
          ],
          [
            "0"
          ]
        ],
        "mapping": {
          "X": "tfc:ore/sulfur/gabbro"
        }
      },
      "name": "",
      "text": "辉长岩中的硫磺",
      "enable_visualize": false
    },
    {
      "type": "patchouli:spotlight",
      "anchor": "sylvite",
      "item": "tfc:ore/sylvite",
      "title": "钾石盐",
      "link_recipes": false,
      "text": "钾石盐是一种$(thing)矿物$()，可以在$(l:mechanics/quern)磨盘$()中研磨，然后用作$(l:mechanics/fertilizers)肥料$()。它通常在地表附近的$(thing)页岩$()、$(thing)板岩$()和$(thing)燧石岩$()等岩石中形成非常大的平坦矿床。"
    },
    {
      "type": "patchouli:multiblock",
      "multiblock": {
        "pattern": [
          [
            "X"
          ],
          [
            "0"
          ]
        ],
        "mapping": {
          "X": "tfc:ore/sylvite/chert"
        }
      },
      "name": "",
      "text": "硅质岩中的钾盐",
      "enable_visualize": false
    },
    {
      "type": "patchouli:spotlight",
      "anchor": "borax",
      "item": "tfc:ore/borax",
      "title": "硼砂",
      "link_recipes": false,
      "text": "硼砂是一种$(thing)矿物$()，可以在$(l:mechanics/quern)磨盘$()中研磨，以产生$(l:mechanics/flux)助焊剂$()。它通常在地表附近的$(thing)板岩$()、$(thing)石灰岩$()和$(thing)页岩$()等岩石中形成非常大的平坦矿床。"
    },
    {
      "type": "patchouli:multiblock",
      "multiblock": {
        "pattern": [
          [
            "X"
          ],
          [
            "0"
          ]
        ],
        "mapping": {
          "X": "tfc:ore/borax/shale"
        }
      },
      "name": "",
      "text": "页岩中的硼砂。",
      "enable_visualize": false
    },
    {
      "type": "patchouli:spotlight",
      "anchor": "lapis_lazuli",
      "item": "tfc:ore/lapis_lazuli",
      "title": "青金石",
      "link_recipes": false,
      "text": "青金石是一种装饰性$(thing)矿物$()，可用于制作$(thing)染料$()。它通常以大而分散的矿脉存在于$(thing)石灰岩$()和$(thing)大理石$()中，深度在y=-20到y=80之间。"
    },
    {
      "type": "patchouli:multiblock",
      "multiblock": {
        "pattern": [
          [
            "X"
          ],
          [
            "0"
          ]
        ],
        "mapping": {
          "X": "tfc:ore/lapis_lazuli/marble"
        }
      },
      "name": "",
      "text": "大理石中的青金石",
      "enable_visualize": false
    },
    {
      "type": "patchouli:spotlight",
      "anchor": "gypsum",
      "item": "tfc:ore/gypsum",
      "title": "石膏",
      "link_recipes": false,
      "text": "石膏是一种装饰性$(thing)矿物$()，可用于制作$(l:mechanics/advanced_building_materials#alabaster)雪花石（它具有半透明或微透明的外观，使得光线能够在其表面穿透，营造出柔和的照明效果。）$()。它通常在地表附近的$(l:the_world/geology#sedimentary)沉积岩$()中生成大而平坦的矿床。"
    },
    {
      "type": "patchouli:multiblock",
      "multiblock": {
        "pattern": [
          [
            "X"
          ],
          [
            "0"
          ]
        ],
        "mapping": {
          "X": "tfc:ore/gypsum/chalk"
        }
      },
      "name": "",
      "text": "白垩岩中的石膏",
      "enable_visualize": false
    },
    {
      "type": "patchouli:spotlight",
      "anchor": "halite",
      "item": "tfc:ore/halite",
      "title": "岩盐",
      "link_recipes": false,
      "text": "岩盐是一种$(thing)矿物$()，可以在$(l:mechanics/quern)磨盘$()中研磨，制作$(thing)盐$()，而盐是一种重要的$(l:mechanics/decay#salting)防腐剂$()。岩盐通常在地表附近的$(l:the_world/geology#sedimentary)沉积岩$()中形生成非常大而平坦的矿床。"
    },
    {
      "type": "patchouli:multiblock",
      "multiblock": {
        "pattern": [
          [
            "X"
          ],
          [
            "0"
          ]
        ],
        "mapping": {
          "X": "tfc:ore/halite/chalk"
        }
      },
      "name": "",
      "text": "白垩岩中的岩盐。",
      "enable_visualize": false
    },
    {
      "type": "patchouli:spotlight",
      "anchor": "emerald",
      "item": "tfc:ore/emerald",
      "title": "祖母绿",
      "link_recipes": false,
      "text": "祖母绿是一种用来做装饰品的$(thing)宝石$()。它看起来相当漂亮，要是这个孤苦伶仃的世界上有其他人愿意用它和你交易就好了……$(br2)它的矿脉形状细长，垂直方向可达 60 方块。它只会在$(l:the_world/geology#igneous_intrusive)火成侵入岩$()中出现。"
    },
    {
      "type": "patchouli:multiblock",
      "multiblock": {
        "pattern": [
          [
            "X"
          ],
          [
            "0"
          ]
        ],
        "mapping": {
          "X": "tfc:ore/emerald/diorite"
        }
      },
      "name": "",
      "text": "闪长岩中的祖母绿。",
      "enable_visualize": false
    },
    {
      "type": "patchouli:spotlight",
      "anchor": "diamond",
      "item": "tfc:ore/diamond",
      "title": "金伯利岩",
      "link_recipes": false,
      "text": "金伯利岩是一种用来做装饰品的$(thing)无价之宝$()。它只会形成于一种被称为$(l:https://zh.wikipedia.org/wiki/%E7%81%AB%E5%B1%B1%E7%AD%92)岩脉$()的矿脉结构中，其垂直方向可达 60 方块。金伯利岩只能在$(thing)辉长岩$()中生成。"
    },
    {
      "type": "patchouli:multiblock",
      "multiblock": {
        "pattern": [
          [
            "X"
          ],
          [
            "0"
          ]
        ],
        "mapping": {
          "X": "tfc:ore/diamond/gabbro"
        }
      },
      "name": "",
      "text": "辉长岩中的金伯利岩。",
      "enable_visualize": false
    }
  ],
  "read_by_default": true,
  "sortnum": 1,
  "extra_recipe_mappings": {
    "tfc:ore/small_native_copper": 2,
    "tfc:ore/poor_native_copper": 2,
    "tfc:ore/normal_native_copper": 2,
    "tfc:ore/rich_native_copper": 2,
    "tfc:ore/small_native_gold": 4,
    "tfc:ore/poor_native_gold": 4,
    "tfc:ore/normal_native_gold": 4,
    "tfc:ore/rich_native_gold": 4,
    "tfc:ore/small_native_silver": 6,
    "tfc:ore/poor_native_silver": 6,
    "tfc:ore/normal_native_silver": 6,
    "tfc:ore/rich_native_silver": 6,
    "tfc:ore/small_tetrahedrite": 8,
    "tfc:ore/poor_tetrahedrite": 8,
    "tfc:ore/normal_tetrahedrite": 8,
    "tfc:ore/rich_tetrahedrite": 8,
    "tfc:ore/small_malachite": 10,
    "tfc:ore/poor_malachite": 10,
    "tfc:ore/normal_malachite": 10,
    "tfc:ore/rich_malachite": 10,
    "tfc:ore/small_cassiterite": 12,
    "tfc:ore/poor_cassiterite": 12,
    "tfc:ore/normal_cassiterite": 12,
    "tfc:ore/rich_cassiterite": 12,
    "tfc:ore/small_bismuthinite": 14,
    "tfc:ore/poor_bismuthinite": 14,
    "tfc:ore/normal_bismuthinite": 14,
    "tfc:ore/rich_bismuthinite": 14,
    "tfc:ore/small_garnierite": 16,
    "tfc:ore/poor_garnierite": 16,
    "tfc:ore/normal_garnierite": 16,
    "tfc:ore/rich_garnierite": 16,
    "tfc:ore/small_hematite": 18,
    "tfc:ore/poor_hematite": 18,
    "tfc:ore/normal_hematite": 18,
    "tfc:ore/rich_hematite": 18,
    "tfc:ore/small_magnetite": 20,
    "tfc:ore/poor_magnetite": 20,
    "tfc:ore/normal_magnetite": 20,
    "tfc:ore/rich_magnetite": 20,
    "tfc:ore/small_limonite": 22,
    "tfc:ore/poor_limonite": 22,
    "tfc:ore/normal_limonite": 22,
    "tfc:ore/rich_limonite": 22,
    "tfc:ore/small_sphalerite": 24,
    "tfc:ore/poor_sphalerite": 24,
    "tfc:ore/normal_sphalerite": 24,
    "tfc:ore/rich_sphalerite": 24,
    "tfc:ore/lignite": 26,
    "tfc:ore/bituminous_coal": 28,
    "tfc:ore/graphite": 32,
    "tfc:ore/cinnabar": 34,
    "tfc:ore/cryolite": 36,
    "tfc:ore/saltpeter": 38,
    "tfc:ore/sulfur": 40,
    "tfc:ore/sylvite": 42,
    "tfc:ore/borax": 44,
    "tfc:ore/lapis_lazuli": 46,
    "tfc:ore/gypsum": 48,
    "tfc:ore/halite": 50,
    "tfc:ore/emerald": 52,
    "tfc:ore/diamond": 54
  }
}