{
  "__comment__": "This file was automatically created by mcresources",
  "name": "野生水果",
  "category": "tfc:the_world",
  "icon": "tfc:textures/item/food/elderberry.png",
  "pages": [
    {
      "type": "patchouli:text",
      "text": "许多不同种类的野生水果生长在世界各地。可以直接吃掉它们，或用合适的工具来种植。通常来说，它们会以三种不同的形式出现：$(l:the_world/wild_fruits#fruit_trees)果树$()、$(l:the_world/wild_fruits#tall_bushes)高大灌木$()、或$(l:the_world/wild_fruits#small_bushes)小型灌木$()。$(br2)所有会结果的植物都有属于自己的生命周期。它们每年都会生长、开花、结果、然后休眠。"
    },
    {
      "type": "patchouli:text",
      "text": "果木的生长是有季节性的。在冬眠的季节中，它们会看上去像枯死了一般。而到了春天，它们则会长出翠绿的新枝，准备开花结果。每种水果的具体结果时间因树而异。另外，果木也会因衰老、或处于不当的气候环境中而死亡。"
    },
    {
      "type": "patchouli:text",
      "anchor": "fruit_trees",
      "text": "$(thing)果树$()会从一棵小树苗长成高大的果树。果树的树枝是它们最重要的部分，而且只要气候环境合适就会持续生长。随着果树不断成长，它们会在树枝周围长出$(thing)树叶$()。树叶会在合适的季节中开花结果。",
      "title": "果树"
    },
    {
      "type": "patchouli:image",
      "images": [
        "tfc:textures/gui/book/tutorial/fruit_tree.png"
      ],
      "text": "一棵典型的果树。",
      "border": true
    },
    {
      "type": "patchouli:text",
      "text": "果树是由$(thing)树苗$()长成的。树苗只会在非休眠期的季节中生长出果树的第一块树干。最终长成的果树的大小和最初放置了多少树苗呈正相关。$(br)可以在一格中通过$(thing)枝接$()的方式放置多个树苗。要枝接两棵树苗，只需要在副手拿着一把$(thing)刀$()的同时手持树苗点击$(item)$(k:key.use)$()即可。"
    },
    {
      "type": "patchouli:text",
      "text": "如要从果树上获取果树苗，你需要用$(thing)斧头$()破坏枝干方块(与一侧或上方的树枝相连的树枝方块)。若枝干部分在树上的位置不是很高，你也可以直接将树苗放置在枝干方块原先所在的位置上。这使得一棵果树可以长出许多果实。当树叶方块结出果实时，对其交互$(item)$(k:key.use)$()即可收获一枚果实，并让植株回到生长阶段，直到其进入冬眠状态。"
    },
    {
      "type": "patchouli:text",
      "anchor": "cherry",
      "text": "$(bold)$(l:the_world/climate#temperature)温度$(): 5 - 25 °C$(br)$(bold)$(l:mechanics/hydration)降水量$(): 100 - 350mm$(br2)樱桃树在1~3月生长，4~5月开始开花，6月结果。",
      "title": "樱桃树"
    },
    {
      "type": "tfc:multimultiblock",
      "text": "一个樱桃树的样本。",
      "multiblocks": [
        {
          "pattern": [
            [
              "     ",
              "  L  ",
              "     ",
              "     ",
              "     "
            ],
            [
              "  L  ",
              " L1L ",
              "  L  ",
              "     ",
              "     "
            ],
            [
              "  L  ",
              " L1L ",
              "  L  ",
              "     ",
              "     "
            ],
            [
              "  L  ",
              " L3L ",
              " L2L ",
              "  L  ",
              "     "
            ],
            [
              "     ",
              "     ",
              "  0  ",
              "     ",
              "     "
            ],
            [
              "     ",
              "     ",
              "  1  ",
              "     ",
              "     "
            ]
          ],
          "mapping": {
            "0": "tfc:plant/cherry_branch[down=true,up=true]",
            "1": "tfc:plant/cherry_branch[down=true,up=true]",
            "2": "tfc:plant/cherry_branch[down=true,west=true]",
            "3": "tfc:plant/cherry_branch[east=true,up=true]",
            "L": "tfc:plant/cherry_leaves[lifecycle=dormant]"
          }
        },
        {
          "pattern": [
            [
              "     ",
              "  L  ",
              "     ",
              "     ",
              "     "
            ],
            [
              "  L  ",
              " L1L ",
              "  L  ",
              "     ",
              "     "
            ],
            [
              "  L  ",
              " L1L ",
              "  L  ",
              "     ",
              "     "
            ],
            [
              "  L  ",
              " L3L ",
              " L2L ",
              "  L  ",
              "     "
            ],
            [
              "     ",
              "     ",
              "  0  ",
              "     ",
              "     "
            ],
            [
              "     ",
              "     ",
              "  1  ",
              "     ",
              "     "
            ]
          ],
          "mapping": {
            "0": "tfc:plant/cherry_branch[down=true,up=true]",
            "1": "tfc:plant/cherry_branch[down=true,up=true]",
            "2": "tfc:plant/cherry_branch[down=true,west=true]",
            "3": "tfc:plant/cherry_branch[east=true,up=true]",
            "L": "tfc:plant/cherry_leaves[lifecycle=healthy]"
          }
        },
        {
          "pattern": [
            [
              "     ",
              "  L  ",
              "     ",
              "     ",
              "     "
            ],
            [
              "  L  ",
              " L1L ",
              "  L  ",
              "     ",
              "     "
            ],
            [
              "  L  ",
              " L1L ",
              "  L  ",
              "     ",
              "     "
            ],
            [
              "  L  ",
              " L3L ",
              " L2L ",
              "  L  ",
              "     "
            ],
            [
              "     ",
              "     ",
              "  0  ",
              "     ",
              "     "
            ],
            [
              "     ",
              "     ",
              "  1  ",
              "     ",
              "     "
            ]
          ],
          "mapping": {
            "0": "tfc:plant/cherry_branch[down=true,up=true]",
            "1": "tfc:plant/cherry_branch[down=true,up=true]",
            "2": "tfc:plant/cherry_branch[down=true,west=true]",
            "3": "tfc:plant/cherry_branch[east=true,up=true]",
            "L": "tfc:plant/cherry_leaves[lifecycle=flowering]"
          }
        },
        {
          "pattern": [
            [
              "     ",
              "  L  ",
              "     ",
              "     ",
              "     "
            ],
            [
              "  L  ",
              " L1L ",
              "  L  ",
              "     ",
              "     "
            ],
            [
              "  L  ",
              " L1L ",
              "  L  ",
              "     ",
              "     "
            ],
            [
              "  L  ",
              " L3L ",
              " L2L ",
              "  L  ",
              "     "
            ],
            [
              "     ",
              "     ",
              "  0  ",
              "     ",
              "     "
            ],
            [
              "     ",
              "     ",
              "  1  ",
              "     ",
              "     "
            ]
          ],
          "mapping": {
            "0": "tfc:plant/cherry_branch[down=true,up=true]",
            "1": "tfc:plant/cherry_branch[down=true,up=true]",
            "2": "tfc:plant/cherry_branch[down=true,west=true]",
            "3": "tfc:plant/cherry_branch[east=true,up=true]",
            "L": "tfc:plant/cherry_leaves[lifecycle=fruiting]"
          }
        }
      ]
    },
    {
      "type": "patchouli:text",
      "anchor": "green_apple",
      "text": "$(bold)$(l:the_world/climate#temperature)温度$(): 1 - 25 °C$(br)$(bold)$(l:mechanics/hydration)降水量$(): 110 - 280mm$(br2)青苹果树在3~7月生长，8~9月开始开花，10月结果。",
      "title": "青苹果树"
    },
    {
      "type": "tfc:multimultiblock",
      "text": "一个青苹果树的样本",
      "multiblocks": [
        {
          "pattern": [
            [
              "     ",
              "  L  ",
              "     ",
              "     ",
              "     "
            ],
            [
              "  L  ",
              " L1L ",
              "  L  ",
              "     ",
              "     "
            ],
            [
              "  L  ",
              " L1L ",
              "  L  ",
              "     ",
              "     "
            ],
            [
              "  L  ",
              " L3L ",
              " L2L ",
              "  L  ",
              "     "
            ],
            [
              "     ",
              "     ",
              "  0  ",
              "     ",
              "     "
            ],
            [
              "     ",
              "     ",
              "  1  ",
              "     ",
              "     "
            ]
          ],
          "mapping": {
            "0": "tfc:plant/green_apple_branch[down=true,up=true]",
            "1": "tfc:plant/green_apple_branch[down=true,up=true]",
            "2": "tfc:plant/green_apple_branch[down=true,west=true]",
            "3": "tfc:plant/green_apple_branch[east=true,up=true]",
            "L": "tfc:plant/green_apple_leaves[lifecycle=dormant]"
          }
        },
        {
          "pattern": [
            [
              "     ",
              "  L  ",
              "     ",
              "     ",
              "     "
            ],
            [
              "  L  ",
              " L1L ",
              "  L  ",
              "     ",
              "     "
            ],
            [
              "  L  ",
              " L1L ",
              "  L  ",
              "     ",
              "     "
            ],
            [
              "  L  ",
              " L3L ",
              " L2L ",
              "  L  ",
              "     "
            ],
            [
              "     ",
              "     ",
              "  0  ",
              "     ",
              "     "
            ],
            [
              "     ",
              "     ",
              "  1  ",
              "     ",
              "     "
            ]
          ],
          "mapping": {
            "0": "tfc:plant/green_apple_branch[down=true,up=true]",
            "1": "tfc:plant/green_apple_branch[down=true,up=true]",
            "2": "tfc:plant/green_apple_branch[down=true,west=true]",
            "3": "tfc:plant/green_apple_branch[east=true,up=true]",
            "L": "tfc:plant/green_apple_leaves[lifecycle=healthy]"
          }
        },
        {
          "pattern": [
            [
              "     ",
              "  L  ",
              "     ",
              "     ",
              "     "
            ],
            [
              "  L  ",
              " L1L ",
              "  L  ",
              "     ",
              "     "
            ],
            [
              "  L  ",
              " L1L ",
              "  L  ",
              "     ",
              "     "
            ],
            [
              "  L  ",
              " L3L ",
              " L2L ",
              "  L  ",
              "     "
            ],
            [
              "     ",
              "     ",
              "  0  ",
              "     ",
              "     "
            ],
            [
              "     ",
              "     ",
              "  1  ",
              "     ",
              "     "
            ]
          ],
          "mapping": {
            "0": "tfc:plant/green_apple_branch[down=true,up=true]",
            "1": "tfc:plant/green_apple_branch[down=true,up=true]",
            "2": "tfc:plant/green_apple_branch[down=true,west=true]",
            "3": "tfc:plant/green_apple_branch[east=true,up=true]",
            "L": "tfc:plant/green_apple_leaves[lifecycle=flowering]"
          }
        },
        {
          "pattern": [
            [
              "     ",
              "  L  ",
              "     ",
              "     ",
              "     "
            ],
            [
              "  L  ",
              " L1L ",
              "  L  ",
              "     ",
              "     "
            ],
            [
              "  L  ",
              " L1L ",
              "  L  ",
              "     ",
              "     "
            ],
            [
              "  L  ",
              " L3L ",
              " L2L ",
              "  L  ",
              "     "
            ],
            [
              "     ",
              "     ",
              "  0  ",
              "     ",
              "     "
            ],
            [
              "     ",
              "     ",
              "  1  ",
              "     ",
              "     "
            ]
          ],
          "mapping": {
            "0": "tfc:plant/green_apple_branch[down=true,up=true]",
            "1": "tfc:plant/green_apple_branch[down=true,up=true]",
            "2": "tfc:plant/green_apple_branch[down=true,west=true]",
            "3": "tfc:plant/green_apple_branch[east=true,up=true]",
            "L": "tfc:plant/green_apple_leaves[lifecycle=fruiting]"
          }
        }
      ]
    },
    {
      "type": "patchouli:text",
      "anchor": "lemon",
      "text": "$(bold)$(l:the_world/climate#temperature)温度$(): 10 - 30 °C$(br)$(bold)$(l:mechanics/hydration)降水量$(): 180 - 470mm$(br2)柠檬树在2~5月生长，6~7月开始开花，8月结果。",
      "title": "柠檬树"
    },
    {
      "type": "tfc:multimultiblock",
      "text": "一个柠檬树的样本",
      "multiblocks": [
        {
          "pattern": [
            [
              "     ",
              "  L  ",
              "     ",
              "     ",
              "     "
            ],
            [
              "  L  ",
              " L1L ",
              "  L  ",
              "     ",
              "     "
            ],
            [
              "  L  ",
              " L1L ",
              "  L  ",
              "     ",
              "     "
            ],
            [
              "  L  ",
              " L3L ",
              " L2L ",
              "  L  ",
              "     "
            ],
            [
              "     ",
              "     ",
              "  0  ",
              "     ",
              "     "
            ],
            [
              "     ",
              "     ",
              "  1  ",
              "     ",
              "     "
            ]
          ],
          "mapping": {
            "0": "tfc:plant/lemon_branch[down=true,up=true]",
            "1": "tfc:plant/lemon_branch[down=true,up=true]",
            "2": "tfc:plant/lemon_branch[down=true,west=true]",
            "3": "tfc:plant/lemon_branch[east=true,up=true]",
            "L": "tfc:plant/lemon_leaves[lifecycle=dormant]"
          }
        },
        {
          "pattern": [
            [
              "     ",
              "  L  ",
              "     ",
              "     ",
              "     "
            ],
            [
              "  L  ",
              " L1L ",
              "  L  ",
              "     ",
              "     "
            ],
            [
              "  L  ",
              " L1L ",
              "  L  ",
              "     ",
              "     "
            ],
            [
              "  L  ",
              " L3L ",
              " L2L ",
              "  L  ",
              "     "
            ],
            [
              "     ",
              "     ",
              "  0  ",
              "     ",
              "     "
            ],
            [
              "     ",
              "     ",
              "  1  ",
              "     ",
              "     "
            ]
          ],
          "mapping": {
            "0": "tfc:plant/lemon_branch[down=true,up=true]",
            "1": "tfc:plant/lemon_branch[down=true,up=true]",
            "2": "tfc:plant/lemon_branch[down=true,west=true]",
            "3": "tfc:plant/lemon_branch[east=true,up=true]",
            "L": "tfc:plant/lemon_leaves[lifecycle=healthy]"
          }
        },
        {
          "pattern": [
            [
              "     ",
              "  L  ",
              "     ",
              "     ",
              "     "
            ],
            [
              "  L  ",
              " L1L ",
              "  L  ",
              "     ",
              "     "
            ],
            [
              "  L  ",
              " L1L ",
              "  L  ",
              "     ",
              "     "
            ],
            [
              "  L  ",
              " L3L ",
              " L2L ",
              "  L  ",
              "     "
            ],
            [
              "     ",
              "     ",
              "  0  ",
              "     ",
              "     "
            ],
            [
              "     ",
              "     ",
              "  1  ",
              "     ",
              "     "
            ]
          ],
          "mapping": {
            "0": "tfc:plant/lemon_branch[down=true,up=true]",
            "1": "tfc:plant/lemon_branch[down=true,up=true]",
            "2": "tfc:plant/lemon_branch[down=true,west=true]",
            "3": "tfc:plant/lemon_branch[east=true,up=true]",
            "L": "tfc:plant/lemon_leaves[lifecycle=flowering]"
          }
        },
        {
          "pattern": [
            [
              "     ",
              "  L  ",
              "     ",
              "     ",
              "     "
            ],
            [
              "  L  ",
              " L1L ",
              "  L  ",
              "     ",
              "     "
            ],
            [
              "  L  ",
              " L1L ",
              "  L  ",
              "     ",
              "     "
            ],
            [
              "  L  ",
              " L3L ",
              " L2L ",
              "  L  ",
              "     "
            ],
            [
              "     ",
              "     ",
              "  0  ",
              "     ",
              "     "
            ],
            [
              "     ",
              "     ",
              "  1  ",
              "     ",
              "     "
            ]
          ],
          "mapping": {
            "0": "tfc:plant/lemon_branch[down=true,up=true]",
            "1": "tfc:plant/lemon_branch[down=true,up=true]",
            "2": "tfc:plant/lemon_branch[down=true,west=true]",
            "3": "tfc:plant/lemon_branch[east=true,up=true]",
            "L": "tfc:plant/lemon_leaves[lifecycle=fruiting]"
          }
        }
      ]
    },
    {
      "type": "patchouli:text",
      "anchor": "olive",
      "text": "$(bold)$(l:the_world/climate#temperature)温度$(): 5 - 30 °C$(br)$(bold)$(l:mechanics/hydration)降水量$(): 150 - 500mm$(br2)橄榄树在3~7月生长，8~9月开始开花，10月结果。$(br2)橄榄可以用于生产$(l:mechanics/lamps#olives)橄榄油$()，一种可用于灯具的燃料",
      "title": "橄榄树"
    },
    {
      "type": "tfc:multimultiblock",
      "text": "一个橄榄树的样本。",
      "multiblocks": [
        {
          "pattern": [
            [
              "     ",
              "  L  ",
              "     ",
              "     ",
              "     "
            ],
            [
              "  L  ",
              " L1L ",
              "  L  ",
              "     ",
              "     "
            ],
            [
              "  L  ",
              " L1L ",
              "  L  ",
              "     ",
              "     "
            ],
            [
              "  L  ",
              " L3L ",
              " L2L ",
              "  L  ",
              "     "
            ],
            [
              "     ",
              "     ",
              "  0  ",
              "     ",
              "     "
            ],
            [
              "     ",
              "     ",
              "  1  ",
              "     ",
              "     "
            ]
          ],
          "mapping": {
            "0": "tfc:plant/olive_branch[down=true,up=true]",
            "1": "tfc:plant/olive_branch[down=true,up=true]",
            "2": "tfc:plant/olive_branch[down=true,west=true]",
            "3": "tfc:plant/olive_branch[east=true,up=true]",
            "L": "tfc:plant/olive_leaves[lifecycle=dormant]"
          }
        },
        {
          "pattern": [
            [
              "     ",
              "  L  ",
              "     ",
              "     ",
              "     "
            ],
            [
              "  L  ",
              " L1L ",
              "  L  ",
              "     ",
              "     "
            ],
            [
              "  L  ",
              " L1L ",
              "  L  ",
              "     ",
              "     "
            ],
            [
              "  L  ",
              " L3L ",
              " L2L ",
              "  L  ",
              "     "
            ],
            [
              "     ",
              "     ",
              "  0  ",
              "     ",
              "     "
            ],
            [
              "     ",
              "     ",
              "  1  ",
              "     ",
              "     "
            ]
          ],
          "mapping": {
            "0": "tfc:plant/olive_branch[down=true,up=true]",
            "1": "tfc:plant/olive_branch[down=true,up=true]",
            "2": "tfc:plant/olive_branch[down=true,west=true]",
            "3": "tfc:plant/olive_branch[east=true,up=true]",
            "L": "tfc:plant/olive_leaves[lifecycle=healthy]"
          }
        },
        {
          "pattern": [
            [
              "     ",
              "  L  ",
              "     ",
              "     ",
              "     "
            ],
            [
              "  L  ",
              " L1L ",
              "  L  ",
              "     ",
              "     "
            ],
            [
              "  L  ",
              " L1L ",
              "  L  ",
              "     ",
              "     "
            ],
            [
              "  L  ",
              " L3L ",
              " L2L ",
              "  L  ",
              "     "
            ],
            [
              "     ",
              "     ",
              "  0  ",
              "     ",
              "     "
            ],
            [
              "     ",
              "     ",
              "  1  ",
              "     ",
              "     "
            ]
          ],
          "mapping": {
            "0": "tfc:plant/olive_branch[down=true,up=true]",
            "1": "tfc:plant/olive_branch[down=true,up=true]",
            "2": "tfc:plant/olive_branch[down=true,west=true]",
            "3": "tfc:plant/olive_branch[east=true,up=true]",
            "L": "tfc:plant/olive_leaves[lifecycle=flowering]"
          }
        },
        {
          "pattern": [
            [
              "     ",
              "  L  ",
              "     ",
              "     ",
              "     "
            ],
            [
              "  L  ",
              " L1L ",
              "  L  ",
              "     ",
              "     "
            ],
            [
              "  L  ",
              " L1L ",
              "  L  ",
              "     ",
              "     "
            ],
            [
              "  L  ",
              " L3L ",
              " L2L ",
              "  L  ",
              "     "
            ],
            [
              "     ",
              "     ",
              "  0  ",
              "     ",
              "     "
            ],
            [
              "     ",
              "     ",
              "  1  ",
              "     ",
              "     "
            ]
          ],
          "mapping": {
            "0": "tfc:plant/olive_branch[down=true,up=true]",
            "1": "tfc:plant/olive_branch[down=true,up=true]",
            "2": "tfc:plant/olive_branch[down=true,west=true]",
            "3": "tfc:plant/olive_branch[east=true,up=true]",
            "L": "tfc:plant/olive_leaves[lifecycle=fruiting]"
          }
        }
      ]
    },
    {
      "type": "patchouli:text",
      "anchor": "orange",
      "text": "$(bold)$(l:the_world/climate#temperature)温度$(): 15 - 36 °C$(br)$(bold)$(l:mechanics/hydration)降水量$(): 250 - 500mm$(br2)橘子树在3~6月生长，7~8月开始开花，9月结果。",
      "title": "橘子树"
    },
    {
      "type": "tfc:multimultiblock",
      "text": "一个橘子树的样本",
      "multiblocks": [
        {
          "pattern": [
            [
              "     ",
              "  L  ",
              "     ",
              "     ",
              "     "
            ],
            [
              "  L  ",
              " L1L ",
              "  L  ",
              "     ",
              "     "
            ],
            [
              "  L  ",
              " L1L ",
              "  L  ",
              "     ",
              "     "
            ],
            [
              "  L  ",
              " L3L ",
              " L2L ",
              "  L  ",
              "     "
            ],
            [
              "     ",
              "     ",
              "  0  ",
              "     ",
              "     "
            ],
            [
              "     ",
              "     ",
              "  1  ",
              "     ",
              "     "
            ]
          ],
          "mapping": {
            "0": "tfc:plant/orange_branch[down=true,up=true]",
            "1": "tfc:plant/orange_branch[down=true,up=true]",
            "2": "tfc:plant/orange_branch[down=true,west=true]",
            "3": "tfc:plant/orange_branch[east=true,up=true]",
            "L": "tfc:plant/orange_leaves[lifecycle=dormant]"
          }
        },
        {
          "pattern": [
            [
              "     ",
              "  L  ",
              "     ",
              "     ",
              "     "
            ],
            [
              "  L  ",
              " L1L ",
              "  L  ",
              "     ",
              "     "
            ],
            [
              "  L  ",
              " L1L ",
              "  L  ",
              "     ",
              "     "
            ],
            [
              "  L  ",
              " L3L ",
              " L2L ",
              "  L  ",
              "     "
            ],
            [
              "     ",
              "     ",
              "  0  ",
              "     ",
              "     "
            ],
            [
              "     ",
              "     ",
              "  1  ",
              "     ",
              "     "
            ]
          ],
          "mapping": {
            "0": "tfc:plant/orange_branch[down=true,up=true]",
            "1": "tfc:plant/orange_branch[down=true,up=true]",
            "2": "tfc:plant/orange_branch[down=true,west=true]",
            "3": "tfc:plant/orange_branch[east=true,up=true]",
            "L": "tfc:plant/orange_leaves[lifecycle=healthy]"
          }
        },
        {
          "pattern": [
            [
              "     ",
              "  L  ",
              "     ",
              "     ",
              "     "
            ],
            [
              "  L  ",
              " L1L ",
              "  L  ",
              "     ",
              "     "
            ],
            [
              "  L  ",
              " L1L ",
              "  L  ",
              "     ",
              "     "
            ],
            [
              "  L  ",
              " L3L ",
              " L2L ",
              "  L  ",
              "     "
            ],
            [
              "     ",
              "     ",
              "  0  ",
              "     ",
              "     "
            ],
            [
              "     ",
              "     ",
              "  1  ",
              "     ",
              "     "
            ]
          ],
          "mapping": {
            "0": "tfc:plant/orange_branch[down=true,up=true]",
            "1": "tfc:plant/orange_branch[down=true,up=true]",
            "2": "tfc:plant/orange_branch[down=true,west=true]",
            "3": "tfc:plant/orange_branch[east=true,up=true]",
            "L": "tfc:plant/orange_leaves[lifecycle=flowering]"
          }
        },
        {
          "pattern": [
            [
              "     ",
              "  L  ",
              "     ",
              "     ",
              "     "
            ],
            [
              "  L  ",
              " L1L ",
              "  L  ",
              "     ",
              "     "
            ],
            [
              "  L  ",
              " L1L ",
              "  L  ",
              "     ",
              "     "
            ],
            [
              "  L  ",
              " L3L ",
              " L2L ",
              "  L  ",
              "     "
            ],
            [
              "     ",
              "     ",
              "  0  ",
              "     ",
              "     "
            ],
            [
              "     ",
              "     ",
              "  1  ",
              "     ",
              "     "
            ]
          ],
          "mapping": {
            "0": "tfc:plant/orange_branch[down=true,up=true]",
            "1": "tfc:plant/orange_branch[down=true,up=true]",
            "2": "tfc:plant/orange_branch[down=true,west=true]",
            "3": "tfc:plant/orange_branch[east=true,up=true]",
            "L": "tfc:plant/orange_leaves[lifecycle=fruiting]"
          }
        }
      ]
    },
    {
      "type": "patchouli:text",
      "anchor": "peach",
      "text": "$(bold)$(l:the_world/climate#temperature)温度$(): 4 - 27 °C$(br)$(bold)$(l:mechanics/hydration)降水量$(): 60 - 230mm$(br2)桃树在12~次年3月生长，4~5月开始开花，6月结果。",
      "title": "桃树"
    },
    {
      "type": "tfc:multimultiblock",
      "text": "一个桃树的样本。",
      "multiblocks": [
        {
          "pattern": [
            [
              "     ",
              "  L  ",
              "     ",
              "     ",
              "     "
            ],
            [
              "  L  ",
              " L1L ",
              "  L  ",
              "     ",
              "     "
            ],
            [
              "  L  ",
              " L1L ",
              "  L  ",
              "     ",
              "     "
            ],
            [
              "  L  ",
              " L3L ",
              " L2L ",
              "  L  ",
              "     "
            ],
            [
              "     ",
              "     ",
              "  0  ",
              "     ",
              "     "
            ],
            [
              "     ",
              "     ",
              "  1  ",
              "     ",
              "     "
            ]
          ],
          "mapping": {
            "0": "tfc:plant/peach_branch[down=true,up=true]",
            "1": "tfc:plant/peach_branch[down=true,up=true]",
            "2": "tfc:plant/peach_branch[down=true,west=true]",
            "3": "tfc:plant/peach_branch[east=true,up=true]",
            "L": "tfc:plant/peach_leaves[lifecycle=dormant]"
          }
        },
        {
          "pattern": [
            [
              "     ",
              "  L  ",
              "     ",
              "     ",
              "     "
            ],
            [
              "  L  ",
              " L1L ",
              "  L  ",
              "     ",
              "     "
            ],
            [
              "  L  ",
              " L1L ",
              "  L  ",
              "     ",
              "     "
            ],
            [
              "  L  ",
              " L3L ",
              " L2L ",
              "  L  ",
              "     "
            ],
            [
              "     ",
              "     ",
              "  0  ",
              "     ",
              "     "
            ],
            [
              "     ",
              "     ",
              "  1  ",
              "     ",
              "     "
            ]
          ],
          "mapping": {
            "0": "tfc:plant/peach_branch[down=true,up=true]",
            "1": "tfc:plant/peach_branch[down=true,up=true]",
            "2": "tfc:plant/peach_branch[down=true,west=true]",
            "3": "tfc:plant/peach_branch[east=true,up=true]",
            "L": "tfc:plant/peach_leaves[lifecycle=healthy]"
          }
        },
        {
          "pattern": [
            [
              "     ",
              "  L  ",
              "     ",
              "     ",
              "     "
            ],
            [
              "  L  ",
              " L1L ",
              "  L  ",
              "     ",
              "     "
            ],
            [
              "  L  ",
              " L1L ",
              "  L  ",
              "     ",
              "     "
            ],
            [
              "  L  ",
              " L3L ",
              " L2L ",
              "  L  ",
              "     "
            ],
            [
              "     ",
              "     ",
              "  0  ",
              "     ",
              "     "
            ],
            [
              "     ",
              "     ",
              "  1  ",
              "     ",
              "     "
            ]
          ],
          "mapping": {
            "0": "tfc:plant/peach_branch[down=true,up=true]",
            "1": "tfc:plant/peach_branch[down=true,up=true]",
            "2": "tfc:plant/peach_branch[down=true,west=true]",
            "3": "tfc:plant/peach_branch[east=true,up=true]",
            "L": "tfc:plant/peach_leaves[lifecycle=flowering]"
          }
        },
        {
          "pattern": [
            [
              "     ",
              "  L  ",
              "     ",
              "     ",
              "     "
            ],
            [
              "  L  ",
              " L1L ",
              "  L  ",
              "     ",
              "     "
            ],
            [
              "  L  ",
              " L1L ",
              "  L  ",
              "     ",
              "     "
            ],
            [
              "  L  ",
              " L3L ",
              " L2L ",
              "  L  ",
              "     "
            ],
            [
              "     ",
              "     ",
              "  0  ",
              "     ",
              "     "
            ],
            [
              "     ",
              "     ",
              "  1  ",
              "     ",
              "     "
            ]
          ],
          "mapping": {
            "0": "tfc:plant/peach_branch[down=true,up=true]",
            "1": "tfc:plant/peach_branch[down=true,up=true]",
            "2": "tfc:plant/peach_branch[down=true,west=true]",
            "3": "tfc:plant/peach_branch[east=true,up=true]",
            "L": "tfc:plant/peach_leaves[lifecycle=fruiting]"
          }
        }
      ]
    },
    {
      "type": "patchouli:text",
      "anchor": "plum",
      "text": "$(bold)$(l:the_world/climate#temperature)温度$(): 15 - 31 °C$(br)$(bold)$(l:mechanics/hydration)降水量$(): 250 - 400mm$(br2)李树在1~4月生长，5~6月开始开花，7月结果。",
      "title": "李树"
    },
    {
      "type": "tfc:multimultiblock",
      "text": "一个李树的样本。",
      "multiblocks": [
        {
          "pattern": [
            [
              "     ",
              "  L  ",
              "     ",
              "     ",
              "     "
            ],
            [
              "  L  ",
              " L1L ",
              "  L  ",
              "     ",
              "     "
            ],
            [
              "  L  ",
              " L1L ",
              "  L  ",
              "     ",
              "     "
            ],
            [
              "  L  ",
              " L3L ",
              " L2L ",
              "  L  ",
              "     "
            ],
            [
              "     ",
              "     ",
              "  0  ",
              "     ",
              "     "
            ],
            [
              "     ",
              "     ",
              "  1  ",
              "     ",
              "     "
            ]
          ],
          "mapping": {
            "0": "tfc:plant/plum_branch[down=true,up=true]",
            "1": "tfc:plant/plum_branch[down=true,up=true]",
            "2": "tfc:plant/plum_branch[down=true,west=true]",
            "3": "tfc:plant/plum_branch[east=true,up=true]",
            "L": "tfc:plant/plum_leaves[lifecycle=dormant]"
          }
        },
        {
          "pattern": [
            [
              "     ",
              "  L  ",
              "     ",
              "     ",
              "     "
            ],
            [
              "  L  ",
              " L1L ",
              "  L  ",
              "     ",
              "     "
            ],
            [
              "  L  ",
              " L1L ",
              "  L  ",
              "     ",
              "     "
            ],
            [
              "  L  ",
              " L3L ",
              " L2L ",
              "  L  ",
              "     "
            ],
            [
              "     ",
              "     ",
              "  0  ",
              "     ",
              "     "
            ],
            [
              "     ",
              "     ",
              "  1  ",
              "     ",
              "     "
            ]
          ],
          "mapping": {
            "0": "tfc:plant/plum_branch[down=true,up=true]",
            "1": "tfc:plant/plum_branch[down=true,up=true]",
            "2": "tfc:plant/plum_branch[down=true,west=true]",
            "3": "tfc:plant/plum_branch[east=true,up=true]",
            "L": "tfc:plant/plum_leaves[lifecycle=healthy]"
          }
        },
        {
          "pattern": [
            [
              "     ",
              "  L  ",
              "     ",
              "     ",
              "     "
            ],
            [
              "  L  ",
              " L1L ",
              "  L  ",
              "     ",
              "     "
            ],
            [
              "  L  ",
              " L1L ",
              "  L  ",
              "     ",
              "     "
            ],
            [
              "  L  ",
              " L3L ",
              " L2L ",
              "  L  ",
              "     "
            ],
            [
              "     ",
              "     ",
              "  0  ",
              "     ",
              "     "
            ],
            [
              "     ",
              "     ",
              "  1  ",
              "     ",
              "     "
            ]
          ],
          "mapping": {
            "0": "tfc:plant/plum_branch[down=true,up=true]",
            "1": "tfc:plant/plum_branch[down=true,up=true]",
            "2": "tfc:plant/plum_branch[down=true,west=true]",
            "3": "tfc:plant/plum_branch[east=true,up=true]",
            "L": "tfc:plant/plum_leaves[lifecycle=flowering]"
          }
        },
        {
          "pattern": [
            [
              "     ",
              "  L  ",
              "     ",
              "     ",
              "     "
            ],
            [
              "  L  ",
              " L1L ",
              "  L  ",
              "     ",
              "     "
            ],
            [
              "  L  ",
              " L1L ",
              "  L  ",
              "     ",
              "     "
            ],
            [
              "  L  ",
              " L3L ",
              " L2L ",
              "  L  ",
              "     "
            ],
            [
              "     ",
              "     ",
              "  0  ",
              "     ",
              "     "
            ],
            [
              "     ",
              "     ",
              "  1  ",
              "     ",
              "     "
            ]
          ],
          "mapping": {
            "0": "tfc:plant/plum_branch[down=true,up=true]",
            "1": "tfc:plant/plum_branch[down=true,up=true]",
            "2": "tfc:plant/plum_branch[down=true,west=true]",
            "3": "tfc:plant/plum_branch[east=true,up=true]",
            "L": "tfc:plant/plum_leaves[lifecycle=fruiting]"
          }
        }
      ]
    },
    {
      "type": "patchouli:text",
      "anchor": "red_apple",
      "text": "$(bold)$(l:the_world/climate#temperature)温度$(): 1 - 25 °C$(br)$(bold)$(l:mechanics/hydration)降水量$(): 100 - 280mm$(br2)红苹果树在3~7月生长，8~9月开始开花，10月结果。",
      "title": "红苹果树"
    },
    {
      "type": "tfc:multimultiblock",
      "text": "一个红苹果树的样本",
      "multiblocks": [
        {
          "pattern": [
            [
              "     ",
              "  L  ",
              "     ",
              "     ",
              "     "
            ],
            [
              "  L  ",
              " L1L ",
              "  L  ",
              "     ",
              "     "
            ],
            [
              "  L  ",
              " L1L ",
              "  L  ",
              "     ",
              "     "
            ],
            [
              "  L  ",
              " L3L ",
              " L2L ",
              "  L  ",
              "     "
            ],
            [
              "     ",
              "     ",
              "  0  ",
              "     ",
              "     "
            ],
            [
              "     ",
              "     ",
              "  1  ",
              "     ",
              "     "
            ]
          ],
          "mapping": {
            "0": "tfc:plant/red_apple_branch[down=true,up=true]",
            "1": "tfc:plant/red_apple_branch[down=true,up=true]",
            "2": "tfc:plant/red_apple_branch[down=true,west=true]",
            "3": "tfc:plant/red_apple_branch[east=true,up=true]",
            "L": "tfc:plant/red_apple_leaves[lifecycle=dormant]"
          }
        },
        {
          "pattern": [
            [
              "     ",
              "  L  ",
              "     ",
              "     ",
              "     "
            ],
            [
              "  L  ",
              " L1L ",
              "  L  ",
              "     ",
              "     "
            ],
            [
              "  L  ",
              " L1L ",
              "  L  ",
              "     ",
              "     "
            ],
            [
              "  L  ",
              " L3L ",
              " L2L ",
              "  L  ",
              "     "
            ],
            [
              "     ",
              "     ",
              "  0  ",
              "     ",
              "     "
            ],
            [
              "     ",
              "     ",
              "  1  ",
              "     ",
              "     "
            ]
          ],
          "mapping": {
            "0": "tfc:plant/red_apple_branch[down=true,up=true]",
            "1": "tfc:plant/red_apple_branch[down=true,up=true]",
            "2": "tfc:plant/red_apple_branch[down=true,west=true]",
            "3": "tfc:plant/red_apple_branch[east=true,up=true]",
            "L": "tfc:plant/red_apple_leaves[lifecycle=healthy]"
          }
        },
        {
          "pattern": [
            [
              "     ",
              "  L  ",
              "     ",
              "     ",
              "     "
            ],
            [
              "  L  ",
              " L1L ",
              "  L  ",
              "     ",
              "     "
            ],
            [
              "  L  ",
              " L1L ",
              "  L  ",
              "     ",
              "     "
            ],
            [
              "  L  ",
              " L3L ",
              " L2L ",
              "  L  ",
              "     "
            ],
            [
              "     ",
              "     ",
              "  0  ",
              "     ",
              "     "
            ],
            [
              "     ",
              "     ",
              "  1  ",
              "     ",
              "     "
            ]
          ],
          "mapping": {
            "0": "tfc:plant/red_apple_branch[down=true,up=true]",
            "1": "tfc:plant/red_apple_branch[down=true,up=true]",
            "2": "tfc:plant/red_apple_branch[down=true,west=true]",
            "3": "tfc:plant/red_apple_branch[east=true,up=true]",
            "L": "tfc:plant/red_apple_leaves[lifecycle=flowering]"
          }
        },
        {
          "pattern": [
            [
              "     ",
              "  L  ",
              "     ",
              "     ",
              "     "
            ],
            [
              "  L  ",
              " L1L ",
              "  L  ",
              "     ",
              "     "
            ],
            [
              "  L  ",
              " L1L ",
              "  L  ",
              "     ",
              "     "
            ],
            [
              "  L  ",
              " L3L ",
              " L2L ",
              "  L  ",
              "     "
            ],
            [
              "     ",
              "     ",
              "  0  ",
              "     ",
              "     "
            ],
            [
              "     ",
              "     ",
              "  1  ",
              "     ",
              "     "
            ]
          ],
          "mapping": {
            "0": "tfc:plant/red_apple_branch[down=true,up=true]",
            "1": "tfc:plant/red_apple_branch[down=true,up=true]",
            "2": "tfc:plant/red_apple_branch[down=true,west=true]",
            "3": "tfc:plant/red_apple_branch[east=true,up=true]",
            "L": "tfc:plant/red_apple_leaves[lifecycle=fruiting]"
          }
        }
      ]
    },
    {
      "type": "patchouli:text",
      "anchor": "banana",
      "text": "$(bold)$(l:the_world/climate#temperature)温度$(): 17 - 35 °C$(br)$(bold)$(l:mechanics/hydration)降水量$(): 280 - 500mm$(br2)香蕉是一种特殊的果树。它们只垂直生长，树叶稀少，且只在最上面的方块结果。树苗从植物开花的部分掉落。香蕉树在被收获后即死亡，不会再结出任何果实。你必须在春天重新种植它。",
      "title": "香蕉树"
    },
    {
      "type": "tfc:multimultiblock",
      "text": "一个香蕉树的样本",
      "multiblocks": [
        {
          "pattern": [
            [
              "Y"
            ],
            [
              "X"
            ],
            [
              "X"
            ],
            [
              "X"
            ],
            [
              "0"
            ]
          ],
          "mapping": {
            "Y": "tfc:plant/banana_plant[stage=2,lifecycle=dormant]",
            "X": "tfc:plant/banana_plant[stage=1]",
            "0": "tfc:plant/banana_plant[stage=0]"
          }
        },
        {
          "pattern": [
            [
              "Y"
            ],
            [
              "X"
            ],
            [
              "X"
            ],
            [
              "X"
            ],
            [
              "0"
            ]
          ],
          "mapping": {
            "Y": "tfc:plant/banana_plant[stage=2,lifecycle=healthy]",
            "X": "tfc:plant/banana_plant[stage=1]",
            "0": "tfc:plant/banana_plant[stage=0]"
          }
        },
        {
          "pattern": [
            [
              "Y"
            ],
            [
              "X"
            ],
            [
              "X"
            ],
            [
              "X"
            ],
            [
              "0"
            ]
          ],
          "mapping": {
            "Y": "tfc:plant/banana_plant[stage=2,lifecycle=flowering]",
            "X": "tfc:plant/banana_plant[stage=1]",
            "0": "tfc:plant/banana_plant[stage=0]"
          }
        },
        {
          "pattern": [
            [
              "Y"
            ],
            [
              "X"
            ],
            [
              "X"
            ],
            [
              "X"
            ],
            [
              "0"
            ]
          ],
          "mapping": {
            "Y": "tfc:plant/banana_plant[stage=2,lifecycle=fruiting]",
            "X": "tfc:plant/banana_plant[stage=1]",
            "0": "tfc:plant/banana_plant[stage=0]"
          }
        }
      ]
    },
    {
      "type": "tfc:table",
      "strings": [
        {
          "text": ""
        },
        {
          "text": "一月"
        },
        {
          "text": "二月"
        },
        {
          "text": "三月"
        },
        {
          "text": "四月"
        },
        {
          "text": "五月"
        },
        {
          "text": "六月"
        },
        {
          "text": "七月"
        },
        {
          "text": "八月"
        },
        {
          "text": "九月"
        },
        {
          "text": "十月"
        },
        {
          "text": "十一月"
        },
        {
          "text": "十二月"
        },
        {
          "text": "樱桃"
        },
        {
          "fill": "0x6ab553"
        },
        {
          "fill": "0x6ab553"
        },
        {
          "fill": "0x6ab553"
        },
        {
          "fill": "0xcca0db"
        },
        {
          "fill": "0xcca0db"
        },
        {
          "fill": "0xa217ff"
        },
        {
          "fill": "0xa8986a"
        },
        {
          "fill": "0xa8986a"
        },
        {
          "fill": "0xa8986a"
        },
        {
          "fill": "0xa8986a"
        },
        {
          "fill": "0xa8986a"
        },
        {
          "fill": "0xa8986a"
        },
        {
          "text": "苹果"
        },
        {
          "fill": "0xa8986a"
        },
        {
          "fill": "0xa8986a"
        },
        {
          "fill": "0x6ab553"
        },
        {
          "fill": "0x6ab553"
        },
        {
          "fill": "0x6ab553"
        },
        {
          "fill": "0x6ab553"
        },
        {
          "fill": "0x6ab553"
        },
        {
          "fill": "0xcca0db"
        },
        {
          "fill": "0xcca0db"
        },
        {
          "fill": "0xa217ff"
        },
        {
          "fill": "0xa8986a"
        },
        {
          "fill": "0xa8986a"
        },
        {
          "text": "柠檬"
        },
        {
          "fill": "0xa8986a"
        },
        {
          "fill": "0x6ab553"
        },
        {
          "fill": "0x6ab553"
        },
        {
          "fill": "0x6ab553"
        },
        {
          "fill": "0x6ab553"
        },
        {
          "fill": "0xcca0db"
        },
        {
          "fill": "0xcca0db"
        },
        {
          "fill": "0xa217ff"
        },
        {
          "fill": "0xa8986a"
        },
        {
          "fill": "0xa8986a"
        },
        {
          "fill": "0xa8986a"
        },
        {
          "fill": "0xa8986a"
        },
        {
          "text": "橄榄"
        },
        {
          "fill": "0xa8986a"
        },
        {
          "fill": "0xa8986a"
        },
        {
          "fill": "0x6ab553"
        },
        {
          "fill": "0x6ab553"
        },
        {
          "fill": "0x6ab553"
        },
        {
          "fill": "0x6ab553"
        },
        {
          "fill": "0x6ab553"
        },
        {
          "fill": "0xcca0db"
        },
        {
          "fill": "0xcca0db"
        },
        {
          "fill": "0xa217ff"
        },
        {
          "fill": "0xa8986a"
        },
        {
          "fill": "0xa8986a"
        },
        {
          "text": "橘子"
        },
        {
          "fill": "0xa8986a"
        },
        {
          "fill": "0xa8986a"
        },
        {
          "fill": "0x6ab553"
        },
        {
          "fill": "0x6ab553"
        },
        {
          "fill": "0x6ab553"
        },
        {
          "fill": "0x6ab553"
        },
        {
          "fill": "0xcca0db"
        },
        {
          "fill": "0xcca0db"
        },
        {
          "fill": "0xa217ff"
        },
        {
          "fill": "0xa8986a"
        },
        {
          "fill": "0xa8986a"
        },
        {
          "fill": "0xa8986a"
        },
        {
          "text": "桃子"
        },
        {
          "fill": "0x6ab553"
        },
        {
          "fill": "0x6ab553"
        },
        {
          "fill": "0x6ab553"
        },
        {
          "fill": "0xcca0db"
        },
        {
          "fill": "0xcca0db"
        },
        {
          "fill": "0xa217ff"
        },
        {
          "fill": "0xa8986a"
        },
        {
          "fill": "0xa8986a"
        },
        {
          "fill": "0xa8986a"
        },
        {
          "fill": "0xa8986a"
        },
        {
          "fill": "0xa8986a"
        },
        {
          "fill": "0x6ab553"
        },
        {
          "text": "李子"
        },
        {
          "fill": "0x6ab553"
        },
        {
          "fill": "0x6ab553"
        },
        {
          "fill": "0x6ab553"
        },
        {
          "fill": "0x6ab553"
        },
        {
          "fill": "0xcca0db"
        },
        {
          "fill": "0xcca0db"
        },
        {
          "fill": "0xa217ff"
        },
        {
          "fill": "0xa8986a"
        },
        {
          "fill": "0xa8986a"
        },
        {
          "fill": "0xa8986a"
        },
        {
          "fill": "0xa8986a"
        },
        {
          "fill": "0xa8986a"
        },
        {
          "text": "香蕉"
        },
        {
          "fill": "0xa8986a"
        },
        {
          "fill": "0xa8986a"
        },
        {
          "fill": "0xa8986a"
        },
        {
          "fill": "0x6ab553"
        },
        {
          "fill": "0x6ab553"
        },
        {
          "fill": "0x6ab553"
        },
        {
          "fill": "0x6ab553"
        },
        {
          "fill": "0xcca0db"
        },
        {
          "fill": "0xcca0db"
        },
        {
          "fill": "0xa217ff"
        },
        {
          "fill": "0xa8986a"
        },
        {
          "fill": "0xa8986a"
        }
      ],
      "text": " 各种果树的生长周期表。",
      "title": "果树",
      "legend": [
        {
          "text": "休眠",
          "color": "0xa8986a"
        },
        {
          "text": "健康",
          "color": "0x6ab553"
        },
        {
          "text": "花期中",
          "color": "0xcca0db"
        },
        {
          "text": "结果中",
          "color": "0xa217ff"
        }
      ],
      "columns": 12,
      "first_column_width": 45,
      "column_width": 15,
      "row_height": 10,
      "left_buffer": 5,
      "top_buffer": 11,
      "draw_background": true
    },
    {
      "type": "patchouli:empty",
      "draw_filler": false
    },
    {
      "type": "patchouli:text",
      "anchor": "tall_bushes",
      "text": "某些水果会长在$(thing)大型灌木$()中。这种灌木可以向各个方向生长并扩散。它们既可以向上生长，也可以向四周生长出新的$(thing)藤条$()。藤条在一段时间之后也会变成新的灌木。灌木直到完全成熟之前都会试图扩张。使用锋利工具来破坏这些灌木有概率掉落一株灌木（破坏完全成熟的灌木则必定掉落）。",
      "title": "大型灌木"
    },
    {
      "type": "patchouli:image",
      "images": [
        "tfc:textures/gui/book/tutorial/berry_bush.png"
      ],
      "text": "一种野生大型灌木",
      "border": true
    },
    {
      "type": "patchouli:text",
      "text": "大型灌木必须在有方块供其藤条扎根时才会扩张。换句话说，想让它扩散，则必须在它周围正下方放一块实心方块。最好还要把地整平，并清掉附近的杂草杂物。"
    },
    {
      "type": "patchouli:text",
      "text": "果树能否生长只取决于当地的降雨量，而灌木则会主动吸收周围水源方块的$(l:mechanics/hydration)水分$()，从而能够生长在较为干旱的环境。$(br)完全成熟的灌木方块会产出水果，点击$(item)$(k:key.use)$()就可以收获。"
    },
    {
      "type": "patchouli:text",
      "anchor": "blackberry",
      "text": "$(bold)$(l:the_world/climate#temperature)温度$(): 7 - 24 °C$(br)$(bold)$(l:mechanics/hydration)降水量$(): 24 - 100mm$(br2)黑莓灌木在2~5月生长，6~7月开始开花，8月结果。$(br2)其生长在树木稀少的地区。",
      "title": "黑莓灌木"
    },
    {
      "type": "tfc:multimultiblock",
      "text": "一个黑莓灌木的样本",
      "multiblocks": [
        {
          "pattern": [
            [
              "X "
            ],
            [
              "YZ"
            ],
            [
              "AZ"
            ],
            [
              "0 "
            ]
          ],
          "mapping": {
            "X": "tfc:plant/blackberry_bush[stage=0,lifecycle=dormant]",
            "Y": "tfc:plant/blackberry_bush[stage=1,lifecycle=dormant]",
            "Z": "tfc:plant/blackberry_bush_cane[stage=0,lifecycle=dormant,facing=south]",
            "A": "tfc:plant/blackberry_bush[stage=2,lifecycle=dormant]"
          }
        },
        {
          "pattern": [
            [
              "X "
            ],
            [
              "YZ"
            ],
            [
              "AZ"
            ],
            [
              "0 "
            ]
          ],
          "mapping": {
            "X": "tfc:plant/blackberry_bush[stage=0,lifecycle=healthy]",
            "Y": "tfc:plant/blackberry_bush[stage=1,lifecycle=healthy]",
            "Z": "tfc:plant/blackberry_bush_cane[stage=0,lifecycle=healthy,facing=south]",
            "A": "tfc:plant/blackberry_bush[stage=2,lifecycle=healthy]"
          }
        },
        {
          "pattern": [
            [
              "X "
            ],
            [
              "YZ"
            ],
            [
              "AZ"
            ],
            [
              "0 "
            ]
          ],
          "mapping": {
            "X": "tfc:plant/blackberry_bush[stage=0,lifecycle=flowering]",
            "Y": "tfc:plant/blackberry_bush[stage=1,lifecycle=flowering]",
            "Z": "tfc:plant/blackberry_bush_cane[stage=0,lifecycle=flowering,facing=south]",
            "A": "tfc:plant/blackberry_bush[stage=2,lifecycle=flowering]"
          }
        },
        {
          "pattern": [
            [
              "X "
            ],
            [
              "YZ"
            ],
            [
              "AZ"
            ],
            [
              "0 "
            ]
          ],
          "mapping": {
            "X": "tfc:plant/blackberry_bush[stage=0,lifecycle=fruiting]",
            "Y": "tfc:plant/blackberry_bush[stage=1,lifecycle=fruiting]",
            "Z": "tfc:plant/blackberry_bush_cane[stage=0,lifecycle=fruiting,facing=south]",
            "A": "tfc:plant/blackberry_bush[stage=2,lifecycle=fruiting]"
          }
        }
      ]
    },
    {
      "type": "patchouli:text",
      "anchor": "raspberry",
      "text": "$(bold)$(l:the_world/climate#temperature)温度$(): 5 - 25 °C$(br)$(bold)$(l:mechanics/hydration)降水量$(): 24 - 100mm$(br2)树莓灌木在4~7月生长，8~9月开始开花，10月结果。$(br2)其生长在树木稀少的地区。",
      "title": "树莓灌木"
    },
    {
      "type": "tfc:multimultiblock",
      "text": "一个树莓灌木的样本",
      "multiblocks": [
        {
          "pattern": [
            [
              "X "
            ],
            [
              "YZ"
            ],
            [
              "AZ"
            ],
            [
              "0 "
            ]
          ],
          "mapping": {
            "X": "tfc:plant/raspberry_bush[stage=0,lifecycle=dormant]",
            "Y": "tfc:plant/raspberry_bush[stage=1,lifecycle=dormant]",
            "Z": "tfc:plant/raspberry_bush_cane[stage=0,lifecycle=dormant,facing=south]",
            "A": "tfc:plant/raspberry_bush[stage=2,lifecycle=dormant]"
          }
        },
        {
          "pattern": [
            [
              "X "
            ],
            [
              "YZ"
            ],
            [
              "AZ"
            ],
            [
              "0 "
            ]
          ],
          "mapping": {
            "X": "tfc:plant/raspberry_bush[stage=0,lifecycle=healthy]",
            "Y": "tfc:plant/raspberry_bush[stage=1,lifecycle=healthy]",
            "Z": "tfc:plant/raspberry_bush_cane[stage=0,lifecycle=healthy,facing=south]",
            "A": "tfc:plant/raspberry_bush[stage=2,lifecycle=healthy]"
          }
        },
        {
          "pattern": [
            [
              "X "
            ],
            [
              "YZ"
            ],
            [
              "AZ"
            ],
            [
              "0 "
            ]
          ],
          "mapping": {
            "X": "tfc:plant/raspberry_bush[stage=0,lifecycle=flowering]",
            "Y": "tfc:plant/raspberry_bush[stage=1,lifecycle=flowering]",
            "Z": "tfc:plant/raspberry_bush_cane[stage=0,lifecycle=flowering,facing=south]",
            "A": "tfc:plant/raspberry_bush[stage=2,lifecycle=flowering]"
          }
        },
        {
          "pattern": [
            [
              "X "
            ],
            [
              "YZ"
            ],
            [
              "AZ"
            ],
            [
              "0 "
            ]
          ],
          "mapping": {
            "X": "tfc:plant/raspberry_bush[stage=0,lifecycle=fruiting]",
            "Y": "tfc:plant/raspberry_bush[stage=1,lifecycle=fruiting]",
            "Z": "tfc:plant/raspberry_bush_cane[stage=0,lifecycle=fruiting,facing=south]",
            "A": "tfc:plant/raspberry_bush[stage=2,lifecycle=fruiting]"
          }
        }
      ]
    },
    {
      "type": "patchouli:text",
      "anchor": "blueberry",
      "text": "$(bold)$(l:the_world/climate#temperature)温度$(): 7 - 29 °C$(br)$(bold)$(l:mechanics/hydration)降水量$(): 12 - 100mm$(br2)蓝莓灌木在2~5月生长，6~7月开始开花，8月结果。.$(br2)其生长在树木稀少的地区。",
      "title": "蓝莓灌木"
    },
    {
      "type": "tfc:multimultiblock",
      "text": "一个蓝莓灌木的样本",
      "multiblocks": [
        {
          "pattern": [
            [
              "X "
            ],
            [
              "YZ"
            ],
            [
              "AZ"
            ],
            [
              "0 "
            ]
          ],
          "mapping": {
            "X": "tfc:plant/blueberry_bush[stage=0,lifecycle=dormant]",
            "Y": "tfc:plant/blueberry_bush[stage=1,lifecycle=dormant]",
            "Z": "tfc:plant/blueberry_bush_cane[stage=0,lifecycle=dormant,facing=south]",
            "A": "tfc:plant/blueberry_bush[stage=2,lifecycle=dormant]"
          }
        },
        {
          "pattern": [
            [
              "X "
            ],
            [
              "YZ"
            ],
            [
              "AZ"
            ],
            [
              "0 "
            ]
          ],
          "mapping": {
            "X": "tfc:plant/blueberry_bush[stage=0,lifecycle=healthy]",
            "Y": "tfc:plant/blueberry_bush[stage=1,lifecycle=healthy]",
            "Z": "tfc:plant/blueberry_bush_cane[stage=0,lifecycle=healthy,facing=south]",
            "A": "tfc:plant/blueberry_bush[stage=2,lifecycle=healthy]"
          }
        },
        {
          "pattern": [
            [
              "X "
            ],
            [
              "YZ"
            ],
            [
              "AZ"
            ],
            [
              "0 "
            ]
          ],
          "mapping": {
            "X": "tfc:plant/blueberry_bush[stage=0,lifecycle=flowering]",
            "Y": "tfc:plant/blueberry_bush[stage=1,lifecycle=flowering]",
            "Z": "tfc:plant/blueberry_bush_cane[stage=0,lifecycle=flowering,facing=south]",
            "A": "tfc:plant/blueberry_bush[stage=2,lifecycle=flowering]"
          }
        },
        {
          "pattern": [
            [
              "X "
            ],
            [
              "YZ"
            ],
            [
              "AZ"
            ],
            [
              "0 "
            ]
          ],
          "mapping": {
            "X": "tfc:plant/blueberry_bush[stage=0,lifecycle=fruiting]",
            "Y": "tfc:plant/blueberry_bush[stage=1,lifecycle=fruiting]",
            "Z": "tfc:plant/blueberry_bush_cane[stage=0,lifecycle=fruiting,facing=south]",
            "A": "tfc:plant/blueberry_bush[stage=2,lifecycle=fruiting]"
          }
        }
      ]
    },
    {
      "type": "patchouli:text",
      "anchor": "elderberry",
      "text": "$(bold)$(l:the_world/climate#temperature)温度$(): 10 - 33 °C$(br)$(bold)$(l:mechanics/hydration)降水量$(): 12 - 100mm$(br2)接骨木灌木在2~5月生长，6~7月开始开花，8月结果。$(br2)其生长在树木稀少的地区。",
      "title": "接骨木灌木"
    },
    {
      "type": "tfc:multimultiblock",
      "text": "一个接骨木灌木的样本",
      "multiblocks": [
        {
          "pattern": [
            [
              "X "
            ],
            [
              "YZ"
            ],
            [
              "AZ"
            ],
            [
              "0 "
            ]
          ],
          "mapping": {
            "X": "tfc:plant/elderberry_bush[stage=0,lifecycle=dormant]",
            "Y": "tfc:plant/elderberry_bush[stage=1,lifecycle=dormant]",
            "Z": "tfc:plant/elderberry_bush_cane[stage=0,lifecycle=dormant,facing=south]",
            "A": "tfc:plant/elderberry_bush[stage=2,lifecycle=dormant]"
          }
        },
        {
          "pattern": [
            [
              "X "
            ],
            [
              "YZ"
            ],
            [
              "AZ"
            ],
            [
              "0 "
            ]
          ],
          "mapping": {
            "X": "tfc:plant/elderberry_bush[stage=0,lifecycle=healthy]",
            "Y": "tfc:plant/elderberry_bush[stage=1,lifecycle=healthy]",
            "Z": "tfc:plant/elderberry_bush_cane[stage=0,lifecycle=healthy,facing=south]",
            "A": "tfc:plant/elderberry_bush[stage=2,lifecycle=healthy]"
          }
        },
        {
          "pattern": [
            [
              "X "
            ],
            [
              "YZ"
            ],
            [
              "AZ"
            ],
            [
              "0 "
            ]
          ],
          "mapping": {
            "X": "tfc:plant/elderberry_bush[stage=0,lifecycle=flowering]",
            "Y": "tfc:plant/elderberry_bush[stage=1,lifecycle=flowering]",
            "Z": "tfc:plant/elderberry_bush_cane[stage=0,lifecycle=flowering,facing=south]",
            "A": "tfc:plant/elderberry_bush[stage=2,lifecycle=flowering]"
          }
        },
        {
          "pattern": [
            [
              "X "
            ],
            [
              "YZ"
            ],
            [
              "AZ"
            ],
            [
              "0 "
            ]
          ],
          "mapping": {
            "X": "tfc:plant/elderberry_bush[stage=0,lifecycle=fruiting]",
            "Y": "tfc:plant/elderberry_bush[stage=1,lifecycle=fruiting]",
            "Z": "tfc:plant/elderberry_bush_cane[stage=0,lifecycle=fruiting,facing=south]",
            "A": "tfc:plant/elderberry_bush[stage=2,lifecycle=fruiting]"
          }
        }
      ]
    },
    {
      "type": "patchouli:text",
      "anchor": "small_bushes",
      "text": "$(thing)小型灌木$() 是一种生成在森林中的低矮水果方块。如果附近没有太多其他灌木，它便偶尔会蔓延到周围的方块。$(br2)小型灌木的生长经历3个阶段, 成熟时点击$(item)$(k:key.use)$()即可收获.",
      "title": "小型灌木"
    },
    {
      "type": "tfc:multimultiblock",
      "text": "三种不同大小的健康小型灌木",
      "multiblocks": [
        {
          "pattern": [
            [
              "X"
            ],
            [
              "0"
            ]
          ],
          "mapping": {
            "X": "tfc:plant/bunchberry_bush[lifecycle=healthy,stage=0]"
          }
        },
        {
          "pattern": [
            [
              "X"
            ],
            [
              "0"
            ]
          ],
          "mapping": {
            "X": "tfc:plant/bunchberry_bush[lifecycle=healthy,stage=1]"
          }
        },
        {
          "pattern": [
            [
              "X"
            ],
            [
              "0"
            ]
          ],
          "mapping": {
            "X": "tfc:plant/bunchberry_bush[lifecycle=healthy,stage=2]"
          }
        }
      ]
    },
    {
      "type": "patchouli:text",
      "anchor": "bunchberry",
      "text": "$(bold)$(l:the_world/climate#temperature)温度$(): 15 - 35 °C$(br)$(bold)$(l:mechanics/hydration)水分$(): 24 - 100 %$(br2)山茱萸灌木在5~7月生长，8~9月开始开花，10月结果。$(br2)他们可在森林中寻得。",
      "title": "山茱萸灌木"
    },
    {
      "type": "tfc:multimultiblock",
      "text": "山茱萸灌木每月的成长阶段",
      "multiblocks": [
        {
          "pattern": [
            [
              "X"
            ],
            [
              "0"
            ]
          ],
          "mapping": {
            "X": "tfc:plant/bunchberry_bush[lifecycle=dormant,stage=2]"
          }
        },
        {
          "pattern": [
            [
              "X"
            ],
            [
              "0"
            ]
          ],
          "mapping": {
            "X": "tfc:plant/bunchberry_bush[lifecycle=healthy,stage=2]"
          }
        },
        {
          "pattern": [
            [
              "X"
            ],
            [
              "0"
            ]
          ],
          "mapping": {
            "X": "tfc:plant/bunchberry_bush[lifecycle=flowering,stage=2]"
          }
        },
        {
          "pattern": [
            [
              "X"
            ],
            [
              "0"
            ]
          ],
          "mapping": {
            "X": "tfc:plant/bunchberry_bush[lifecycle=fruiting,stage=2]"
          }
        }
      ]
    },
    {
      "type": "patchouli:text",
      "anchor": "gooseberry",
      "text": "$(bold)$(l:the_world/climate#temperature)温度$(): 5 - 27 °C$(br)$(bold)$(l:mechanics/hydration)水分$(): 24 - 100 %$(br2)醋栗灌木在4~7月生长，8~9月开始开花，10月结果。$(br2)他们可在森林中寻得。",
      "title": "醋栗灌木"
    },
    {
      "type": "tfc:multimultiblock",
      "text": "醋栗灌木每月的成长阶段",
      "multiblocks": [
        {
          "pattern": [
            [
              "X"
            ],
            [
              "0"
            ]
          ],
          "mapping": {
            "X": "tfc:plant/gooseberry_bush[lifecycle=dormant,stage=2]"
          }
        },
        {
          "pattern": [
            [
              "X"
            ],
            [
              "0"
            ]
          ],
          "mapping": {
            "X": "tfc:plant/gooseberry_bush[lifecycle=healthy,stage=2]"
          }
        },
        {
          "pattern": [
            [
              "X"
            ],
            [
              "0"
            ]
          ],
          "mapping": {
            "X": "tfc:plant/gooseberry_bush[lifecycle=flowering,stage=2]"
          }
        },
        {
          "pattern": [
            [
              "X"
            ],
            [
              "0"
            ]
          ],
          "mapping": {
            "X": "tfc:plant/gooseberry_bush[lifecycle=fruiting,stage=2]"
          }
        }
      ]
    },
    {
      "type": "patchouli:text",
      "anchor": "snowberry",
      "text": "$(bold)$(l:the_world/climate#temperature)温度$(): -7 - 18 °C$(br)$(bold)$(l:mechanics/hydration)水分$(): 24 - 100 %$(br2)雪莓灌木在3~6月生长，7~8月开始开花，9月结果。$(br2)他们可在森林中寻得。",
      "title": "雪莓灌木"
    },
    {
      "type": "tfc:multimultiblock",
      "text": "雪莓灌木的每月成长阶段",
      "multiblocks": [
        {
          "pattern": [
            [
              "X"
            ],
            [
              "0"
            ]
          ],
          "mapping": {
            "X": "tfc:plant/snowberry_bush[lifecycle=dormant,stage=2]"
          }
        },
        {
          "pattern": [
            [
              "X"
            ],
            [
              "0"
            ]
          ],
          "mapping": {
            "X": "tfc:plant/snowberry_bush[lifecycle=healthy,stage=2]"
          }
        },
        {
          "pattern": [
            [
              "X"
            ],
            [
              "0"
            ]
          ],
          "mapping": {
            "X": "tfc:plant/snowberry_bush[lifecycle=flowering,stage=2]"
          }
        },
        {
          "pattern": [
            [
              "X"
            ],
            [
              "0"
            ]
          ],
          "mapping": {
            "X": "tfc:plant/snowberry_bush[lifecycle=fruiting,stage=2]"
          }
        }
      ]
    },
    {
      "type": "patchouli:text",
      "anchor": "cloudberry",
      "text": "$(bold)$(l:the_world/climate#temperature)温度$(): -2 - 17 °C$(br)$(bold)$(l:mechanics/hydration)水分$(): 9 - 100 %$(br2)云莓灌木从2月到5月生长，6月到8月开始开花，9月结果。$(br2)他们可在森林中寻得。",
      "title": "云莓灌木"
    },
    {
      "type": "tfc:multimultiblock",
      "text": "云莓灌木每月的成长阶段.",
      "multiblocks": [
        {
          "pattern": [
            [
              "X"
            ],
            [
              "0"
            ]
          ],
          "mapping": {
            "X": "tfc:plant/cloudberry_bush[lifecycle=dormant,stage=2]"
          }
        },
        {
          "pattern": [
            [
              "X"
            ],
            [
              "0"
            ]
          ],
          "mapping": {
            "X": "tfc:plant/cloudberry_bush[lifecycle=healthy,stage=2]"
          }
        },
        {
          "pattern": [
            [
              "X"
            ],
            [
              "0"
            ]
          ],
          "mapping": {
            "X": "tfc:plant/cloudberry_bush[lifecycle=flowering,stage=2]"
          }
        },
        {
          "pattern": [
            [
              "X"
            ],
            [
              "0"
            ]
          ],
          "mapping": {
            "X": "tfc:plant/cloudberry_bush[lifecycle=fruiting,stage=2]"
          }
        }
      ]
    },
    {
      "type": "patchouli:text",
      "anchor": "strawberry",
      "text": "$(bold)$(l:the_world/climate#temperature)温度$(): 5 - 28 °C$(br)$(bold)$(l:mechanics/hydration)水分$(): 12 - 100 %$(br2)草莓灌木在10~12月生长，次年1~2月开始开花，3月结果。$(br2)他们可在森林中寻得。",
      "title": "草莓灌木"
    },
    {
      "type": "tfc:multimultiblock",
      "text": "草莓灌木每月的成长阶段.",
      "multiblocks": [
        {
          "pattern": [
            [
              "X"
            ],
            [
              "0"
            ]
          ],
          "mapping": {
            "X": "tfc:plant/strawberry_bush[lifecycle=dormant,stage=2]"
          }
        },
        {
          "pattern": [
            [
              "X"
            ],
            [
              "0"
            ]
          ],
          "mapping": {
            "X": "tfc:plant/strawberry_bush[lifecycle=healthy,stage=2]"
          }
        },
        {
          "pattern": [
            [
              "X"
            ],
            [
              "0"
            ]
          ],
          "mapping": {
            "X": "tfc:plant/strawberry_bush[lifecycle=flowering,stage=2]"
          }
        },
        {
          "pattern": [
            [
              "X"
            ],
            [
              "0"
            ]
          ],
          "mapping": {
            "X": "tfc:plant/strawberry_bush[lifecycle=fruiting,stage=2]"
          }
        }
      ]
    },
    {
      "type": "patchouli:text",
      "anchor": "wintergreen_berry",
      "text": "$(bold)$(l:the_world/climate#temperature)温度$(): -6 - 17 °C$(br)$(bold)$(l:mechanics/hydration)水分$(): 12 - 100 %$(br2)冬青灌木在5~9月生长，10~11月开始开花，12月结果。$(br2)他们可在森林中寻得。",
      "title": "冬青灌木"
    },
    {
      "type": "tfc:multimultiblock",
      "text": "冬青灌木每月的成长阶段.",
      "multiblocks": [
        {
          "pattern": [
            [
              "X"
            ],
            [
              "0"
            ]
          ],
          "mapping": {
            "X": "tfc:plant/wintergreen_berry_bush[lifecycle=dormant,stage=2]"
          }
        },
        {
          "pattern": [
            [
              "X"
            ],
            [
              "0"
            ]
          ],
          "mapping": {
            "X": "tfc:plant/wintergreen_berry_bush[lifecycle=healthy,stage=2]"
          }
        },
        {
          "pattern": [
            [
              "X"
            ],
            [
              "0"
            ]
          ],
          "mapping": {
            "X": "tfc:plant/wintergreen_berry_bush[lifecycle=flowering,stage=2]"
          }
        },
        {
          "pattern": [
            [
              "X"
            ],
            [
              "0"
            ]
          ],
          "mapping": {
            "X": "tfc:plant/wintergreen_berry_bush[lifecycle=fruiting,stage=2]"
          }
        }
      ]
    },
    {
      "type": "patchouli:text",
      "anchor": "cranberry",
      "text": "$(bold)$(l:the_world/climate#temperature)温度$(): -5 - 17 °C$(br)$(bold)$(l:mechanics/hydration)水分$(): 30 - 100 %$(br2)蔓越莓灌木在3~6月生长，7~8月开始开花，9月结果。$(br2)他们可在森林中寻得，但与大多数小灌木不同，蔓越莓灌木生长在水下。",
      "title": "蔓越莓灌木"
    },
    {
      "type": "tfc:multimultiblock",
      "text": "蔓越莓每月的成长阶段.",
      "multiblocks": [
        {
          "pattern": [
            [
              "X"
            ],
            [
              "0"
            ]
          ],
          "mapping": {
            "X": "tfc:plant/cranberry_bush[lifecycle=dormant,stage=2,fluid=water]"
          }
        },
        {
          "pattern": [
            [
              "X"
            ],
            [
              "0"
            ]
          ],
          "mapping": {
            "X": "tfc:plant/cranberry_bush[lifecycle=healthy,stage=2,fluid=water]"
          }
        },
        {
          "pattern": [
            [
              "X"
            ],
            [
              "0"
            ]
          ],
          "mapping": {
            "X": "tfc:plant/cranberry_bush[lifecycle=flowering,stage=2,fluid=water]"
          }
        },
        {
          "pattern": [
            [
              "X"
            ],
            [
              "0"
            ]
          ],
          "mapping": {
            "X": "tfc:plant/cranberry_bush[lifecycle=fruiting,stage=2,fluid=water]"
          }
        }
      ]
    },
    {
      "type": "tfc:table",
      "strings": [
        {
          "text": ""
        },
        {
          "text": "一月"
        },
        {
          "text": "二月"
        },
        {
          "text": "三月"
        },
        {
          "text": "四月"
        },
        {
          "text": "五月"
        },
        {
          "text": "六月"
        },
        {
          "text": "七月"
        },
        {
          "text": "八月"
        },
        {
          "text": "九月"
        },
        {
          "text": "十月"
        },
        {
          "text": "十一月"
        },
        {
          "text": "十二月"
        },
        {
          "text": "雪莓"
        },
        {
          "fill": "0xa8986a"
        },
        {
          "fill": "0xa8986a"
        },
        {
          "fill": "0x6ab553"
        },
        {
          "fill": "0x6ab553"
        },
        {
          "fill": "0x6ab553"
        },
        {
          "fill": "0x6ab553"
        },
        {
          "fill": "0xcca0db"
        },
        {
          "fill": "0xcca0db"
        },
        {
          "fill": "0xa217ff"
        },
        {
          "fill": "0xa8986a"
        },
        {
          "fill": "0xa8986a"
        },
        {
          "fill": "0xa8986a"
        },
        {
          "text": "山茱萸"
        },
        {
          "fill": "0xa8986a"
        },
        {
          "fill": "0xa8986a"
        },
        {
          "fill": "0xa8986a"
        },
        {
          "fill": "0xa8986a"
        },
        {
          "fill": "0x6ab553"
        },
        {
          "fill": "0x6ab553"
        },
        {
          "fill": "0x6ab553"
        },
        {
          "fill": "0xcca0db"
        },
        {
          "fill": "0xcca0db"
        },
        {
          "fill": "0xa217ff"
        },
        {
          "fill": "0xa8986a"
        },
        {
          "fill": "0xa8986a"
        },
        {
          "text": "醋栗"
        },
        {
          "fill": "0xa8986a"
        },
        {
          "fill": "0xa8986a"
        },
        {
          "fill": "0xa8986a"
        },
        {
          "fill": "0x6ab553"
        },
        {
          "fill": "0x6ab553"
        },
        {
          "fill": "0x6ab553"
        },
        {
          "fill": "0x6ab553"
        },
        {
          "fill": "0xcca0db"
        },
        {
          "fill": "0xcca0db"
        },
        {
          "fill": "0xa217ff"
        },
        {
          "fill": "0xa8986a"
        },
        {
          "fill": "0xa8986a"
        },
        {
          "text": "云莓"
        },
        {
          "fill": "0xa8986a"
        },
        {
          "fill": "0x6ab553"
        },
        {
          "fill": "0x6ab553"
        },
        {
          "fill": "0x6ab553"
        },
        {
          "fill": "0x6ab553"
        },
        {
          "fill": "0xcca0db"
        },
        {
          "fill": "0xcca0db"
        },
        {
          "fill": "0xcca0db"
        },
        {
          "fill": "0xa217ff"
        },
        {
          "fill": "0xa8986a"
        },
        {
          "fill": "0xa8986a"
        },
        {
          "fill": "0xa8986a"
        },
        {
          "text": "草莓"
        },
        {
          "fill": "0xcca0db"
        },
        {
          "fill": "0xcca0db"
        },
        {
          "fill": "0xa217ff"
        },
        {
          "fill": "0xa8986a"
        },
        {
          "fill": "0xa8986a"
        },
        {
          "fill": "0xa8986a"
        },
        {
          "fill": "0xa8986a"
        },
        {
          "fill": "0xa8986a"
        },
        {
          "fill": "0xa8986a"
        },
        {
          "fill": "0x6ab553"
        },
        {
          "fill": "0x6ab553"
        },
        {
          "fill": "0x6ab553"
        },
        {
          "text": "冬青"
        },
        {
          "fill": "0xa8986a"
        },
        {
          "fill": "0xa8986a"
        },
        {
          "fill": "0xa8986a"
        },
        {
          "fill": "0x6ab553"
        },
        {
          "fill": "0x6ab553"
        },
        {
          "fill": "0x6ab553"
        },
        {
          "fill": "0x6ab553"
        },
        {
          "fill": "0x6ab553"
        },
        {
          "fill": "0xcca0db"
        },
        {
          "fill": "0xcca0db"
        },
        {
          "fill": "0xa217ff"
        },
        {
          "fill": "0xa8986a"
        },
        {
          "text": "蔓越莓"
        },
        {
          "fill": "0xa8986a"
        },
        {
          "fill": "0xa8986a"
        },
        {
          "fill": "0x6ab553"
        },
        {
          "fill": "0x6ab553"
        },
        {
          "fill": "0x6ab553"
        },
        {
          "fill": "0x6ab553"
        },
        {
          "fill": "0xcca0db"
        },
        {
          "fill": "0xcca0db"
        },
        {
          "fill": "0xa217ff"
        },
        {
          "fill": "0xa8986a"
        },
        {
          "fill": "0xa8986a"
        },
        {
          "fill": "0xa8986a"
        }
      ],
      "text": "水果灌木的生长进度",
      "title": "水果灌木",
      "legend": [
        {
          "text": "休眠",
          "color": "0xa8986a"
        },
        {
          "text": "健康",
          "color": "0x6ab553"
        },
        {
          "text": "花期中",
          "color": "0xcca0db"
        },
        {
          "text": "结果中",
          "color": "0xa217ff"
        }
      ],
      "columns": 12,
      "first_column_width": 45,
      "column_width": 15,
      "row_height": 10,
      "left_buffer": 5,
      "top_buffer": 11,
      "draw_background": true
    },
    {
      "type": "patchouli:empty",
      "draw_filler": false
    }
  ],
  "read_by_default": true,
  "sortnum": 5,
  "extra_recipe_mappings": {
    "tfc:food/cherry": 6,
    "tfc:plant/cherry_sapling": 6,
    "tfc:food/green_apple": 8,
    "tfc:plant/green_apple_sapling": 8,
    "tfc:food/lemon": 10,
    "tfc:plant/lemon_sapling": 10,
    "tfc:food/olive": 12,
    "tfc:plant/olive_sapling": 12,
    "tfc:food/orange": 14,
    "tfc:plant/orange_sapling": 14,
    "tfc:food/peach": 16,
    "tfc:plant/peach_sapling": 16,
    "tfc:food/plum": 18,
    "tfc:plant/plum_sapling": 18,
    "tfc:food/red_apple": 20,
    "tfc:plant/red_apple_sapling": 20,
    "tfc:food/banana": 22,
    "tfc:plant/banana_sapling": 22,
    "tfc:food/blackberry": 30,
    "tfc:plant/blackberry_bush": 30,
    "tfc:food/raspberry": 32,
    "tfc:plant/raspberry_bush": 32,
    "tfc:food/blueberry": 34,
    "tfc:plant/blueberry_bush": 34,
    "tfc:food/elderberry": 36,
    "tfc:plant/elderberry_bush": 36,
    "tfc:food/bunchberry": 40,
    "tfc:plant/bunchberry_bush": 40,
    "tfc:food/gooseberry": 42,
    "tfc:plant/gooseberry_bush": 42,
    "tfc:food/snowberry": 44,
    "tfc:plant/snowberry_bush": 44,
    "tfc:food/cloudberry": 46,
    "tfc:plant/cloudberry_bush": 46,
    "tfc:food/strawberry": 48,
    "tfc:plant/strawberry_bush": 48,
    "tfc:food/wintergreen_berry": 50,
    "tfc:plant/wintergreen_berry_bush": 50,
    "tfc:food/cranberry": 52,
    "tfc:plant/cranberry_bush": 52
  }
}