{
	"format_version": "1.12.0",
	"minecraft:geometry": [
		{
			"description": {
				"identifier": "geometry.unknown",
				"texture_width": 32,
				"texture_height": 32,
				"visible_bounds_width": 2,
				"visible_bounds_height": 1.5,
				"visible_bounds_offset": [0, 0.25, 0]
			},
			"bones": [
				{
					"name": "ammo",
					"pivot": [0.0625, 0, 1.4375],
					"cubes": [
						{
							"origin": [-4.3375, -0.44, -6.4825],
							"size": [8.8, 2.75, 0.88],
							"uv": {
								"north": {"uv": [0, 11], "uv_size": [9, 3]},
								"east": {"uv": [22, 25], "uv_size": [1, 3]},
								"south": {"uv": [9, 11], "uv_size": [9, 3]},
								"west": {"uv": [23, 25], "uv_size": [1, 3]},
								"up": {"uv": [12, 20], "uv_size": [9, 1]},
								"down": {"uv": [20, 18], "uv_size": [9, -1]}
							}
						},
						{
							"origin": [-3.5675, -0.22, 4.7375],
							"size": [7.26, 2.31, 0.88],
							"uv": {
								"north": {"uv": [19, 9], "uv_size": [7, 2]},
								"east": {"uv": [26, 8], "uv_size": [1, 2]},
								"south": {"uv": [5, 20], "uv_size": [7, 2]},
								"west": {"uv": [9, 26], "uv_size": [1, 2]},
								"up": {"uv": [18, 23], "uv_size": [7, 1]},
								"down": {"uv": [0, 25], "uv_size": [7, -1]}
							}
						},
						{
							"origin": [-4.3375, 1.54774, -7.01694],
							"size": [8.8, 0.528, 0.528],
							"pivot": [0.0625, 1.54774, -6.46694],
							"rotation": [-45, 0, 0],
							"uv": {
								"north": {"uv": [20, 18], "uv_size": [9, 1]},
								"east": {"uv": [10, 16], "uv_size": [1, 1]},
								"south": {"uv": [20, 19], "uv_size": [9, 1]},
								"west": {"uv": [25, 23], "uv_size": [1, 1]},
								"up": {"uv": [12, 21], "uv_size": [9, 1]},
								"down": {"uv": [21, 15], "uv_size": [9, -1]}
							}
						},
						{
							"origin": [-4.3375, -0.45556, -7.01694],
							"size": [8.8, 0.528, 0.528],
							"pivot": [0.0625, -0.45556, -6.46694],
							"rotation": [-45, 0, 0],
							"uv": {
								"north": {"uv": [21, 15], "uv_size": [9, 1]},
								"east": {"uv": [26, 10], "uv_size": [1, 1]},
								"south": {"uv": [21, 16], "uv_size": [9, 1]},
								"west": {"uv": [26, 23], "uv_size": [1, 1]},
								"up": {"uv": [21, 20], "uv_size": [9, 1]},
								"down": {"uv": [21, 22], "uv_size": [9, -1]}
							}
						},
						{
							"origin": [-3.4575, -0.11, -5.6025],
							"size": [7.04, 2.09, 10.56],
							"uv": {
								"north": {"uv": [19, 5], "uv_size": [7, 2]},
								"east": {"uv": [0, 14], "uv_size": [11, 2]},
								"south": {"uv": [19, 7], "uv_size": [7, 2]},
								"west": {"uv": [14, 0], "uv_size": [11, 2]},
								"up": {"uv": [0, 0], "uv_size": [7, 11]},
								"down": {"uv": [7, 11], "uv_size": [7, -11]}
							}
						},
						{
							"origin": [-4.3375, -0.06665, -6.85585],
							"size": [8.8, 1.21, 0.44],
							"uv": {
								"north": {"uv": [0, 22], "uv_size": [9, 1]},
								"east": {"uv": [26, 25], "uv_size": [1, 1]},
								"south": {"uv": [9, 22], "uv_size": [9, 1]},
								"west": {"uv": [26, 26], "uv_size": [1, 1]},
								"up": {"uv": [18, 22], "uv_size": [9, 1]},
								"down": {"uv": [0, 24], "uv_size": [9, -1]}
							}
						},
						{
							"origin": [-4.3375, 1.05665, -6.85585],
							"size": [8.8, 0.88, 0.44],
							"uv": {
								"north": {"uv": [9, 23], "uv_size": [9, 1]},
								"east": {"uv": [27, 5], "uv_size": [1, 1]},
								"south": {"uv": [23, 11], "uv_size": [9, 1]},
								"west": {"uv": [27, 6], "uv_size": [1, 1]},
								"up": {"uv": [23, 12], "uv_size": [9, 1]},
								"down": {"uv": [23, 14], "uv_size": [9, -1]}
							}
						}
					]
				},
				{
					"name": "bone2",
					"parent": "ammo",
					"pivot": [0.0625, 0, 6.0575],
					"cubes": [
						{
							"origin": [-2.5775, -0.44, -0.1025],
							"size": [5.28, 2.64, 1.496],
							"uv": {
								"north": {"uv": [14, 2], "uv_size": [5, 3]},
								"east": {"uv": [24, 25], "uv_size": [1, 3]},
								"south": {"uv": [14, 5], "uv_size": [5, 3]},
								"west": {"uv": [25, 25], "uv_size": [1, 3]},
								"up": {"uv": [5, 19], "uv_size": [5, 1]},
								"down": {"uv": [24, 3], "uv_size": [5, -1]}
							}
						},
						{
							"origin": [2.2625, 1.57775, -0.1025],
							"size": [0.44, 0.44, 1.496],
							"pivot": [2.7025, 1.57775, -0.1025],
							"rotation": [0, 0, 45],
							"uv": {
								"north": {"uv": [27, 7], "uv_size": [1, 1]},
								"east": {"uv": [27, 8], "uv_size": [1, 1]},
								"south": {"uv": [27, 9], "uv_size": [1, 1]},
								"west": {"uv": [10, 27], "uv_size": [1, 1]},
								"up": {"uv": [27, 10], "uv_size": [1, 1]},
								"down": {"uv": [11, 28], "uv_size": [1, -1]}
							}
						},
						{
							"origin": [-3.0175, 1.57775, -0.1025],
							"size": [0.44, 0.44, 1.496],
							"pivot": [-2.5775, 1.57775, -0.1025],
							"rotation": [0, 0, 45],
							"uv": {
								"north": {"uv": [12, 27], "uv_size": [1, 1]},
								"east": {"uv": [13, 27], "uv_size": [1, 1]},
								"south": {"uv": [14, 27], "uv_size": [1, 1]},
								"west": {"uv": [15, 27], "uv_size": [1, 1]},
								"up": {"uv": [16, 27], "uv_size": [1, 1]},
								"down": {"uv": [17, 28], "uv_size": [1, -1]}
							}
						},
						{
							"origin": [-3.0175, -0.44, -0.1025],
							"size": [0.44, 0.44, 1.496],
							"pivot": [-2.5775, -0.44, -0.1025],
							"rotation": [0, 0, 45],
							"uv": {
								"north": {"uv": [18, 27], "uv_size": [1, 1]},
								"east": {"uv": [19, 27], "uv_size": [1, 1]},
								"south": {"uv": [20, 27], "uv_size": [1, 1]},
								"west": {"uv": [21, 27], "uv_size": [1, 1]},
								"up": {"uv": [27, 22], "uv_size": [1, 1]},
								"down": {"uv": [27, 24], "uv_size": [1, -1]}
							}
						},
						{
							"origin": [2.2625, -0.44, -0.1025],
							"size": [0.44, 0.44, 1.496],
							"pivot": [2.7025, -0.44, -0.1025],
							"rotation": [0, 0, 45],
							"uv": {
								"north": {"uv": [27, 24], "uv_size": [1, 1]},
								"east": {"uv": [27, 25], "uv_size": [1, 1]},
								"south": {"uv": [26, 27], "uv_size": [1, 1]},
								"west": {"uv": [27, 26], "uv_size": [1, 1]},
								"up": {"uv": [27, 27], "uv_size": [1, 1]},
								"down": {"uv": [28, 6], "uv_size": [1, -1]}
							}
						}
					]
				},
				{
					"name": "fg_illuminated",
					"parent": "bone2",
					"pivot": [0.2825, -0.11, 1.6575],
					"cubes": [
						{
							"origin": [-2.4675, -0.55, -4.7225],
							"size": [5.06, 2.86, 1.276],
							"uv": {
								"north": {"uv": [0, 19], "uv_size": [5, 3]},
								"east": {"uv": [7, 26], "uv_size": [1, 3]},
								"south": {"uv": [19, 2], "uv_size": [5, 3]},
								"west": {"uv": [8, 26], "uv_size": [1, 3]},
								"up": {"uv": [25, 1], "uv_size": [5, 1]},
								"down": {"uv": [5, 26], "uv_size": [5, -1]}
							}
						},
						{
							"origin": [-2.4675, -0.55, -2.3025],
							"size": [5.06, 2.86, 1.276],
							"uv": {
								"north": {"uv": [16, 14], "uv_size": [5, 3]},
								"east": {"uv": [4, 26], "uv_size": [1, 3]},
								"south": {"uv": [10, 17], "uv_size": [5, 3]},
								"west": {"uv": [5, 26], "uv_size": [1, 3]},
								"up": {"uv": [17, 24], "uv_size": [5, 1]},
								"down": {"uv": [22, 25], "uv_size": [5, -1]}
							}
						},
						{
							"origin": [-2.4675, -0.55, 0.0075],
							"size": [5.06, 2.86, 1.276],
							"uv": {
								"north": {"uv": [14, 8], "uv_size": [5, 3]},
								"east": {"uv": [0, 26], "uv_size": [1, 3]},
								"south": {"uv": [11, 14], "uv_size": [5, 3]},
								"west": {"uv": [1, 26], "uv_size": [1, 3]},
								"up": {"uv": [24, 3], "uv_size": [5, 1]},
								"down": {"uv": [24, 5], "uv_size": [5, -1]}
							}
						}
					]
				},
				{
					"name": "bone3",
					"parent": "ammo",
					"pivot": [0.0625, 0, 3.7475],
					"cubes": [
						{
							"origin": [-2.5775, -0.44, -2.4125],
							"size": [5.28, 2.64, 1.496],
							"uv": {
								"north": {"uv": [0, 16], "uv_size": [5, 3]},
								"east": {"uv": [2, 26], "uv_size": [1, 3]},
								"south": {"uv": [5, 16], "uv_size": [5, 3]},
								"west": {"uv": [3, 26], "uv_size": [1, 3]},
								"up": {"uv": [7, 24], "uv_size": [5, 1]},
								"down": {"uv": [12, 25], "uv_size": [5, -1]}
							}
						},
						{
							"origin": [2.2625, 1.57775, -2.4125],
							"size": [0.44, 0.44, 1.496],
							"pivot": [2.7025, 1.57775, -2.4125],
							"rotation": [0, 0, 45],
							"uv": {
								"north": {"uv": [28, 6], "uv_size": [1, 1]},
								"east": {"uv": [28, 7], "uv_size": [1, 1]},
								"south": {"uv": [28, 8], "uv_size": [1, 1]},
								"west": {"uv": [9, 28], "uv_size": [1, 1]},
								"up": {"uv": [28, 9], "uv_size": [1, 1]},
								"down": {"uv": [10, 29], "uv_size": [1, -1]}
							}
						},
						{
							"origin": [-3.0175, 1.57775, -2.4125],
							"size": [0.44, 0.44, 1.496],
							"pivot": [-2.5775, 1.57775, -2.4125],
							"rotation": [0, 0, 45],
							"uv": {
								"north": {"uv": [28, 10], "uv_size": [1, 1]},
								"east": {"uv": [11, 28], "uv_size": [1, 1]},
								"south": {"uv": [12, 28], "uv_size": [1, 1]},
								"west": {"uv": [13, 28], "uv_size": [1, 1]},
								"up": {"uv": [14, 28], "uv_size": [1, 1]},
								"down": {"uv": [15, 29], "uv_size": [1, -1]}
							}
						},
						{
							"origin": [-3.0175, -0.44, -2.4125],
							"size": [0.44, 0.44, 1.496],
							"pivot": [-2.5775, -0.44, -2.4125],
							"rotation": [0, 0, 45],
							"uv": {
								"north": {"uv": [16, 28], "uv_size": [1, 1]},
								"east": {"uv": [17, 28], "uv_size": [1, 1]},
								"south": {"uv": [18, 28], "uv_size": [1, 1]},
								"west": {"uv": [19, 28], "uv_size": [1, 1]},
								"up": {"uv": [20, 28], "uv_size": [1, 1]},
								"down": {"uv": [21, 29], "uv_size": [1, -1]}
							}
						},
						{
							"origin": [2.2625, -0.44, -2.4125],
							"size": [0.44, 0.44, 1.496],
							"pivot": [2.7025, -0.44, -2.4125],
							"rotation": [0, 0, 45],
							"uv": {
								"north": {"uv": [22, 28], "uv_size": [1, 1]},
								"east": {"uv": [28, 22], "uv_size": [1, 1]},
								"south": {"uv": [23, 28], "uv_size": [1, 1]},
								"west": {"uv": [28, 23], "uv_size": [1, 1]},
								"up": {"uv": [24, 28], "uv_size": [1, 1]},
								"down": {"uv": [28, 25], "uv_size": [1, -1]}
							}
						}
					]
				},
				{
					"name": "bone4",
					"parent": "ammo",
					"pivot": [0.0625, 0, 1.3275],
					"cubes": [
						{
							"origin": [-2.5775, -0.44, -4.8325],
							"size": [5.28, 2.64, 1.496],
							"uv": {
								"north": {"uv": [15, 17], "uv_size": [5, 3]},
								"east": {"uv": [26, 5], "uv_size": [1, 3]},
								"south": {"uv": [18, 11], "uv_size": [5, 3]},
								"west": {"uv": [6, 26], "uv_size": [1, 3]},
								"up": {"uv": [0, 25], "uv_size": [5, 1]},
								"down": {"uv": [25, 1], "uv_size": [5, -1]}
							}
						},
						{
							"origin": [2.2625, 1.57775, -4.8325],
							"size": [0.44, 0.44, 1.496],
							"pivot": [2.7025, 1.57775, -4.8325],
							"rotation": [0, 0, 45],
							"uv": {
								"north": {"uv": [25, 28], "uv_size": [1, 1]},
								"east": {"uv": [28, 25], "uv_size": [1, 1]},
								"south": {"uv": [26, 28], "uv_size": [1, 1]},
								"west": {"uv": [28, 26], "uv_size": [1, 1]},
								"up": {"uv": [27, 28], "uv_size": [1, 1]},
								"down": {"uv": [28, 28], "uv_size": [1, -1]}
							}
						},
						{
							"origin": [-3.0175, 1.57775, -4.8325],
							"size": [0.44, 0.44, 1.496],
							"pivot": [-2.5775, 1.57775, -4.8325],
							"rotation": [0, 0, 45],
							"uv": {
								"north": {"uv": [28, 28], "uv_size": [1, 1]},
								"east": {"uv": [0, 29], "uv_size": [1, 1]},
								"south": {"uv": [1, 29], "uv_size": [1, 1]},
								"west": {"uv": [2, 29], "uv_size": [1, 1]},
								"up": {"uv": [29, 2], "uv_size": [1, 1]},
								"down": {"uv": [3, 30], "uv_size": [1, -1]}
							}
						},
						{
							"origin": [-3.0175, -0.44, -4.8325],
							"size": [0.44, 0.44, 1.496],
							"pivot": [-2.5775, -0.44, -4.8325],
							"rotation": [0, 0, 45],
							"uv": {
								"north": {"uv": [29, 3], "uv_size": [1, 1]},
								"east": {"uv": [4, 29], "uv_size": [1, 1]},
								"south": {"uv": [29, 4], "uv_size": [1, 1]},
								"west": {"uv": [5, 29], "uv_size": [1, 1]},
								"up": {"uv": [29, 5], "uv_size": [1, 1]},
								"down": {"uv": [6, 30], "uv_size": [1, -1]}
							}
						},
						{
							"origin": [2.2625, -0.44, -4.8325],
							"size": [0.44, 0.44, 1.496],
							"pivot": [2.7025, -0.44, -4.8325],
							"rotation": [0, 0, 45],
							"uv": {
								"north": {"uv": [29, 6], "uv_size": [1, 1]},
								"east": {"uv": [7, 29], "uv_size": [1, 1]},
								"south": {"uv": [29, 7], "uv_size": [1, 1]},
								"west": {"uv": [8, 29], "uv_size": [1, 1]},
								"up": {"uv": [29, 8], "uv_size": [1, 1]},
								"down": {"uv": [9, 30], "uv_size": [1, -1]}
							}
						}
					]
				},
				{
					"name": "ground",
					"pivot": [0, -1.0625, 0.6875]
				},
				{
					"name": "thirdperson_hand",
					"pivot": [-1.0625, 0, 5.3125],
					"rotation": [90, 0, -90]
				},
				{
					"name": "fixed",
					"pivot": [4.5, 0.6875, -0.75],
					"rotation": [0, 90, 0]
				}
			]
		}
	]
}