{
	"format_version": "1.12.0",
	"minecraft:geometry": [
		{
			"description": {
				"identifier": "geometry.unknown",
				"texture_width": 64,
				"texture_height": 64,
				"visible_bounds_width": 4,
				"visible_bounds_height": 3,
				"visible_bounds_offset": [0, 0.5, 0]
			},
			"bones": [
				{
					"name": "root",
					"pivot": [0, 0, 0]
				},
				{
					"name": "rh_and_gun",
					"parent": "root",
					"pivot": [-6, 4, 21]
				},
				{
					"name": "lover",
					"parent": "rh_and_gun",
					"pivot": [0, 0, 0],
					"rotation": [0, -23, 0]
				},
				{
					"name": "by",
					"parent": "lover",
					"pivot": [-1.89497, 0, -2.01508],
					"cubes": [
						{
							"origin": [0.98995, 0, 1.56985],
							"size": [2.8, 0.7, 0.7],
							"pivot": [2.38995, 0, 2.26985],
							"rotation": [0, 45, 0],
							"uv": {
								"north": {"uv": [37, 0], "uv_size": [4, 1]},
								"east": {"uv": [6, 44], "uv_size": [1, 1]},
								"south": {"uv": [37, 1], "uv_size": [4, 1]},
								"west": {"uv": [7, 44], "uv_size": [1, 1]},
								"up": {"uv": [37, 2], "uv_size": [4, 1]},
								"down": {"uv": [37, 4], "uv_size": [4, -1]}
							}
						},
						{
							"origin": [-1.4, 0.7, -3.5],
							"size": [0.7, 5.6, 0.7],
							"uv": {
								"north": {"uv": [1, 36], "uv_size": [1, 8]},
								"east": {"uv": [2, 36], "uv_size": [1, 8]},
								"south": {"uv": [3, 36], "uv_size": [1, 8]},
								"west": {"uv": [4, 36], "uv_size": [1, 8]},
								"up": {"uv": [42, 43], "uv_size": [1, 1]},
								"down": {"uv": [43, 44], "uv_size": [1, -1]}
							}
						},
						{
							"origin": [-1.4, 0, 2.5598],
							"size": [2.8, 0.7, 0.7],
							"uv": {
								"north": {"uv": [37, 4], "uv_size": [4, 1]},
								"east": {"uv": [8, 44], "uv_size": [1, 1]},
								"south": {"uv": [37, 5], "uv_size": [4, 1]},
								"west": {"uv": [9, 44], "uv_size": [1, 1]},
								"up": {"uv": [37, 6], "uv_size": [4, 1]},
								"down": {"uv": [37, 8], "uv_size": [4, -1]}
							}
						},
						{
							"origin": [0.98995, 0.7, 1.56985],
							"size": [0.7, 5.6, 0.7],
							"pivot": [2.38995, 0.7, 2.26985],
							"rotation": [0, 45, 0],
							"uv": {
								"north": {"uv": [36, 8], "uv_size": [1, 8]},
								"east": {"uv": [9, 36], "uv_size": [1, 8]},
								"south": {"uv": [10, 36], "uv_size": [1, 8]},
								"west": {"uv": [11, 36], "uv_size": [1, 8]},
								"up": {"uv": [42, 44], "uv_size": [1, 1]},
								"down": {"uv": [43, 45], "uv_size": [1, -1]}
							}
						},
						{
							"origin": [0.7, 0.7, 2.5598],
							"size": [0.7, 5.6, 0.7],
							"uv": {
								"north": {"uv": [5, 36], "uv_size": [1, 8]},
								"east": {"uv": [6, 36], "uv_size": [1, 8]},
								"south": {"uv": [7, 36], "uv_size": [1, 8]},
								"west": {"uv": [8, 36], "uv_size": [1, 8]},
								"up": {"uv": [40, 44], "uv_size": [1, 1]},
								"down": {"uv": [41, 45], "uv_size": [1, -1]}
							}
						},
						{
							"origin": [0.69979, 6.9979, 2.55903],
							"size": [0.69979, 0.30604, 0.69979],
							"uv": {
								"north": {"uv": [12, 45], "uv_size": [1, 0.5]},
								"east": {"uv": [45, 12], "uv_size": [1, 0.5]},
								"south": {"uv": [13, 45], "uv_size": [1, 0.5]},
								"west": {"uv": [45, 13], "uv_size": [1, 0.5]},
								"up": {"uv": [2, 45], "uv_size": [1, 1]},
								"down": {"uv": [45, 3], "uv_size": [1, -1]}
							}
						},
						{
							"origin": [0.98995, 7, 1.5261],
							"size": [0.7, 0.30625, 0.74375],
							"pivot": [2.38995, 0.7, 2.26985],
							"rotation": [0, 45, 0],
							"uv": {
								"north": {"uv": [45, 9], "uv_size": [1, 0.5]},
								"east": {"uv": [45, 10], "uv_size": [1, 0.5]},
								"south": {"uv": [11, 45], "uv_size": [1, 0.5]},
								"west": {"uv": [45, 11], "uv_size": [1, 0.5]},
								"up": {"uv": [1, 45], "uv_size": [1, 1]},
								"down": {"uv": [45, 2], "uv_size": [1, -1]}
							}
						},
						{
							"origin": [0.57752, 6.25625, 2.7389],
							"size": [1.3125, 0.74375, 1.575],
							"pivot": [1.89002, 6.3, 2.7389],
							"rotation": [10, 23, 0],
							"uv": {
								"north": {"uv": [23, 43], "uv_size": [1.75, 1]},
								"east": {"uv": [42, 41], "uv_size": [2.25, 1]},
								"south": {"uv": [43, 24], "uv_size": [1.75, 1]},
								"west": {"uv": [42, 42], "uv_size": [2.25, 1]},
								"up": {"uv": [20, 40], "uv_size": [1.75, 2.25]},
								"down": {"uv": [22, 42.25], "uv_size": [1.75, -2.25]}
							}
						},
						{
							"origin": [1.13607, 6.51911, 4.05478],
							"size": [1.3125, 0.74375, 2.275],
							"pivot": [2.44857, 6.56286, 4.05478],
							"rotation": [0, 23, 0],
							"uv": {
								"north": {"uv": [25, 43], "uv_size": [1.75, 1]},
								"east": {"uv": [42, 38], "uv_size": [3.25, 1]},
								"south": {"uv": [43, 25], "uv_size": [1.75, 1]},
								"west": {"uv": [42, 40], "uv_size": [3.25, 1]},
								"up": {"uv": [12, 36], "uv_size": [1.75, 3.25]},
								"down": {"uv": [14, 39.25], "uv_size": [1.75, -3.25]}
							}
						},
						{
							"origin": [1.13495, 6.81854, 4.35667],
							"size": [1.31118, 0.43706, 0.91783],
							"pivot": [2.44613, 6.5563, 4.05072],
							"rotation": [-35, 23, 0],
							"uv": {
								"north": {"uv": [7, 45], "uv_size": [1.75, 0.5]},
								"east": {"uv": [45, 8], "uv_size": [1.25, 0.5]},
								"south": {"uv": [45, 7], "uv_size": [1.75, 0.5]},
								"west": {"uv": [9, 45], "uv_size": [1.25, 0.5]},
								"up": {"uv": [21, 43], "uv_size": [1.75, 1.25]},
								"down": {"uv": [43, 23.25], "uv_size": [1.75, -1.25]}
							}
						},
						{
							"origin": [0.99381, 1.25995, 5.29433],
							"size": [1.31237, 5.73068, 0.87491],
							"pivot": [2.30618, 6.85939, 3.71949],
							"rotation": [-10, 23, 0],
							"uv": {
								"north": {"uv": [12, 27], "uv_size": [1.75, 8.25]},
								"east": {"uv": [16, 27], "uv_size": [1.25, 8.25]},
								"south": {"uv": [14, 27], "uv_size": [1.75, 8.25]},
								"west": {"uv": [18, 27], "uv_size": [1.25, 8.25]},
								"up": {"uv": [43, 18], "uv_size": [1.75, 1.25]},
								"down": {"uv": [43, 21.25], "uv_size": [1.75, -1.25]}
							}
						},
						{
							"origin": [1.48591, 0.89586, 3.30394],
							"size": [1.3125, 0.7, 1.575],
							"pivot": [2.79841, 1.59586, 4.87894],
							"rotation": [15, 23, 0],
							"uv": {
								"north": {"uv": [43, 26], "uv_size": [1.75, 1]},
								"east": {"uv": [12, 43], "uv_size": [2.25, 1]},
								"south": {"uv": [27, 43], "uv_size": [1.75, 1]},
								"west": {"uv": [15, 43], "uv_size": [2.25, 1]},
								"up": {"uv": [24, 40], "uv_size": [1.75, 2.25]},
								"down": {"uv": [26, 42.25], "uv_size": [1.75, -2.25]}
							}
						},
						{
							"origin": [1.27482, 0.54767, 1.9754],
							"size": [1.3125, 0.7, 1.575],
							"pivot": [2.58732, 1.24767, 4.38165],
							"rotation": [2.5, 23, 0],
							"uv": {
								"north": {"uv": [43, 27], "uv_size": [1.75, 1]},
								"east": {"uv": [43, 17], "uv_size": [2.25, 1]},
								"south": {"uv": [29, 43], "uv_size": [1.75, 1]},
								"west": {"uv": [18, 43], "uv_size": [2.25, 1]},
								"up": {"uv": [28, 40], "uv_size": [1.75, 2.25]},
								"down": {"uv": [40, 30.25], "uv_size": [1.75, -2.25]}
							}
						},
						{
							"origin": [1.2799, 0, -0.8201],
							"size": [2.8, 0.7, 0.7],
							"pivot": [2.6799, 0, -0.1201],
							"rotation": [0, -90, 0],
							"uv": {
								"north": {"uv": [35, 19], "uv_size": [4, 1]},
								"east": {"uv": [0, 44], "uv_size": [1, 1]},
								"south": {"uv": [16, 36], "uv_size": [4, 1]},
								"west": {"uv": [1, 44], "uv_size": [1, 1]},
								"up": {"uv": [36, 16], "uv_size": [4, 1]},
								"down": {"uv": [36, 29], "uv_size": [4, -1]}
							}
						},
						{
							"origin": [-4.7799, 0, -0.8201],
							"size": [2.8, 0.7, 0.7],
							"pivot": [-3.3799, 0, -0.1201],
							"rotation": [0, -90, 0],
							"uv": {
								"north": {"uv": [36, 29], "uv_size": [4, 1]},
								"east": {"uv": [2, 44], "uv_size": [1, 1]},
								"south": {"uv": [36, 30], "uv_size": [4, 1]},
								"west": {"uv": [3, 44], "uv_size": [1, 1]},
								"up": {"uv": [36, 31], "uv_size": [4, 1]},
								"down": {"uv": [36, 33], "uv_size": [4, -1]}
							}
						},
						{
							"origin": [0.49497, 0, -2.71508],
							"size": [2.8, 0.7, 0.7],
							"pivot": [1.89497, 0, -2.01508],
							"rotation": [0, -45, 0],
							"uv": {
								"north": {"uv": [31, 18], "uv_size": [4, 1]},
								"east": {"uv": [43, 36], "uv_size": [1, 1]},
								"south": {"uv": [31, 19], "uv_size": [4, 1]},
								"west": {"uv": [39, 43], "uv_size": [1, 1]},
								"up": {"uv": [35, 17], "uv_size": [4, 1]},
								"down": {"uv": [35, 19], "uv_size": [4, -1]}
							}
						},
						{
							"origin": [-3.78995, 0, 1.56985],
							"size": [2.8, 0.7, 0.7],
							"pivot": [-2.38995, 0, 2.26985],
							"rotation": [0, -45, 0],
							"uv": {
								"north": {"uv": [36, 33], "uv_size": [4, 1]},
								"east": {"uv": [4, 44], "uv_size": [1, 1]},
								"south": {"uv": [36, 34], "uv_size": [4, 1]},
								"west": {"uv": [5, 44], "uv_size": [1, 1]},
								"up": {"uv": [35, 36], "uv_size": [4, 1]},
								"down": {"uv": [36, 36], "uv_size": [4, -1]}
							}
						},
						{
							"origin": [-1.19497, 0.7, -2.71508],
							"size": [0.7, 5.6, 0.7],
							"pivot": [-1.89497, 0, -2.01508],
							"rotation": [0, 45, 0],
							"uv": {
								"north": {"uv": [35, 9], "uv_size": [1, 8]},
								"east": {"uv": [35, 28], "uv_size": [1, 8]},
								"south": {"uv": [0, 36], "uv_size": [1, 8]},
								"west": {"uv": [36, 0], "uv_size": [1, 8]},
								"up": {"uv": [40, 43], "uv_size": [1, 1]},
								"down": {"uv": [41, 44], "uv_size": [1, -1]}
							}
						},
						{
							"origin": [-3.29497, 0, -2.71508],
							"size": [2.8, 0.7, 0.7],
							"pivot": [-1.89497, 0, -2.01508],
							"rotation": [0, 45, 0],
							"uv": {
								"north": {"uv": [39, 23], "uv_size": [4, 1]},
								"east": {"uv": [29, 44], "uv_size": [1, 1]},
								"south": {"uv": [24, 39], "uv_size": [4, 1]},
								"west": {"uv": [30, 44], "uv_size": [1, 1]},
								"up": {"uv": [39, 24], "uv_size": [4, 1]},
								"down": {"uv": [39, 26], "uv_size": [4, -1]}
							}
						},
						{
							"origin": [-1.4, 0, -3.5],
							"size": [2.8, 0.7, 0.7],
							"uv": {
								"north": {"uv": [20, 39], "uv_size": [4, 1]},
								"east": {"uv": [27, 44], "uv_size": [1, 1]},
								"south": {"uv": [39, 20], "uv_size": [4, 1]},
								"west": {"uv": [28, 44], "uv_size": [1, 1]},
								"up": {"uv": [39, 21], "uv_size": [4, 1]},
								"down": {"uv": [39, 23], "uv_size": [4, -1]}
							}
						},
						{
							"origin": [-3.59289, 0.04366, -4.10002],
							"size": [2.65441, 0.6636, 6.25184],
							"pivot": [-2.26568, 0.04366, 2.15183],
							"rotation": [0, -45, 0],
							"uv": {
								"north": {"uv": [42, 37], "uv_size": [3.75, 1]},
								"east": {"uv": [30, 26], "uv_size": [9, 1]},
								"south": {"uv": [38, 42], "uv_size": [3.75, 1]},
								"west": {"uv": [30, 27], "uv_size": [9, 1]},
								"up": {"uv": [12, 0], "uv_size": [3.75, 9]},
								"down": {"uv": [12, 18], "uv_size": [3.75, -9]}
							}
						},
						{
							"origin": [-4.5409, 0.04375, -0.7791],
							"size": [2.66, 0.665, 0.665],
							"pivot": [-3.2109, 0.04375, -0.1141],
							"rotation": [0, -90, 0],
							"uv": {
								"north": {"uv": [42, 29], "uv_size": [3.75, 1]},
								"east": {"uv": [6, 45], "uv_size": [1, 1]},
								"south": {"uv": [30, 42], "uv_size": [3.75, 1]},
								"west": {"uv": [45, 6], "uv_size": [1, 1]},
								"up": {"uv": [42, 30], "uv_size": [3.75, 1]},
								"down": {"uv": [34, 43], "uv_size": [3.75, -1]}
							}
						},
						{
							"origin": [-3.1271, 0.04371, -2.57674],
							"size": [2.65734, 0.66433, 6.25874],
							"pivot": [-1.79843, 0.04371, -1.91241],
							"rotation": [0, 45, 0],
							"uv": {
								"north": {"uv": [16, 42], "uv_size": [3.75, 1]},
								"east": {"uv": [30, 24], "uv_size": [9, 1]},
								"south": {"uv": [42, 28], "uv_size": [3.75, 1]},
								"west": {"uv": [30, 25], "uv_size": [9, 1]},
								"up": {"uv": [4, 9], "uv_size": [3.75, 9]},
								"down": {"uv": [8, 18], "uv_size": [3.75, -9]}
							}
						},
						{
							"origin": [-1.33, 0.04375, -3.325],
							"size": [2.66, 0.665, 0.665],
							"uv": {
								"north": {"uv": [30, 41], "uv_size": [3.75, 1]},
								"east": {"uv": [5, 45], "uv_size": [1, 1]},
								"south": {"uv": [34, 41], "uv_size": [3.75, 1]},
								"west": {"uv": [45, 5], "uv_size": [1, 1]},
								"up": {"uv": [38, 41], "uv_size": [3.75, 1]},
								"down": {"uv": [12, 43], "uv_size": [3.75, -1]}
							}
						},
						{
							"origin": [1.21226, 0.04362, -0.77676],
							"size": [2.65202, 0.663, 6.2462],
							"pivot": [2.53827, 0.04362, -0.11375],
							"rotation": [0, -90, 0],
							"uv": {
								"north": {"uv": [41, 15], "uv_size": [3.75, 1]},
								"east": {"uv": [30, 22], "uv_size": [9, 1]},
								"south": {"uv": [16, 41], "uv_size": [3.75, 1]},
								"west": {"uv": [30, 23], "uv_size": [9, 1]},
								"up": {"uv": [8, 0], "uv_size": [3.75, 9]},
								"down": {"uv": [0, 18], "uv_size": [3.75, -9]}
							}
						},
						{
							"origin": [0.47023, 0.04375, -2.57932],
							"size": [2.66, 0.665, 0.665],
							"pivot": [1.80023, 0.04375, -1.91432],
							"rotation": [0, -45, 0],
							"uv": {
								"north": {"uv": [12, 41], "uv_size": [3.75, 1]},
								"east": {"uv": [4, 45], "uv_size": [1, 1]},
								"south": {"uv": [41, 12], "uv_size": [3.75, 1]},
								"west": {"uv": [45, 4], "uv_size": [1, 1]},
								"up": {"uv": [41, 13], "uv_size": [3.75, 1]},
								"down": {"uv": [41, 15], "uv_size": [3.75, -1]}
							}
						},
						{
							"origin": [0.94045, 0.04375, 1.49136],
							"size": [2.66, 0.665, 0.665],
							"pivot": [2.27045, 0.04375, 2.15636],
							"rotation": [0, 45, 0],
							"uv": {
								"north": {"uv": [41, 8], "uv_size": [3.75, 1]},
								"east": {"uv": [3, 45], "uv_size": [1, 1]},
								"south": {"uv": [41, 9], "uv_size": [3.75, 1]},
								"west": {"uv": [45, 3], "uv_size": [1, 1]},
								"up": {"uv": [41, 10], "uv_size": [3.75, 1]},
								"down": {"uv": [41, 12], "uv_size": [3.75, -1]}
							}
						},
						{
							"origin": [-1.33, 0.04375, -3.16819],
							"size": [2.66, 0.665, 6.265],
							"uv": {
								"north": {"uv": [41, 6], "uv_size": [3.75, 1]},
								"east": {"uv": [30, 20], "uv_size": [9, 1]},
								"south": {"uv": [41, 7], "uv_size": [3.75, 1]},
								"west": {"uv": [30, 21], "uv_size": [9, 1]},
								"up": {"uv": [0, 0], "uv_size": [3.75, 9]},
								"down": {"uv": [4, 9], "uv_size": [3.75, -9]}
							}
						}
					]
				},
				{
					"name": "by2",
					"parent": "lover",
					"pivot": [-1.89497, 6.3, -2.01508],
					"cubes": [
						{
							"origin": [0.98995, 6.3, 1.56985],
							"size": [2.8, 0.7, 0.7],
							"pivot": [2.38995, 6.3, 2.26985],
							"rotation": [0, 45, 0],
							"uv": {
								"north": {"uv": [37, 8], "uv_size": [4, 1]},
								"east": {"uv": [10, 44], "uv_size": [1, 1]},
								"south": {"uv": [37, 9], "uv_size": [4, 1]},
								"west": {"uv": [11, 44], "uv_size": [1, 1]},
								"up": {"uv": [37, 10], "uv_size": [4, 1]},
								"down": {"uv": [37, 12], "uv_size": [4, -1]}
							}
						},
						{
							"origin": [-1.44375, 6.3875, -3.5875],
							"size": [0.74375, 0.91875, 0.7875],
							"uv": {
								"north": {"uv": [31, 43], "uv_size": [1, 1.5]},
								"east": {"uv": [32, 43], "uv_size": [1, 1.5]},
								"south": {"uv": [33, 43], "uv_size": [1, 1.5]},
								"west": {"uv": [34, 43], "uv_size": [1, 1.5]},
								"up": {"uv": [12, 44], "uv_size": [1, 1]},
								"down": {"uv": [13, 45], "uv_size": [1, -1]}
							}
						},
						{
							"origin": [-1.4, 6.3, 2.5598],
							"size": [2.8, 0.7, 0.7],
							"uv": {
								"north": {"uv": [37, 12], "uv_size": [4, 1]},
								"east": {"uv": [14, 44], "uv_size": [1, 1]},
								"south": {"uv": [37, 13], "uv_size": [4, 1]},
								"west": {"uv": [15, 44], "uv_size": [1, 1]},
								"up": {"uv": [37, 14], "uv_size": [4, 1]},
								"down": {"uv": [37, 16], "uv_size": [4, -1]}
							}
						},
						{
							"origin": [1.2799, 6.3, -0.8201],
							"size": [2.8, 0.7, 0.7],
							"pivot": [2.6799, 6.3, -0.1201],
							"rotation": [0, -90, 0],
							"uv": {
								"north": {"uv": [16, 37], "uv_size": [4, 1]},
								"east": {"uv": [16, 44], "uv_size": [1, 1]},
								"south": {"uv": [20, 37], "uv_size": [4, 1]},
								"west": {"uv": [44, 16], "uv_size": [1, 1]},
								"up": {"uv": [24, 37], "uv_size": [4, 1]},
								"down": {"uv": [30, 38], "uv_size": [4, -1]}
							}
						},
						{
							"origin": [-4.7799, 6.3, -0.8201],
							"size": [2.8, 0.7, 0.7],
							"pivot": [-3.3799, 6.3, -0.1201],
							"rotation": [0, -90, 0],
							"uv": {
								"north": {"uv": [34, 37], "uv_size": [4, 1]},
								"east": {"uv": [17, 44], "uv_size": [1, 1]},
								"south": {"uv": [16, 38], "uv_size": [4, 1]},
								"west": {"uv": [18, 44], "uv_size": [1, 1]},
								"up": {"uv": [20, 38], "uv_size": [4, 1]},
								"down": {"uv": [24, 39], "uv_size": [4, -1]}
							}
						},
						{
							"origin": [0.49497, 6.3, -2.71508],
							"size": [2.8, 0.7, 0.7],
							"pivot": [1.89497, 6.3, -2.01508],
							"rotation": [0, -45, 0],
							"uv": {
								"north": {"uv": [30, 38], "uv_size": [4, 1]},
								"east": {"uv": [19, 44], "uv_size": [1, 1]},
								"south": {"uv": [34, 38], "uv_size": [4, 1]},
								"west": {"uv": [20, 44], "uv_size": [1, 1]},
								"up": {"uv": [38, 37], "uv_size": [4, 1]},
								"down": {"uv": [38, 39], "uv_size": [4, -1]}
							}
						},
						{
							"origin": [-3.78995, 6.3, 1.56985],
							"size": [2.8, 0.7, 0.7],
							"pivot": [-2.38995, 6.3, 2.26985],
							"rotation": [0, -45, 0],
							"uv": {
								"north": {"uv": [16, 39], "uv_size": [4, 1]},
								"east": {"uv": [23, 44], "uv_size": [1, 1]},
								"south": {"uv": [39, 17], "uv_size": [4, 1]},
								"west": {"uv": [24, 44], "uv_size": [1, 1]},
								"up": {"uv": [39, 18], "uv_size": [4, 1]},
								"down": {"uv": [39, 20], "uv_size": [4, -1]}
							}
						},
						{
							"origin": [-1.19497, 6.3875, -2.80258],
							"size": [0.74375, 0.91875, 0.7875],
							"pivot": [-1.89497, 6.3, -2.01508],
							"rotation": [0, 45, 0],
							"uv": {
								"north": {"uv": [35, 43], "uv_size": [1, 1.5]},
								"east": {"uv": [36, 43], "uv_size": [1, 1.5]},
								"south": {"uv": [37, 43], "uv_size": [1, 1.5]},
								"west": {"uv": [38, 43], "uv_size": [1, 1.5]},
								"up": {"uv": [25, 44], "uv_size": [1, 1]},
								"down": {"uv": [26, 45], "uv_size": [1, -1]}
							}
						},
						{
							"origin": [-3.35766, 0.69986, 2.63888],
							"size": [0.69986, 6.60485, 0.69986],
							"pivot": [-1.8946, 6.29874, -2.01467],
							"rotation": [0, 45, 0],
							"uv": {
								"north": {"uv": [29, 10], "uv_size": [1, 9.5]},
								"east": {"uv": [29, 20], "uv_size": [1, 9.5]},
								"south": {"uv": [30, 0], "uv_size": [1, 9.5]},
								"west": {"uv": [30, 10], "uv_size": [1, 9.5]},
								"up": {"uv": [0, 45], "uv_size": [1, 1]},
								"down": {"uv": [45, 1], "uv_size": [1, -1]}
							}
						},
						{
							"origin": [0.85639, 0.69993, 1.81573],
							"size": [0.69993, 6.60555, 0.69993],
							"uv": {
								"north": {"uv": [28, 0], "uv_size": [1, 9.5]},
								"east": {"uv": [28, 10], "uv_size": [1, 9.5]},
								"south": {"uv": [28, 20], "uv_size": [1, 9.5]},
								"west": {"uv": [29, 0], "uv_size": [1, 9.5]},
								"up": {"uv": [44, 43], "uv_size": [1, 1]},
								"down": {"uv": [44, 45], "uv_size": [1, -1]}
							}
						},
						{
							"origin": [-3.29497, 6.3, -2.71508],
							"size": [2.8, 0.7, 0.7],
							"pivot": [-1.89497, 6.3, -2.01508],
							"rotation": [0, 45, 0],
							"uv": {
								"north": {"uv": [36, 39], "uv_size": [4, 1]},
								"east": {"uv": [44, 33], "uv_size": [1, 1]},
								"south": {"uv": [39, 36], "uv_size": [4, 1]},
								"west": {"uv": [44, 34], "uv_size": [1, 1]},
								"up": {"uv": [12, 40], "uv_size": [4, 1]},
								"down": {"uv": [16, 41], "uv_size": [4, -1]}
							}
						},
						{
							"origin": [-1.4, 6.3, -3.5],
							"size": [2.8, 0.7, 0.7],
							"uv": {
								"north": {"uv": [39, 26], "uv_size": [4, 1]},
								"east": {"uv": [44, 31], "uv_size": [1, 1]},
								"south": {"uv": [39, 27], "uv_size": [4, 1]},
								"west": {"uv": [44, 32], "uv_size": [1, 1]},
								"up": {"uv": [28, 39], "uv_size": [4, 1]},
								"down": {"uv": [32, 40], "uv_size": [4, -1]}
							}
						}
					]
				},
				{
					"name": "bone",
					"parent": "by2",
					"pivot": [0.11638, 5.6, -3.08634],
					"cubes": [
						{
							"origin": [-1.57325, 0.69986, -2.79583],
							"size": [0.69986, 6.60485, 0.69986],
							"uv": {
								"north": {"uv": [20, 27], "uv_size": [1, 9.5]},
								"east": {"uv": [21, 27], "uv_size": [1, 9.5]},
								"south": {"uv": [22, 27], "uv_size": [1, 9.5]},
								"west": {"uv": [23, 27], "uv_size": [1, 9.5]},
								"up": {"uv": [44, 35], "uv_size": [1, 1]},
								"down": {"uv": [44, 37], "uv_size": [1, -1]}
							}
						},
						{
							"origin": [-1.28349, 0.69993, -3.78596],
							"size": [0.69993, 6.60555, 0.69993],
							"pivot": [0.11637, 5.59944, -3.08603],
							"rotation": [0, 45, 0],
							"uv": {
								"north": {"uv": [24, 27], "uv_size": [1, 9.5]},
								"east": {"uv": [25, 27], "uv_size": [1, 9.5]},
								"south": {"uv": [26, 27], "uv_size": [1, 9.5]},
								"west": {"uv": [27, 27], "uv_size": [1, 9.5]},
								"up": {"uv": [39, 44], "uv_size": [1, 1]},
								"down": {"uv": [44, 40], "uv_size": [1, -1]}
							}
						}
					]
				},
				{
					"name": "bs",
					"parent": "lover",
					"pivot": [0, 0.7175, 3.09681],
					"cubes": [
						{
							"origin": [0.47023, 0.7175, -2.57932],
							"size": [2.66, 6.09, 0.665],
							"pivot": [1.80023, 0.7175, -1.91432],
							"rotation": [0, -45, 0],
							"uv": {
								"north": {"uv": [4, 27], "uv_size": [3.75, 8.75]},
								"east": {"uv": [34, 28], "uv_size": [1, 8.75]},
								"south": {"uv": [8, 27], "uv_size": [3.75, 8.75]},
								"west": {"uv": [35, 0], "uv_size": [1, 8.75]},
								"up": {"uv": [41, 4], "uv_size": [3.75, 1]},
								"down": {"uv": [41, 6], "uv_size": [3.75, -1]}
							}
						},
						{
							"origin": [-3.13023, 0.7175, -2.57932],
							"size": [2.66, 6.09, 0.665],
							"pivot": [-1.80023, 0.7175, -1.91432],
							"rotation": [0, 45, 0],
							"uv": {
								"north": {"uv": [24, 18], "uv_size": [3.75, 8.75]},
								"east": {"uv": [34, 0], "uv_size": [1, 8.75]},
								"south": {"uv": [0, 27], "uv_size": [3.75, 8.75]},
								"west": {"uv": [34, 9], "uv_size": [1, 8.75]},
								"up": {"uv": [41, 2], "uv_size": [3.75, 1]},
								"down": {"uv": [41, 4], "uv_size": [3.75, -1]}
							}
						},
						{
							"origin": [-1.33, 0.7175, -3.325],
							"size": [2.66, 6.09, 0.665],
							"uv": {
								"north": {"uv": [24, 0], "uv_size": [3.75, 8.75]},
								"east": {"uv": [33, 9], "uv_size": [1, 8.75]},
								"south": {"uv": [24, 9], "uv_size": [3.75, 8.75]},
								"west": {"uv": [33, 28], "uv_size": [1, 8.75]},
								"up": {"uv": [41, 0], "uv_size": [3.75, 1]},
								"down": {"uv": [41, 2], "uv_size": [3.75, -1]}
							}
						},
						{
							"origin": [1.2159, 0.7175, -0.7791],
							"size": [2.66, 6.09, 0.665],
							"pivot": [2.5459, 0.7175, -0.1141],
							"rotation": [0, -90, 0],
							"uv": {
								"north": {"uv": [20, 9], "uv_size": [3.75, 8.75]},
								"east": {"uv": [32, 28], "uv_size": [1, 8.75]},
								"south": {"uv": [20, 18], "uv_size": [3.75, 8.75]},
								"west": {"uv": [33, 0], "uv_size": [1, 8.75]},
								"up": {"uv": [38, 40], "uv_size": [3.75, 1]},
								"down": {"uv": [40, 40], "uv_size": [3.75, -1]}
							}
						},
						{
							"origin": [-4.5409, 0.7175, -0.7791],
							"size": [2.66, 6.09, 0.665],
							"pivot": [-3.2109, 0.7175, -0.1141],
							"rotation": [0, -90, 0],
							"uv": {
								"north": {"uv": [16, 18], "uv_size": [3.75, 8.75]},
								"east": {"uv": [32, 0], "uv_size": [1, 8.75]},
								"south": {"uv": [20, 0], "uv_size": [3.75, 8.75]},
								"west": {"uv": [32, 9], "uv_size": [1, 8.75]},
								"up": {"uv": [40, 34], "uv_size": [3.75, 1]},
								"down": {"uv": [40, 36], "uv_size": [3.75, -1]}
							}
						},
						{
							"origin": [-3.60045, 0.7175, 1.49136],
							"size": [2.66, 6.09, 0.665],
							"pivot": [-2.27045, 0.7175, 2.15636],
							"rotation": [0, -45, 0],
							"uv": {
								"north": {"uv": [8, 18], "uv_size": [3.75, 8.75]},
								"east": {"uv": [31, 9], "uv_size": [1, 8.75]},
								"south": {"uv": [12, 18], "uv_size": [3.75, 8.75]},
								"west": {"uv": [31, 28], "uv_size": [1, 8.75]},
								"up": {"uv": [40, 33], "uv_size": [3.75, 1]},
								"down": {"uv": [34, 41], "uv_size": [3.75, -1]}
							}
						},
						{
							"origin": [0.94045, 0.7175, 1.49136],
							"size": [2.66, 6.09, 0.665],
							"pivot": [2.27045, 0.7175, 2.15636],
							"rotation": [0, 45, 0],
							"uv": {
								"north": {"uv": [0, 18], "uv_size": [3.75, 8.75]},
								"east": {"uv": [29, 30], "uv_size": [1, 8.75]},
								"south": {"uv": [4, 18], "uv_size": [3.75, 8.75]},
								"west": {"uv": [31, 0], "uv_size": [1, 8.75]},
								"up": {"uv": [40, 31], "uv_size": [3.75, 1]},
								"down": {"uv": [40, 33], "uv_size": [3.75, -1]}
							}
						},
						{
							"origin": [-1.33, 0.7175, 2.43181],
							"size": [2.66, 6.09, 0.665],
							"uv": {
								"north": {"uv": [16, 0], "uv_size": [3.75, 8.75]},
								"east": {"uv": [28, 30], "uv_size": [1, 8.75]},
								"south": {"uv": [16, 9], "uv_size": [3.75, 8.75]},
								"west": {"uv": [30, 28], "uv_size": [1, 8.75]},
								"up": {"uv": [40, 16], "uv_size": [3.75, 1]},
								"down": {"uv": [30, 41], "uv_size": [3.75, -1]}
							}
						}
					]
				},
				{
					"name": "beer",
					"parent": "lover",
					"pivot": [0.04375, 7.16875, 0.4598],
					"cubes": [
						{
							"origin": [0.04371, 6.2439, -2.64702],
							"size": [2.57342, 1.28671, 1.36713],
							"pivot": [1.33042, -0.83302, -1.36031],
							"rotation": [0, -45, 0],
							"uv": {
								"north": {"uv": [33, 46], "uv_size": [4, 2]},
								"east": {"uv": [32, 46], "uv_size": [1, 2]},
								"south": {"uv": [38, 46], "uv_size": [4, 2]},
								"west": {"uv": [37, 46], "uv_size": [1, 2]},
								"up": {"uv": [33, 45], "uv_size": [4, 1]},
								"down": {"uv": [37, 46], "uv_size": [4, -1]}
							}
						},
						{
							"origin": [0.19999, 6.25186, 2.26531],
							"size": [2.57574, 1.28787, 1.36836],
							"pivot": [1.48786, -0.83143, -1.51781],
							"rotation": [0, -45, 0],
							"uv": {
								"north": {"uv": [34, 52], "uv_size": [4, 2]},
								"east": {"uv": [33, 52], "uv_size": [1, 2]},
								"south": {"uv": [39, 52], "uv_size": [4, 2]},
								"west": {"uv": [38, 52], "uv_size": [1, 2]},
								"up": {"uv": [34, 51], "uv_size": [4, 1]},
								"down": {"uv": [38, 52], "uv_size": [4, -1]}
							}
						},
						{
							"origin": [-5.71416, 6.2439, -1.32798],
							"size": [2.57342, 1.28671, 1.36713],
							"pivot": [-4.42745, -0.83302, -4.54476],
							"rotation": [0, 45, 0],
							"uv": {
								"north": {"uv": [14, 52], "uv_size": [4, 2]},
								"east": {"uv": [13, 52], "uv_size": [1, 2]},
								"south": {"uv": [19, 52], "uv_size": [4, 2]},
								"west": {"uv": [18, 52], "uv_size": [1, 2]},
								"up": {"uv": [14, 51], "uv_size": [4, 1]},
								"down": {"uv": [18, 52], "uv_size": [4, -1]}
							}
						},
						{
							"origin": [-5.87556, 6.25186, 3.66603],
							"size": [2.57574, 1.28787, 1.28787],
							"pivot": [-4.58769, -0.83143, -4.70513],
							"rotation": [0, 45, 0],
							"uv": {
								"north": {"uv": [11, 47], "uv_size": [4, 2]},
								"east": {"uv": [10, 47], "uv_size": [1, 2]},
								"south": {"uv": [16, 47], "uv_size": [4, 2]},
								"west": {"uv": [15, 47], "uv_size": [1, 2]},
								"up": {"uv": [11, 46], "uv_size": [4, 1]},
								"down": {"uv": [15, 47], "uv_size": [4, -1]}
							}
						},
						{
							"origin": [2.50926, 6.25275, 0.57029],
							"size": [2.576, 1.288, 0.644],
							"pivot": [3.79726, -0.83125, -0.07371],
							"rotation": [0, -90, 0],
							"uv": {
								"north": {"uv": [21, 47], "uv_size": [4, 2]},
								"east": {"uv": [20, 47], "uv_size": [1, 2]},
								"south": {"uv": [26, 47], "uv_size": [4, 2]},
								"west": {"uv": [25, 47], "uv_size": [1, 2]},
								"up": {"uv": [21, 46], "uv_size": [4, 1]},
								"down": {"uv": [25, 47], "uv_size": [4, -1]}
							}
						},
						{
							"origin": [0.15424, 6.25266, -1.16045],
							"size": [2.57597, 1.28799, 5.59469],
							"pivot": [1.44223, -0.83127, -0.07371],
							"rotation": [0, -90, 0],
							"uv": {
								"north": {"uv": [25, 52], "uv_size": [4, 2]},
								"east": {"uv": [24, 52], "uv_size": [1, 2]},
								"south": {"uv": [30, 52], "uv_size": [4, 2]},
								"west": {"uv": [29, 52], "uv_size": [1, 2]},
								"up": {"uv": [25, 51], "uv_size": [4, 1]},
								"down": {"uv": [29, 52], "uv_size": [4, -1]}
							}
						},
						{
							"origin": [-1.24425, 6.25275, -3.18322],
							"size": [2.576, 1.288, 5.635],
							"uv": {
								"north": {"uv": [1, 52], "uv_size": [4, 2]},
								"east": {"uv": [0, 52], "uv_size": [1, 2]},
								"south": {"uv": [6, 52], "uv_size": [4, 2]},
								"west": {"uv": [5, 52], "uv_size": [1, 2]},
								"up": {"uv": [1, 51], "uv_size": [4, 1]},
								"down": {"uv": [5, 52], "uv_size": [4, -1]}
							}
						},
						{
							"origin": [-1.24413, 6.25186, 2.39156],
							"size": [2.57574, 1.28787, 0.64394],
							"uv": {
								"north": {"uv": [1, 47], "uv_size": [4, 2]},
								"east": {"uv": [0, 47], "uv_size": [1, 2]},
								"south": {"uv": [6, 47], "uv_size": [4, 2]},
								"west": {"uv": [5, 47], "uv_size": [1, 2]},
								"up": {"uv": [1, 46], "uv_size": [4, 1]},
								"down": {"uv": [5, 47], "uv_size": [4, -1]}
							}
						}
					]
				},
				{
					"name": "camera",
					"pivot": [5, 12, 13]
				},
				{
					"name": "positioning",
					"pivot": [0, 0, 0]
				},
				{
					"name": "fixed",
					"parent": "positioning",
					"pivot": [4, 4, 0],
					"rotation": [0, 90, 0]
				},
				{
					"name": "refit_view",
					"parent": "positioning",
					"pivot": [24, 5, 1],
					"rotation": [0, 90, 0]
				},
				{
					"name": "ground",
					"parent": "positioning",
					"pivot": [0, 0, 0]
				},
				{
					"name": "idle_view",
					"parent": "positioning",
					"pivot": [5, 12, 13]
				},
				{
					"name": "iron_view",
					"parent": "positioning",
					"pivot": [5, 12, 8]
				},
				{
					"name": "thirdperson_hand",
					"parent": "positioning",
					"pivot": [0, 4, 6],
					"rotation": [0, -15, 0]
				}
			]
		}
	]
}