{
  "materials": [
    {
      "item": {
        "tag": "forge:storage_blocks/gold"
      },
      "count": 2
    },
    {
      "item": {
        "tag": "forge:dusts/redstone"
      },
      "count": 80
    },
    {
      "item": {
        "tag": "forge:storage_blocks/diamond"
      },
      "count": 2
    },
    {
      "item": {
        "tag": "forge:storage_blocks/emerald"
      },
      "count": 2
    }
  ],
  "result": {
    "type": "gun",
    "id": "deep_rock_galactic:40mm"
  },
  "type": "tacz:gun_smith_table_crafting"
}