{
  "__comment__": "This file was automatically created by mcresources",
  "name": "浸灰间",
  "category": "tfc:advancedtfctech",
  "icon": "advancedtfctech:beamhouse",
  "pages": [
    {
      "type": "patchouli:multiblock",
      "multiblock": {
        "pattern": [
          [
            "    ",
            " mmm",
            " MMM",
            " mmm"
          ],
          [
            " L L",
            "RMHM",
            "LM M",
            "LMMM"
          ],
          [
            "SPSL",
            "SP0S",
            "LPSS",
            "LSSS"
          ]
        ],
        "mapping": {
          "S": "immersiveengineering:steel_scaffolding_standard",
          "M": "immersiveengineering:sheetmetal_iron",
          "m": "immersiveengineering:slab_sheetmetal_iron",
          "P": "minecraft:orange_wool",
          "H": "immersiveengineering:heavy_engineering",
          "L": "immersiveengineering:light_engineering",
          "R": "immersiveengineering:rs_engineering",
          "0": "immersiveengineering:steel_scaffolding_standard"
        }
      },
      "name": "浸灰间",
      "text": "使用工程师锤$(item)右击$()这个$(thing)重型工程机械$()。 $(#007500)橙色羊毛$()应该是 $(#007500)流体管道$()，但它们如果被渲染就会导致崩溃。",
      "enable_visualize": true
    },
    {
      "type": "patchouli:text",
      "text": "$(thing)浸灰间$()处理皮革生产过程中皮革的浸灰、洗涤和鞣制。$(br2)如需输入流体，可以在GUI中放入一个装满了的桶，或者使用装满了的桶$(item)右键点击$()流体输入口。 废弃的流体能通过拿着空桶$(item)右键点击$()相同的端口来处理。$(br2)默认情况下，它消耗 20IF/t。"
    },
    {
      "type": "patchouli:spotlight",
      "anchor": "machine_made",
      "item": "tfc:large_prepared_hide{machine_made:1b}",
      "title": "机器制造标签的隐藏",
      "link_recipes": false,
      "text": "生兽皮在经过$(thing)浸灰间$()处理后将获得 $(thing)\"机器制造\"$()的标签。如果后续的洗涤、去肉（刮皮）和晒制过程是由 $(thing)浸灰间$()与 $(l:tfc:advancedtfctech/fleshing_machine)削肉机$()处理，这个标签将继承并保留下去。"
    },
    {
      "type": "patchouli:text",
      "text": "经过这些步骤后，得到的皮革数量将与正常相比$(thing)翻倍$()。$(br2)请注意哪怕有一个步骤不是经过机器处理的，$(thing)\"机器制造\"$()的标签将丢失，也无法获得双倍产物。"
    }
  ],
  "read_by_default": true,
  "sortnum": 3,
  "extra_recipe_mappings": {
    "advancedtfctech:beamhouse": 0
  }
}