{
  "__comment__": "This file was automatically created by mcresources",
  "name": "削肉机",
  "category": "tfc:advancedtfctech",
  "icon": "advancedtfctech:fleshing_machine",
  "pages": [
    {
      "type": "patchouli:text",
      "text": "$(thing)去肉机$()使用带锋利刀片的旋转滚筒去除兽皮中多余的脂肪和肉。当兽皮通过机器时，刀片会将其刮去。"
    },
    {
      "type": "patchouli:crafting",
      "recipe": "advancedtfctech:crafting/fleshing_machine"
    },
    {
      "type": "patchouli:text",
      "text": "想要操作$(thing)削肉机$()，需要拿着$(thing)削肉刀片$(item)右键点击$()$()机器，以将$(thing)削肉刀片$()需要放在机器内部的气缸上。如果输入物品有机器制造的标签，$(br2)产物也将被标签为 $(l:tfc:advancedtfctech/beamhouse#machine_made)\"机器制造\"$()。$(br2)默认情况下，机器的能量消耗是 20IF/t。"
    },
    {
      "type": "tfc:anvil_recipe",
      "recipe": "advancedtfctech:anvil/fleshing_blades",
      "text": ""
    }
  ],
  "read_by_default": true,
  "sortnum": 4,
  "extra_recipe_mappings": {
    "advancedtfctech:fleshing_machine": 0,
    "advancedtfctech:fleshing_blades": 0
  }
}