{
  "__comment__": "This file was automatically created by mcresources",
  "name": "谷物磨粉机",
  "category": "tfc:advancedtfctech",
  "icon": "advancedtfctech:grist_mill",
  "pages": [
    {
      "type": "patchouli:multiblock",
      "multiblock": {
        "pattern": [
          [
            "   ",
            " H ",
            "   ",
            "   "
          ],
          [
            " L ",
            "RLM",
            "mTm",
            "mLm"
          ],
          [
            "SMS",
            "S0L",
            "SSS",
            "SMS"
          ]
        ],
        "mapping": {
          "S": "immersiveengineering:steel_scaffolding_standard",
          "M": "immersiveengineering:sheetmetal_steel",
          "m": "immersiveengineering:slab_sheetmetal_steel",
          "T": "immersiveengineering:storage_steel",
          "L": "immersiveengineering:light_engineering",
          "R": "immersiveengineering:rs_engineering",
          "H": "minecraft:hopper",
          "0": "immersiveengineering:steel_scaffolding_standard"
        }
      },
      "name": "谷物磨粉机",
      "text": "用工程师锤在正对着红石工程方块的那一侧$(item)右键点击$()$(thing)钢块$()。",
      "enable_visualize": true
    },
    {
      "type": "patchouli:text",
      "text": "$(thing)谷物磨粉机$()将未处理过的谷物处理成能被食用的面粉。$(br2)物品能通过漏斗、溜槽与传送带输入。$(br2)默认情况下的能量消耗是80IF/t。"
    }
  ],
  "read_by_default": true,
  "sortnum": 2,
  "extra_recipe_mappings": {
    "advancedtfctech:grist_mill": 0
  }
}