{
  "__comment__": "This file was automatically created by mcresources",
  "name": "动力织布机",
  "category": "tfc:advancedtfctech",
  "icon": "advancedtfctech:power_loom",
  "pages": [
    {
      "type": "patchouli:multiblock",
      "multiblock": {
        "pattern": [
          [
            "   ",
            "SM ",
            "SM ",
            "SM ",
            "   "
          ],
          [
            " L ",
            "SMS",
            " F ",
            "SMS",
            " L "
          ],
          [
            " L ",
            "SHS",
            "S0S",
            "SHS",
            "RT "
          ]
        ],
        "mapping": {
          "S": "immersiveengineering:steel_scaffolding_standard",
          "M": "immersiveengineering:sheetmetal_steel",
          "T": "immersiveengineering:storage_steel",
          "F": "immersiveengineering:steel_fence",
          "L": "immersiveengineering:light_engineering",
          "H": "immersiveengineering:heavy_engineering",
          "R": "immersiveengineering:rs_engineering",
          "0": "immersiveengineering:heavy_engineering"
        }
      },
      "name": "动力织布机",
      "text": "要建造这个结构,用工程师锤$(item)右键点击$()在钢块正上方的$(thing)轻型工程块$()。",
      "enable_visualize": true
    },
    {
      "type": "patchouli:text",
      "text": "$(thing)动力织布机$() 可以满足日益增长的纺织品需求。$(br2)为了使织造过程自动化，需要有一个装有纱线缠绕的纱线的梭子在两组垂直的纱线之间快速地来回发送，这些纱线在高位和低位之间交替。$(br2)为了操作动力织机，必须将$(thing)用选定的纱线/纤维缠绕的织布机$()放在位于机器侧面的支架上。"
    },
    {
      "type": "patchouli:text",
      "text": "在织布机运行前，必须用$(thing)16根选定的纱线/纤维$()$(item)右键单击$()在机器$(thing)中心$()的“格栅”。$(br2)然后，可以用相同的方法将$(thing)输入纱线/纤维$()放在 $(thing)机器较短一侧的下梁上$()。$(br2)输出可以通过放置在$(thing)输出侧中央$()的存储设备检索，也可以通过$(item)shift+右键点击$()机器的背面。
"
    },
    {
      "type": "patchouli:text",
      "text": "默认情况下，它消耗 80IF/t."
    }
  ],
  "read_by_default": true,
  "sortnum": 0,
  "extra_recipe_mappings": {
    "advancedtfctech:power_loom": 0
  }
}