{
  "__comment__": "This file was automatically created by mcresources",
  "name": "脱粒机",
  "category": "tfc:advancedtfctech",
  "icon": "advancedtfctech:thresher",
  "pages": [
    {
      "type": "patchouli:multiblock",
      "multiblock": {
        "pattern": [
          [
            "   ",
            "MHM",
            "   "
          ],
          [
            "MMM",
            "LLR",
            "MLM"
          ],
          [
            "MLM",
            "M0M",
            "MMM"
          ]
        ],
        "mapping": {
          "M": "immersiveengineering:sheetmetal_steel",
          "L": "immersiveengineering:light_engineering",
          "R": "immersiveengineering:rs_engineering",
          "H": "minecraft:hopper",
          "0": "immersiveengineering:light_engineering"
        }
      },
      "name": "脱粒机",
      "text": "在最中间的一层，正对着与钢板的地方使用工程师锤$(item)右键点击$()$(thing)轻型工程块$()。",
      "enable_visualize": true
    },
    {
      "type": "patchouli:text",
      "text": "$(thing)脱粒机$()使用旋转滚筒和机械力将谷壳与谷物分离。$(br2)物品能通过漏斗、溜槽、传送带输入。$(br2)默认情况下，它消耗 80IF/t。"
    }
  ],
  "read_by_default": true,
  "sortnum": 1,
  "extra_recipe_mappings": {
    "advancedtfctech:thresher": 0
  }
}