{
  "cartography.map.rainfall": "降水量",
  "cartography.map.temperature": "温度",
  "cartography.map.ecosystem": "生物群系",
  "cartography.map.geology": "地质",
  "cartography.layer.rainfall": "降水量",
  "cartography.layer.rainfall_iso": "等降水量线",
  "cartography.layer.temperature": "温度",
  "cartography.layer.temperature_iso": "等温线",
  "cartography.layer.ecosystem": "生物群系",
  "cartography.layer.ecosystem.crops": "野生作物",
  "cartography.layer.ecosystem.fruit": "果树",
  "cartography.layer.ecosystem.forest": "森林",
  "cartography.layer.geology": "地质",
  "cartography.layer.geology.rocks": "岩层种类",
  "cartography.layer.geology.ores": "矿粒"
}