{
  "name": "橡皮艇",
  "category": "tfc:firmaciv",
  "icon": "firmaciv:kayak_with_paddle_icon_only",
  "pages": [
    {
      "type": "patchouli:text",
      "text": "你最好的单人冒险伴侣。当然，这是因为它只用一个物品栏就能存放了。它是单人海上载具中最快的，并且有很强的机动性。如果要搬运皮划艇，把它敲碎就行了。",
      "title": "橡皮艇"
    },
    {
      "type": "patchouli:image",
      "title": "橡皮艇",
      "images": [
        "firmaciv:textures/gui/book/kayak_isometric.png"
      ],
      "text": "橡皮艇是最小的，机动性最强与最便携的海上载具。"
    },
    {
      "type": "patchouli:crafting",
      "recipe": "firmaciv:crafting/kayak",
      "recipe2": "firmaciv:crafting/kayak_paddle"
    },
    {
      "type": "tfc:sealed_barrel_recipe",
      "anchor": "soaking",
      "recipe": "firmaciv:barrel/large_waterproof_hide_olive",
      "text": "将大型的准备好的兽皮浸泡在橄榄油或动物油脂内，以让其表面防水。"
    }
  ],
  "read_by_default": true,
  "sortnum": 2
}
