{
  "name": "导航",
  "category": "tfc:firmaciv",
  "icon": "firmaciv:textures/item/nav_toolkit.png",
  "pages": [
    {
      "type": "patchouli:text",
      "text": "在群峦星中导航可不简单。为了建立一个文明，你必须对你的位置了如指掌，并且熟记那些重要的地方的方位！"
    },
    {
      "type": "patchouli:text",
      "text": "现在，可没有那些数字能准确的告诉你在什么位置了。你需要取得技术进步，并获得精确仪器以确定你的位置！"
    },
    {
      "type": "patchouli:text",
      "title": "经度",
      "text": "要得知你所在的经度，也就是你离本初子午线的距离，你需要一个时钟！具体来说，你需要一个精确的计时方法，使其与本初子午线的太阳时保持同步。$(br2) 使用黄铜双板来锻造一个未完成的领航员时计，再在右侧的合成配方中完成它。"
    },
    {
      "type": "patchouli:crafting",
      "recipe": "firmaciv:crafting/nav_clock",
      "text": "当你合成了你的领航员钟表时，你可以拿着它按$(item)$(k:key.use)$()来得到你的经度。请记住你的经度信息是分为东经西经的，意味着在本初子午线时未0度，在另一个相同的位置，是360度。"
    },
    {
      "type": "patchouli:text",
      "title": "纬度",
      "text": "要得知你的纬度，也就是你与赤道的距离，需要确定你观察北极星、北极星或太阳的角度。具体来说，你需要一个精确的机械来观察天文特征并测量它们与地平线的角距离。$(br2)用黄铜双锭来锻造一个未完成的六分仪，再在右侧的合成配方中完成它。"
    },
    {
      "type": "patchouli:crafting",
      "recipe": "firmaciv:crafting/sextant",
      "text": "当你合成了你的领航员钟表时，你可以拿着它按$(item)$(k:key.use)$()来得到你的维度。请记住，您的纬度数值分为以北纬或南纬，即赤道为0度，极地为90度。"
    },
    {
      "type": "patchouli:text",
      "title": "海拔",
      "text": "要得到你的位置的海拔数据，也就是你离海平面基准面的垂直距离，你需要测量大气压力。具体来说，你需要一个包含可压缩流体的设备，你需要测量该流体的体积来确定压力。$(br2)用黄铜板锻造一个未完成的气压表，再在右侧的合成配方中完成它。"
    },
    {
      "type": "patchouli:crafting",
      "recipe": "firmaciv:crafting/barometer",
      "text": "当你合成了你的领航员钟表时，你可以拿着它按$(item)$(k:key.use)$()来得到你的海拔信息。请记住，您的海拔高度是以距海平面基准面的距离来测量的。"
    },
    {
      "type": "patchouli:text",
      "title": "脚注",
      "text": "因为您将以度为单位测量距离，所以了解方块距离与度的转换比例数据可能会有所帮助。每90度是10000个方块距离，每一度大约是111个方块距离。$(br2)在本MOD中，群峦传说本体的指南针永远会指向北边。"
    }
  ],
  "read_by_default": true,
  "sortnum": 20
}
