{
  "type": "create:mixing",
  "ingredients": [
    {
      "item": "create:shadow_steel"
    },
    {
      "item": "create:shadow_steel"
    },
    {
      "item": "create:shadow_steel"
    },
    {
      "item": "create:shadow_steel"
    },
    {
      "item": "create:shadow_steel"
    },
    {
      "item": "create:shadow_steel"
    },
    {
      "item": "create:shadow_steel"
    },
    {
      "item": "create:shadow_steel"
    },
    {
      "item": "minecraft:netherite_scrap"
    }
  ],
  "results": [
    {
      "item":"minecraft:netherite_scrap"
    },
    {
      "item":"minecraft:netherite_scrap",
      "chance":0.0125
    }
  ],
  "heatRequirement": "superheated"
}