{
  "__comment__": "This file was automatically created by mcresources",
  "name": "坑窑",
  "category": "tfc:getting_started",
  "icon": "tfc:textures/gui/book/icons/pit_kiln.png",
  "pages": [
    {
      "type": "patchouli:text",
      "text": "坑窑是在游戏早期阶段用来$(l:mechanics/heating)加热$()物品的一种方法。举个例子，它可以将粘土 $(thing)加热$()变成陶瓷。 坑窑会在大约8小时的时间后内将其内容物加热至1400°C，或将其颜色变为$(bold)$(e)$(t:Yellow White)黄白色$()。"
    },
    {
      "type": "patchouli:text",
      "text": "搭建坑窑前，你需要准备：$(br)$(li)最多 4 个想要加热的物品。$(li)8 束$(thing)干草$()$(li)8 根$(thing)原木$()$(li)$(l:getting_started/firepit#firestarter)起火器$()，或$(thing)火把$()等能生火的物品。$(br2)$(bold)备注：$()想要用火把生火，只需将火把丢在搭建好的坑窑上再等一会儿就可以了。"
    },
    {
      "type": "patchouli:text",
      "text": "如何搭建坑窑：$(br2)$(bold)1. $()挖一个 1x1 的坑，按$(item)$(k:tfc.key.place_block)$()将你想烧制的物品放置在其中。$(br)$(bold)2. $()将 8 束$(thing)干草$()放置到坑窑内（应完全覆盖要烧制的物品）。$(br)$(bold)3. $()用 8 根$(thing)原木$()把坑窑填满。$(br)$(bold)4. $()点燃坑窑！$(br2)坑窑将会燃烧 8 个小时，慢慢地$(l:mechanics/heating)加热$()里面的物品。"
    },
    {
      "type": "patchouli:image",
      "images": [
        "tfc:textures/gui/book/tutorial/pit_kiln_1.png",
        "tfc:textures/gui/book/tutorial/pit_kiln_2.png",
        "tfc:textures/gui/book/tutorial/pit_kiln_3.png",
        "tfc:textures/gui/book/tutorial/pit_kiln_4.png",
        "tfc:textures/gui/book/tutorial/pit_kiln_5.png"
      ],
      "text": "如何搭建一个坑窑。",
      "border": true
    }
  ],
  "read_by_default": true,
  "sortnum": 3
}