






{
  "__comment__": "This file was automatically created by mcresources",
  "name": "原始砧",
  "category": "tfc:getting_started",
  "icon": "tfc:rock/anvil/granite",
  "pages": [
    {
      "type": "patchouli:text",
      "text": "用$(thing)砧$()锻造金属锭是不同于铸造的另一种制作工具的方法。同时砧也是发展使用更高级金属的必需品。砧既可以用来$(l:mechanics/anvils#working)锻造$()，也可以用来$(l:mechanics/anvils#welding)焊接$()。这一章节我们只讲如何获得你的第一个原始石砧。"
    },
    {
      "type": "patchouli:text",
      "text": "首先，你得找到一块$(thing)天然的$()$(thing)喷出岩$() （流纹岩、玄武岩、安山岩、或英安岩）或$(thing)侵入岩$()（花岗岩、闪长岩、或辉长岩）。你可以直接使用暴露在地表的那些，或者也可以把它们从岩壁上$(l:getting_started/primitive_anvils#raw_rock)采下来$()。"
    },
    {
      "type": "patchouli:text",
      "anchor": "stone_anvils",
      "text": "你还需要一把任意材料制成的$(thing)锤$()。要把岩石变成砧，手持$(thing)锤$()右键点击其$(thing)顶面$()即可。$(br2)砧是有不同$(l:mechanics/anvils#tiers)等级$()的。石砧的等级是 0 - 也就是最低等级。它只能用来$(l:mechanics/anvils#welding)焊接$() 1 级的金属锭。",
      "title": "石砧"
    },
    {
      "type": "tfc:multimultiblock",
      "text": "将中间那块岩石作为石砧。",
      "multiblocks": [
        {
          "pattern": [
            [
              " 0 "
            ],
            [
              "RRR"
            ]
          ],
          "mapping": {
            "0": "AIR",
            "R": "tfc:rock/raw/gabbro"
          }
        },
        "tfc:rock_anvil"
      ]
    },
    {
      "type": "patchouli:text",
      "anchor": "raw_rock",
      "text": "想要获得一块天然的岩石，直接用镐挖是不行的。唯一的方法是将其六面所相邻的方块都挖掉，悬空的岩石就会掉落其本体了。",
      "title": "获得原石"
    },
    {
      "type": "tfc:multimultiblock",
      "text": "挖掉一块原石的所有六个邻面 - 之后，中心块将作为物品掉落。",
      "multiblocks": [
        {
          "pattern": [
            [
              "   ",
              " R ",
              "   "
            ],
            [
              " R ",
              "RRR",
              " R "
            ],
            [
              "   ",
              " 0 ",
              "   "
            ]
          ],
          "mapping": {
            "0": "tfc:rock/raw/gabbro",
            "R": "tfc:rock/raw/gabbro"
          }
        },
        {
          "pattern": [
            [
              "   ",
              "   ",
              "   "
            ],
            [
              " R ",
              "RRR",
              " R "
            ],
            [
              "   ",
              " 0 ",
              "   "
            ]
          ],
          "mapping": {
            "0": "tfc:rock/raw/gabbro",
            "R": "tfc:rock/raw/gabbro"
          }
        },
        {
          "pattern": [
            [
              "   ",
              "   ",
              "   "
            ],
            [
              "   ",
              "RRR",
              " R "
            ],
            [
              "   ",
              " 0 ",
              "   "
            ]
          ],
          "mapping": {
            "0": "tfc:rock/raw/gabbro",
            "R": "tfc:rock/raw/gabbro"
          }
        },
        {
          "pattern": [
            [
              "   ",
              "   ",
              "   "
            ],
            [
              "   ",
              " RR",
              " R "
            ],
            [
              "   ",
              " 0 ",
              "   "
            ]
          ],
          "mapping": {
            "0": "tfc:rock/raw/gabbro",
            "R": "tfc:rock/raw/gabbro"
          }
        },
        {
          "pattern": [
            [
              "   ",
              "   ",
              "   "
            ],
            [
              "   ",
              " RR",
              "   "
            ],
            [
              "   ",
              " 0 ",
              "   "
            ]
          ],
          "mapping": {
            "0": "tfc:rock/raw/gabbro",
            "R": "tfc:rock/raw/gabbro"
          }
        },
        {
          "pattern": [
            [
              "   ",
              "   ",
              "   "
            ],
            [
              "   ",
              " R ",
              "   "
            ],
            [
              "   ",
              " 0 ",
              "   "
            ]
          ],
          "mapping": {
            "0": "tfc:rock/raw/gabbro",
            "R": "tfc:rock/raw/gabbro"
          }
        },
        {
          "pattern": [
            [
              "   ",
              "   ",
              "   "
            ],
            [
              "   ",
              " R ",
              "   "
            ],
            [
              "   ",
              " 0 ",
              "   "
            ]
          ],
          "mapping": {
            "0": "AIR",
            "R": "tfc:rock/raw/gabbro"
          }
        }
      ]
    }
  ],
  "read_by_default": true,
  "sortnum": 6,
  "extra_recipe_mappings": {
    "tfc:rock/anvil/granite": 0,
    "tfc:rock/anvil/diorite": 0,
    "tfc:rock/anvil/gabbro": 0,
    "tfc:rock/anvil/rhyolite": 0,
    "tfc:rock/anvil/basalt": 0,
    "tfc:rock/anvil/andesite": 0,
    "tfc:rock/anvil/dacite": 0
  }
}