{
  "__comment__": "This file was automatically created by mcresources",
  "name": "原始合金",
  "category": "tfc:getting_started",
  "icon": "tfc:ceramic/ingot_mold{tank:{\"Amount\":100,\"FluidName\":\"tfc:metal/bronze\"}}",
  "pages": [
    {
      "type": "patchouli:text",
      "text": "$(thing)合金$()是指由两种或更多种不同金属混合而成的更强的金属。铜在游戏早期很实用，但想要发展到下一级文明，就必须想办法做出$(thing)青铜$()。将不同金属混合在一起熔化，只要所有成分都处于特定区间内就能做出对应的合金了！"
    },
    {
      "type": "patchouli:text",
      "text": "$(thing)小缸$()是游戏早期唯一可以制作合金的手段。制作合金的步骤和$(l:getting_started/finding_ores#casting)铸造$()很相似，唯一的区别是要在小缸中混合放置多种不同的金属而不仅仅是铜。只要小缸中的几种金属比例都位于可接受范围内，熔化所得的金属就会自动转化为合金。"
    },
    {
      "type": "patchouli:text",
      "text": "例如，要合成 1000 mB 的$(thing)青铜$()（右侧所示），你需要加入 880~920 mB 的$(thing)铜$()以及 80~120 mB 的$(thing)锡$()。$(br2)接下来的几页展示了三种不同的铜合金。每种铜合金都可以做成工具、$(l:mechanics/armor)盔甲$()、和其他金属物品，但它们的耐久度、效率、和伤害有些微小的差异。"
    },
    {
      "type": "patchouli:spotlight",
      "item": "tfc:metal/ingot/bronze",
      "title": "青铜",
      "link_recipes": false,
      "text": "$(br)$(bold)条件：$()$(br)$(li)$(thing)铜$()：88 - 92 %$(li)$(thing)锡$()：8 - 12 %$(br2)"
    },
    {
      "type": "patchouli:spotlight",
      "item": "tfc:metal/ingot/bismuth_bronze",
      "title": "铋铜",
      "link_recipes": false,
      "text": "$(br)$(bold)条件：$()$(br)$(li)$(thing)铜$()：50 - 65 %$(li)$(thing)锌$()：20 - 30 %$(li)$(thing)铋$()：10 - 20 %$(br2)"
    },
    {
      "type": "patchouli:spotlight",
      "item": "tfc:metal/ingot/black_bronze",
      "title": "黑铜",
      "link_recipes": false,
      "text": "$(br)$(bold)条件：$()$(br)$(li)$(thing)铜$()：50 - 70 %$(li)$(thing)银$()：10 - 25 %$(li)$(thing)金$()：10 - 25 %$(br2)"
    },
    {
      "type": "patchouli:text",
      "text": "其他的合金不适合用来制造工具。它们是：$(thing)黄铜$()，$(thing)玫瑰金$()，与$(thing)纯银$()。$(br2)$(thing)黄铜$()合金适合用于制作各种装置，包括$(l:mechanics/mechanical_power)力作用装置$()。$(br2)$(thing)玫瑰金$()与$(thing)纯银$()可以被用于合成$(l:mechanics/steel#red_steel)红钢$()与$(l:mechanics/steel#blue_steel)蓝钢$()。",
      "title": "实用合金"
    },
    {
      "type": "patchouli:spotlight",
      "anchor": "brass",
      "item": "tfc:metal/ingot/brass",
      "title": "黄铜",
      "link_recipes": false,
      "text": "$(br)$(bold)条件：$()$(br)$(li)$(thing)铜$()：88 - 92 %$(li)$(thing)锌$()：8 - 12 %$(br2)"
    },
    {
      "type": "patchouli:spotlight",
      "item": "tfc:metal/ingot/rose_gold",
      "title": "玫瑰金",
      "link_recipes": false,
      "text": "$(br)$(bold)条件:$()$(br)$(li)15 - 30 % : $(thing)铜$()$(li)70 - 85 % : $(thing)金$()$(br2)"
    },
    {
      "type": "patchouli:spotlight",
      "item": "tfc:metal/ingot/sterling_silver",
      "title": "纹银",
      "link_recipes": false,
      "text": "$(br)$(bold)条件:$()$(br)$(li)20 - 40 % : $(thing)铜$()$(li)60 - 80 % : $(thing)银$()$(br2)"
    }
  ],
  "read_by_default": true,
  "sortnum": 5,
  "extra_recipe_mappings": {
    "tfc:metal/ingot/bronze": 3,
    "tfc:metal/ingot/bismuth_bronze": 4,
    "tfc:metal/ingot/black_bronze": 5,
    "tfc:metal/ingot/brass": 7
  }
}