{
    "name": "蜂巢",
    "icon": "productivebees:oak_wood_nest",
    "category": "productivebees:hives",
    "sortnum": 1,
    "pages": [
        {
            "type": "patchouli:text",
            "text": "蜂巢散布在世界各地，每个蜂巢都是一只独居蜜蜂的住处。可以直接打破蜂巢，蜜蜂会保留在蜂巢内，无需精准采集。要清除蜂巢内含有的蜜蜂和卵，只需要把它自我合成一遍即可。"
        },
        {
            "type": "patchouli:text",
            "text": "如果你在空蜂巢中放入一份或多份蜂蜜小食，就会吸引来新的蜜蜂。手持蜂蜜小食右击可让蜜蜂生成进入冷却。"
        }
    ]
}