{
	"format_version": "1.12.0",
	"minecraft:geometry": [
		{
			"description": {
				"identifier": "geometry.unknown",
				"texture_width": 128,
				"texture_height": 128,
				"visible_bounds_width": 3,
				"visible_bounds_height": 3.5,
				"visible_bounds_offset": [0, 1.25, 0]
			},
			"bones": [
				{
					"name": "body",
					"pivot": [0, 0, 0],
					"cubes": [
						{"origin": [-1.99999, 9, -3], "size": [4, 4, 4], "uv": [48, 31]},
						{"origin": [-2.19999, 9, -4.51349], "size": [4, 3, 3], "uv": [53, 20]},
						{"origin": [-2.19999, 9, -1], "size": [4, 3, 3], "pivot": [0, 0, 0], "rotation": [0, -0.1, 0], "uv": [52, 0]},
						{"origin": [-2.19999, 9.5, 1], "size": [4, 4, 4], "pivot": [0, 0, 0], "rotation": [-2.5, 0, 0], "uv": [32, 46]},
						{"origin": [-2.19999, 8.5, -8], "size": [4, 4, 4], "pivot": [0, 0, 0], "rotation": [-2.5, -0.1, 0], "uv": [16, 46]},
						{"origin": [2.80001, 9.5, -3.11349], "size": [4, 4, 4], "pivot": [0, 0, 0], "rotation": [0, -0.1, 0], "uv": [0, 46]},
						{"origin": [-7.19999, 9.5, -3.11349], "size": [4, 4, 4], "pivot": [0, 0, 0], "rotation": [0, -0.1, 0], "uv": [40, 23]},
						{"origin": [-0.19999, 9.5, -3], "size": [3, 3, 4], "uv": [48, 46]},
						{"origin": [-3.19999, 9.5, -3], "size": [3, 3, 4], "uv": [46, 12]},
						{"origin": [-0.99999, 6, -2], "size": [2, 3, 2], "uv": [0, 0]},
						{"origin": [-3.99999, 13, -5], "size": [8, 8, 8], "uv": [0, 0]},
						{"origin": [-5.99999, 20, -9], "size": [4, 3, 9], "pivot": [0, 0, 0], "rotation": [-10, -5.2, 0], "uv": [23, 23]},
						{"origin": [-6.99999, 16, -5], "size": [3, 5, 6], "pivot": [0, 0, 0], "rotation": [-5, 0, 0], "uv": [36, 35]},
						{"origin": [4.00001, 16, -5], "size": [3, 5, 6], "pivot": [0, 0, 0], "rotation": [-5, 0, 0], "uv": [18, 35]},
						{"origin": [-5.99999, 16, 1], "size": [12, 5, 3], "pivot": [0, 0, 0], "rotation": [-5, 0, 0], "uv": [0, 24]},
						{"origin": [-4.99999, 20, -6], "size": [10, 2, 6], "pivot": [0, 0, 0], "rotation": [-5, 0, 0], "uv": [0, 16]},
						{"origin": [3.00001, 13, -4], "size": [3, 3, 3], "pivot": [0, 0, 0], "rotation": [-5, 0, 0], "uv": [45, 53]},
						{"origin": [-5.99999, 13, -4], "size": [3, 3, 3], "pivot": [0, 0, 0], "rotation": [-5, 0, 0], "uv": [30, 35]},
						{"origin": [-4.99999, 21, -2], "size": [11, 3, 3], "pivot": [0, 0, 0], "rotation": [-7.5, 0, 0], "uv": [24, 0]},
						{"origin": [-4.99999, 22, -3], "size": [9, 1, 3], "pivot": [0, 0, 0], "rotation": [-5, 0, 0], "uv": [32, 19]},
						{"origin": [-4.99999, 24, -1], "size": [9, 2, 3], "pivot": [0, 0, 0], "rotation": [-5, 0, 0], "uv": [0, 32]},
						{"origin": [-2.99999, 24, -8], "size": [3, 3, 7], "pivot": [0, 0, 0], "rotation": [-10, 2.5, -5], "uv": [26, 9]},
						{"origin": [2.00001, 22, -7], "size": [3, 3, 6], "pivot": [0, 0, 0], "rotation": [-5, 0, 0], "uv": [0, 37]},
						{"origin": [-1.79999, 22, -6.99999], "size": [6.8, 3, 3], "pivot": [0, 0, 0], "rotation": [-1.6574, -7.4713, -7.54292], "uv": [39, 6]}
					]
				},
				{
					"name": "eyes",
					"parent": "body",
					"pivot": [0, 0, 0],
					"cubes": [
						{"origin": [-3.29999, 16, -5.1], "size": [2, 2, 0], "uv": [4, 5]},
						{"origin": [1.4, 16, -5.1], "size": [2, 2, 0], "uv": [0, 5]}
					]
				}
			]
		}
	]
}