{
	"format_version": "1.8.0",
	"animations": {
		"static_bolt_caught": {
			"animation_length": 0.625,
			"bones": {
				"lh": {
					"rotation": [5.34527, -14.76689, -182.66399],
					"position": [11.75, 0, 15.75],
					"scale": [1, 1.5, 1]
				},
				"lefthand_pos": {
					"scale": 1
				},
				"rh": {
					"rotation": [90, 15, -180],
					"position": [-11.27843, 2.8125, 19.05368],
					"scale": [1, 1.5, 1]
				},
				"tt": {
					"position": [0, 0, 2.5]
				},
				"ds": {
					"position": [0, 0, 2.4375]
				}
			}
		},
		"static_idle": {
			"loop": true,
			"bones": {
				"lh": {
					"rotation": [5.34527, -14.76689, -182.66399],
					"position": [11.75, 0, 15.75],
					"scale": [1, 1.5, 1]
				},
				"lefthand_pos": {
					"scale": 1
				},
				"rh": {
					"rotation": [90, 15, -180],
					"position": [-11.27843, 2.8125, 19.05368],
					"scale": [1, 1.5, 1]
				},
				"constraint": {
					"rotation": [0.2, 0.2, 0.2],
					"position": [0.2, 0.2, 0.2]
				}
			}
		},
		"reload_empty": {
			"animation_length": 1.5,
			"bones": {
				"lh": {
					"rotation": {
						"0.0": [5.34527, -14.76689, -182.66399],
						"0.125": [100.05396, -5.90852, -181.0456],
						"0.25": [120.34527, -14.76689, -182.66399],
						"0.3333": [115.01437, -13.36153, -192.57581],
						"0.4167": [120.10173, -15.38534, -177.9302],
						"0.625": {
							"pre": [46.0498, 51.60565, -235.94479],
							"post": [46.0498, 51.60565, -235.94479],
							"lerp_mode": "catmullrom"
						},
						"0.7917": [86.16763, -9.6278, -170.21439],
						"1.0": [86.59448, -9.78563, -172.74565],
						"1.0833": [85.74847, -9.45155, -167.68564],
						"1.5": {
							"pre": [5.34527, -14.76689, -182.66399],
							"post": [5.34527, -14.76689, -182.66399],
							"lerp_mode": "catmullrom"
						}
					},
					"position": {
						"0.0": [11.75, 0, 15.75],
						"0.25": [12.59998, 10.93538, 17.35789],
						"0.5417": [12.59998, 10.93538, 17.35789],
						"0.7917": [10.08924, 1.75886, 15.57107],
						"1.0": [10.08924, 1.75886, 15.57107],
						"1.0833": [10.08924, 1.75886, 15.57107],
						"1.5": {
							"pre": [11.75, 0, 15.75],
							"post": [11.75, 0, 15.75],
							"lerp_mode": "catmullrom"
						}
					},
					"scale": {
						"0.0": [1, 1.5, 1],
						"1.5": {
							"pre": [1, 1.5, 1],
							"post": [1, 1.5, 1],
							"lerp_mode": "catmullrom"
						}
					}
				},
				"lefthand_pos": {
					"scale": 1
				},
				"rh": {
					"rotation": [90, 15, -180],
					"position": [-11.27843, 2.8125, 19.05368],
					"scale": [1, 1.5, 1]
				},
				"root": {
					"rotation": {
						"0.0": {
							"post": [0, 0, 0],
							"lerp_mode": "catmullrom"
						},
						"0.2917": {
							"post": [0, 0, 57],
							"lerp_mode": "catmullrom"
						},
						"0.3333": {
							"post": [12, 0, 61.39815],
							"lerp_mode": "catmullrom"
						},
						"0.5417": {
							"post": [0, 0, 57],
							"lerp_mode": "catmullrom"
						},
						"0.7917": {
							"post": [0, 0, -38],
							"lerp_mode": "catmullrom"
						},
						"0.875": {
							"post": [0, 0, -38],
							"lerp_mode": "catmullrom"
						},
						"0.9167": {
							"post": [-8, 0, -38],
							"lerp_mode": "catmullrom"
						},
						"1.0": {
							"post": [0, 0, -38],
							"lerp_mode": "catmullrom"
						},
						"1.25": {
							"post": [0, 0, 0],
							"lerp_mode": "catmullrom"
						},
						"1.5": {
							"post": [0, 0, 0],
							"lerp_mode": "catmullrom"
						}
					},
					"position": {
						"0.0": {
							"post": [0, 0, 0],
							"lerp_mode": "catmullrom"
						},
						"0.2917": {
							"post": [-4.94642, 0.96103, 0],
							"lerp_mode": "catmullrom"
						},
						"0.3333": {
							"post": [-6.895, -0.105, 0],
							"lerp_mode": "catmullrom"
						},
						"0.5417": {
							"post": [-4.94642, 0.96103, 0],
							"lerp_mode": "catmullrom"
						},
						"0.7917": {
							"post": [-1.34848, 0.91852, 0],
							"lerp_mode": "catmullrom"
						},
						"0.875": {
							"post": [-1.35, 0.92, 0],
							"lerp_mode": "catmullrom"
						},
						"0.9167": {
							"post": [-1.69294, 1.35894, 0.07828],
							"lerp_mode": "catmullrom"
						},
						"1.0": {
							"post": [-1.35, 0.92, 0],
							"lerp_mode": "catmullrom"
						},
						"1.25": {
							"post": [0, 0, 0],
							"lerp_mode": "catmullrom"
						},
						"1.5": {
							"post": [0, 0, 0],
							"lerp_mode": "catmullrom"
						}
					}
				},
				"lh_and_mag": {
					"rotation": {
						"0.0": [0, 0, 0],
						"0.7917": [0, 0, -21],
						"0.875": [0, 0, 0],
						"0.9167": [0, 0, 0]
					},
					"position": {
						"0.0": [0, 0, 0],
						"0.7917": [6.45986, -15.92471, 0],
						"0.875": [0, -3.5, 0],
						"0.9167": [0, 0, 0]
					}
				},
				"magazine": {
					"position": [0, 0, 0],
					"scale": {
						"0.0": [0, 0, 0],
						"0.75": [0, 0, 0],
						"0.7917": [1, 1, 1]
					}
				},
				"additional_magazine": {
					"rotation": {
						"0.25": [0, 0, 0],
						"0.4167": {
							"pre": [-38.71975, -3.40487, -9.40804],
							"post": [-38.71975, -3.40487, -9.40804],
							"lerp_mode": "catmullrom"
						},
						"0.5833": {
							"post": [-73.73499, -9.93191, -14.48174],
							"lerp_mode": "catmullrom"
						},
						"0.9167": {
							"post": [-96.23499, -9.93191, -14.48174],
							"lerp_mode": "catmullrom"
						}
					},
					"position": {
						"0.25": [0, 0, 0],
						"0.4167": {
							"pre": [1.77094, -9.96375, -1.01047],
							"post": [1.77094, -9.96375, -1.01047],
							"lerp_mode": "catmullrom"
						},
						"0.5833": {
							"post": [8.15654, -21.57987, -6.20539],
							"lerp_mode": "catmullrom"
						},
						"0.9167": {
							"post": [18.9656, -33.65792, -14.66253],
							"lerp_mode": "catmullrom"
						}
					},
					"scale": {
						"0.5833": [1, 1, 1],
						"0.625": [0, 0, 0]
					}
				},
				"tt": {
					"position": {
						"0.0": [0, 0, 2.5],
						"0.9167": [0, 0, 2.5],
						"0.9583": [0, 0, 0]
					}
				},
				"ds": {
					"position": {
						"0.0": [0, 0, 2.4375],
						"0.9167": [0, 0, 2.44],
						"0.9583": [0, 0, 0]
					}
				},
				"camera": {
					"rotation": {
						"0.0": {
							"post": [0, 0, 0],
							"lerp_mode": "catmullrom"
						},
						"0.25": {
							"post": [0, 0, 0],
							"lerp_mode": "catmullrom"
						},
						"0.3333": {
							"post": [-1.9886, 0.26135, 2.9932],
							"lerp_mode": "catmullrom"
						},
						"0.5": {
							"post": [0, 0, 0],
							"lerp_mode": "catmullrom"
						},
						"0.9167": {
							"post": [0, 0, 0],
							"lerp_mode": "catmullrom"
						},
						"0.9583": {
							"post": [-2.9886, -0.26135, -4.99318],
							"lerp_mode": "catmullrom"
						},
						"1.0417": {
							"post": [0, 0, 0],
							"lerp_mode": "catmullrom"
						},
						"1.5": {
							"post": [0, 0, 0],
							"lerp_mode": "catmullrom"
						}
					},
					"position": {
						"0.0": {
							"post": [0, 0, 0],
							"lerp_mode": "catmullrom"
						}
					}
				}
			}
		},
		"inspect": {
			"animation_length": 4,
			"bones": {
				"lh": {
					"rotation": {
						"0.0": [5.34527, -14.76689, -182.66399],
						"0.7917": {
							"pre": [76.81793, -23.95251, -176.74103],
							"post": [76.81793, -23.95251, -176.74103],
							"lerp_mode": "catmullrom"
						},
						"1.25": [90.22519, -50.61518, -170.94032],
						"1.375": [90.22519, -50.61518, -170.94032],
						"3.5": [90.22519, -50.61518, -170.94032],
						"3.75": [5.34527, -14.76689, -182.66399],
						"4.0": [5.34527, -14.76689, -182.66399]
					},
					"position": {
						"0.0": [11.75, 0, 15.75],
						"0.7917": [19.47, -0.3, 14.52],
						"1.25": [19.47, -0.3, 9.52],
						"1.375": [19.47, -0.3, 9.52],
						"3.5": [19.47, -0.3, 9.52],
						"3.75": [11.75, 0, 15.75],
						"4.0": [11.75, 0, 15.75]
					},
					"scale": {
						"0.0": [1, 1.5, 1],
						"3.75": [1, 1.5, 1],
						"4.0": [1, 1.5, 1]
					}
				},
				"lefthand_pos": {
					"scale": 1
				},
				"rh": {
					"rotation": [90, 15, -180],
					"position": [-11.27843, 2.8125, 19.05368],
					"scale": [1, 1.5, 1]
				},
				"root": {
					"rotation": {
						"0.0": {
							"post": [0, 0, 0],
							"lerp_mode": "catmullrom"
						},
						"0.5": {
							"post": [-21.868, -7.30838, -17.58628],
							"lerp_mode": "catmullrom"
						},
						"1.0": {
							"post": [-19.79761, -11.94988, -29.90731],
							"lerp_mode": "catmullrom"
						},
						"1.25": {
							"post": [-19.8, -11.95, -29.91],
							"lerp_mode": "catmullrom"
						},
						"1.2917": {
							"post": [-20.8, -11.95, -29.91],
							"lerp_mode": "catmullrom"
						},
						"1.375": {
							"post": [-19.8, -11.95, -29.91],
							"lerp_mode": "catmullrom"
						},
						"1.4167": {
							"post": [-13.8, -11.95, -29.91],
							"lerp_mode": "catmullrom"
						},
						"1.5": {
							"post": [-19.8, -11.95, -29.91],
							"lerp_mode": "catmullrom"
						},
						"1.8333": {
							"post": [-20.44252, -11.25771, -27.99447],
							"lerp_mode": "catmullrom"
						},
						"2.2917": {
							"post": [-19.8, -11.95, -29.91],
							"lerp_mode": "catmullrom"
						},
						"2.75": {
							"post": [-18.74208, -12.9708, -32.92797],
							"lerp_mode": "catmullrom"
						},
						"3.1667": {
							"post": [-19.8, -11.95, -29.91],
							"lerp_mode": "catmullrom"
						},
						"3.2083": {
							"post": [-25.8, -11.95, -29.91],
							"lerp_mode": "catmullrom"
						},
						"3.375": {
							"post": [-19.8, -11.95, -29.91],
							"lerp_mode": "catmullrom"
						},
						"3.75": {
							"post": [0, 0, 0],
							"lerp_mode": "catmullrom"
						},
						"4.0": {
							"post": [0, 0, 0],
							"lerp_mode": "catmullrom"
						}
					},
					"position": {
						"0.0": {
							"post": [0, 0, 0],
							"lerp_mode": "catmullrom"
						},
						"0.5": {
							"post": [-1.38366, 4.8712, -1.19138],
							"lerp_mode": "catmullrom"
						},
						"1.4167": {
							"post": [-1.11647, 4.46142, -1.30668],
							"lerp_mode": "catmullrom"
						},
						"1.5": {
							"post": [-1.12, 4.46, -1.31],
							"lerp_mode": "catmullrom"
						},
						"2.2917": {
							"post": [-1.12, 4.46, -1.31],
							"lerp_mode": "catmullrom"
						},
						"3.1667": {
							"post": [-1.12, 4.46, -1.31],
							"lerp_mode": "catmullrom"
						},
						"3.2083": {
							"post": [-1.2847, 4.68983, -1.17694],
							"lerp_mode": "catmullrom"
						},
						"3.375": {
							"post": [-1.12, 4.46, -1.31],
							"lerp_mode": "catmullrom"
						},
						"3.75": {
							"post": [0, 0, 0],
							"lerp_mode": "catmullrom"
						},
						"4.0": {
							"post": [0, 0, 0],
							"lerp_mode": "catmullrom"
						}
					}
				},
				"lh_and_mag": {
					"rotation": {
						"1.375": [0, 0, 0],
						"1.5": [0, 0, 0],
						"1.75": {
							"pre": [-10, 0, 36],
							"post": [-10, 0, 36],
							"lerp_mode": "catmullrom"
						},
						"2.7917": {
							"post": [-9.87932, -1.55661, 27.13454],
							"lerp_mode": "catmullrom"
						},
						"3.0": [0, 0, 0],
						"3.1667": [0, 0, 0]
					},
					"position": {
						"1.375": [0, 0, 0],
						"1.5": [0, -2.8125, 0],
						"1.75": {
							"pre": [1.44714, -0.81818, 0.43412],
							"post": [1.44714, -0.81818, 0.43412],
							"lerp_mode": "catmullrom"
						},
						"3.0": [0, -2.8125, 0],
						"3.1667": [0, 0, 0]
					}
				},
				"camera": {
					"rotation": {
						"0.0": {
							"post": [0, 0, 0],
							"lerp_mode": "catmullrom"
						},
						"0.75": {
							"post": [3, 25, 0],
							"lerp_mode": "catmullrom"
						},
						"1.375": {
							"post": [3, 25, 0],
							"lerp_mode": "catmullrom"
						},
						"1.4167": {
							"post": [4.06685, 25.1581, -2.20129],
							"lerp_mode": "catmullrom"
						},
						"1.5833": {
							"post": [3, 25, 0],
							"lerp_mode": "catmullrom"
						},
						"1.9583": {
							"post": [3.81875, 19.99478, -0.11102],
							"lerp_mode": "catmullrom"
						},
						"2.9167": {
							"post": [3.81875, 19.99478, -0.11102],
							"lerp_mode": "catmullrom"
						},
						"3.1667": {
							"post": [3, 25, 0],
							"lerp_mode": "catmullrom"
						},
						"3.2083": {
							"post": [-0.93234, 24.98373, -2.20656],
							"lerp_mode": "catmullrom"
						},
						"3.4167": {
							"post": [3, 25, 0],
							"lerp_mode": "catmullrom"
						},
						"3.75": {
							"post": [0, 0, 0],
							"lerp_mode": "catmullrom"
						},
						"4.0": {
							"post": [0, 0, 0],
							"lerp_mode": "catmullrom"
						}
					}
				},
				"tt": {
					"position": {
						"1.375": [0, 0, 0],
						"1.4167": [0, 0, 2.625],
						"3.1667": [0, 0, 2.63],
						"3.2083": [0, 0, 0]
					}
				},
				"ds": {
					"position": {
						"1.375": [0, 0, 0],
						"1.4167": [0, 0, 2.5],
						"3.1667": [0, 0, 2.5],
						"3.2083": [0, 0, 0]
					}
				}
			}
		},
		"shoot": {
			"animation_length": 0.6667,
			"bones": {
				"root": {
					"rotation": {
						"0.0": [0, 0, 0],
						"0.0417": [-20.96, -1.31, -2.73],
						"0.0833": [-6.13, -0.48, -0.4],
						"0.125": [1.78, -0.86, -0.94],
						"0.1667": [1, 0.02, -0.19],
						"0.2083": [0.48, 0.23, 0.09],
						"0.25": [-0.31, 0.03, 0.22],
						"0.2917": [-0.7, -0.1, 0.25],
						"0.3333": [-0.51, -0.03, 0.21],
						"0.375": [-0.19, 0.07, 0.16],
						"0.4167": [0.07, 0.13, 0.09],
						"0.4583": [0.09, 0.11, 0.06],
						"0.5": [0.05, 0.06, 0.03],
						"0.5417": [0.02, 0.02, 0.01],
						"0.5833": [0, 0, 0],
						"0.6667": [0, 0, 0]
					},
					"position": {
						"0.0": [0, 0, 0],
						"0.0417": [0, -0.12, 1.17],
						"0.0833": [0, 0.15, 0.39],
						"0.125": [0, 0.03, -0.23],
						"0.1667": [0, -0.08, 0.01],
						"0.2083": [0, -0.1, 0.1],
						"0.25": [0.01, -0.05, 0.13],
						"0.2917": [0.01, -0.02, 0.13],
						"0.3333": [0.01, -0.01, 0.07],
						"0.375": [0, -0.01, 0.02],
						"0.4167": [0, 0, -0.02],
						"0.4583": [0, 0, -0.02],
						"0.5": [0, 0, -0.01],
						"0.5417": [0, 0, 0],
						"0.5833": [0, 0, 0],
						"0.6667": [0, 0, 0]
					}
				},
				"tt": {
					"position": {
						"0.0": [0, 0, 0],
						"0.0417": [0, 0, 2.5625],
						"0.125": [0, 0, 0]
					}
				},
				"ds": {
					"position": {
						"0.0": [0, 0, 0],
						"0.0417": [0, 0, 2.375],
						"0.125": [0, 0, 0]
					}
				},
				"camera": {
					"rotation": {
						"0.0": [0, 0, 0],
						"0.0417": [0, 0, -0.7],
						"0.0833": [0, 0, 0.41],
						"0.125": [0, 0, -0.3],
						"0.1667": [0, 0, 0.23],
						"0.2083": [0, 0, 0.31],
						"0.25": [0, 0, -0.07],
						"0.2917": [0, 0, -0.16],
						"0.3333": [0, 0, -0.06],
						"0.375": [0, 0, 0]
					}
				}
			}
		},
		"reload_tactical": {
			"animation_length": 1.5,
			"bones": {
				"lh": {
					"rotation": {
						"0.0": [5.34527, -14.76689, -182.66399],
						"0.25": [98.88776, -18.56007, -178.04286],
						"0.375": [97.1906, -19.25983, -172.8094],
						"0.5417": {
							"pre": [111.21748, 61.3375, -161.18979],
							"post": [111.21748, 61.3375, -161.18979],
							"lerp_mode": "catmullrom"
						},
						"0.7917": [85.74847, -9.45155, -167.68564],
						"1.0": [85.74847, -9.45155, -167.68564],
						"1.0833": [85.74847, -9.45155, -167.68564],
						"1.5": {
							"pre": [5.34527, -14.76689, -182.66399],
							"post": [5.34527, -14.76689, -182.66399],
							"lerp_mode": "catmullrom"
						}
					},
					"position": {
						"0.0": [11.75, 0, 15.75],
						"0.25": [12.59998, 10.93538, 21.67039],
						"0.2917": [12.52, 12.36, 22.29],
						"0.3333": [12.45, 13.4, 22.9],
						"0.375": [12.37, 13.9475, 23.5175],
						"0.7917": [10.08924, 1.75886, 15.57107],
						"1.0": [10.08924, 1.75886, 15.57107],
						"1.0833": [10.08924, 1.75886, 15.57107],
						"1.5": {
							"pre": [11.75, 0, 15.75],
							"post": [11.75, 0, 15.75],
							"lerp_mode": "catmullrom"
						}
					},
					"scale": {
						"0.0": [1, 1.5, 1],
						"1.5": {
							"pre": [1, 1.5, 1],
							"post": [1, 1.5, 1],
							"lerp_mode": "catmullrom"
						}
					}
				},
				"lefthand_pos": {
					"scale": 1
				},
				"rh": {
					"rotation": [90, 15, -180],
					"position": [-11.27843, 2.8125, 19.05368],
					"scale": [1, 1.5, 1]
				},
				"root": {
					"rotation": {
						"0.0": {
							"post": [0, 0, 0],
							"lerp_mode": "catmullrom"
						},
						"0.25": {
							"post": [0, 0, 57],
							"lerp_mode": "catmullrom"
						},
						"0.3333": {
							"post": [-6, 0, 57],
							"lerp_mode": "catmullrom"
						},
						"0.5": {
							"post": [0, 0, 57],
							"lerp_mode": "catmullrom"
						},
						"0.7917": {
							"post": [0, 0, -38],
							"lerp_mode": "catmullrom"
						},
						"0.875": {
							"post": [0, 0, -38],
							"lerp_mode": "catmullrom"
						},
						"0.9167": {
							"post": [-8, 0, -38],
							"lerp_mode": "catmullrom"
						},
						"1.0": {
							"post": [0, 0, -38],
							"lerp_mode": "catmullrom"
						},
						"1.25": {
							"post": [0, 0, 0],
							"lerp_mode": "catmullrom"
						},
						"1.5": {
							"post": [0, 0, 0],
							"lerp_mode": "catmullrom"
						}
					},
					"position": {
						"0.0": {
							"post": [0, 0, 0],
							"lerp_mode": "catmullrom"
						},
						"0.25": {
							"post": [-4.94642, 0.96103, 0],
							"lerp_mode": "catmullrom"
						},
						"0.3333": {
							"post": [-5.00479, 0.92442, 0.62158],
							"lerp_mode": "catmullrom"
						},
						"0.5": {
							"post": [-4.94642, 0.96103, 0],
							"lerp_mode": "catmullrom"
						},
						"0.7917": {
							"post": [-1.34848, 0.91852, 0],
							"lerp_mode": "catmullrom"
						},
						"0.875": {
							"post": [-1.35, 0.92, 0],
							"lerp_mode": "catmullrom"
						},
						"0.9167": {
							"post": [-1.69294, 1.35894, 0.07828],
							"lerp_mode": "catmullrom"
						},
						"1.0": {
							"post": [-1.35, 0.92, 0],
							"lerp_mode": "catmullrom"
						},
						"1.25": {
							"post": [0, 0, 0],
							"lerp_mode": "catmullrom"
						},
						"1.5": {
							"post": [0, 0, 0],
							"lerp_mode": "catmullrom"
						}
					}
				},
				"lh_and_mag": {
					"rotation": {
						"0.0": [0, 0, 0],
						"0.7917": [0, 0, -21],
						"0.875": [0, 0, 0],
						"0.9167": [0, 0, 0]
					},
					"position": {
						"0.0": [0, 0, 0],
						"0.7917": [6.45986, -15.92471, 0],
						"0.875": [0, -3.5, 0],
						"0.9167": [0, 0, 0]
					}
				},
				"magazine": {
					"position": [0, 0, 0],
					"scale": {
						"0.0": [0, 0, 0],
						"0.75": [0, 0, 0],
						"0.7917": [1, 1, 1]
					}
				},
				"additional_magazine": {
					"rotation": {
						"0.25": [0, 0, 0],
						"0.4167": {
							"pre": [-38.71975, -3.40487, -9.40804],
							"post": [-38.71975, -3.40487, -9.40804],
							"lerp_mode": "catmullrom"
						},
						"0.5833": {
							"post": [-73.73499, -9.93191, -14.48174],
							"lerp_mode": "catmullrom"
						},
						"0.9167": {
							"post": [-96.23499, -9.93191, -14.48174],
							"lerp_mode": "catmullrom"
						}
					},
					"position": {
						"0.25": [0, 0, 0],
						"0.4167": {
							"pre": [1.77094, -9.96375, -1.01047],
							"post": [1.77094, -9.96375, -1.01047],
							"lerp_mode": "catmullrom"
						},
						"0.5833": {
							"post": [8.15654, -21.57987, -6.20539],
							"lerp_mode": "catmullrom"
						},
						"0.9167": {
							"post": [18.9656, -33.65792, -14.66253],
							"lerp_mode": "catmullrom"
						}
					},
					"scale": {
						"0.5833": [1, 1, 1],
						"0.625": [0, 0, 0]
					}
				},
				"tt": {
					"position": {
						"0.25": [0, 0, 0],
						"0.3333": [0, 0, 2.5],
						"0.9167": [0, 0, 2.5],
						"0.9583": [0, 0, 0]
					}
				},
				"ds": {
					"position": {
						"0.25": [0, 0, 0],
						"0.3333": [0, 0, 2.4375],
						"0.9167": [0, 0, 2.44],
						"0.9583": [0, 0, 0]
					}
				},
				"camera": {
					"rotation": {
						"0.0": {
							"post": [0, 0, 0],
							"lerp_mode": "catmullrom"
						},
						"0.25": {
							"post": [0, 0, 0],
							"lerp_mode": "catmullrom"
						},
						"0.3333": {
							"post": [-1.9886, 0.26135, 2.9932],
							"lerp_mode": "catmullrom"
						},
						"0.5": {
							"post": [0, 0, 0],
							"lerp_mode": "catmullrom"
						},
						"0.9167": {
							"post": [0, 0, 0],
							"lerp_mode": "catmullrom"
						},
						"0.9583": {
							"post": [-2.9886, -0.26135, -4.99318],
							"lerp_mode": "catmullrom"
						},
						"1.0417": {
							"post": [0, 0, 0],
							"lerp_mode": "catmullrom"
						},
						"1.5": {
							"post": [0, 0, 0],
							"lerp_mode": "catmullrom"
						}
					},
					"position": {
						"0.0": {
							"post": [0, 0, 0],
							"lerp_mode": "catmullrom"
						}
					}
				}
			}
		},
		"put_away": {
			"animation_length": 0.4583,
			"bones": {
				"root": {
					"rotation": {
						"0.0": [0, 0, 0],
						"0.0417": [0.13, -0.48, 2.81],
						"0.0833": [2.19, -3.57, 9.1],
						"0.125": [6.11, -8.14, 8.67],
						"0.1667": [11.36, -14.05, 6.9],
						"0.2083": [16.24, -19.23, 6.01],
						"0.25": [24.37, -26.23, 9.31],
						"0.2917": [27.05, -28.35, 10.87]
					},
					"position": {
						"0.0": [0, 0, 0],
						"0.0417": [-0.08, 0.02, 0.06],
						"0.0833": [-0.5, -0.28, 0.19],
						"0.125": [-0.97, -1.02, 0.04],
						"0.1667": [-1.59, -2.04, -0.15],
						"0.2083": [-2.32, -3.11, 0],
						"0.25": [-4.33, -5.49, 2.05],
						"0.2917": [-5.08, -6.34, 2.92]
					},
					"scale": 1
				},
				"camera": {
					"rotation": {
						"0.0": [0, 0, 0],
						"0.0417": [0, 0, -0.1],
						"0.0833": [0, 0, -0.4],
						"0.125": [0, 0, -0.53],
						"0.1667": [0, 0, -0.58],
						"0.2083": [0, 0, -0.5],
						"0.25": [0, 0, -0.13],
						"0.2917": [0, 0, 0]
					}
				}
			}
		}
	}
}