{
	"format_version": "1.8.0",
	"animations": {
		"reload_tactical": {
			"animation_length": 2.6667,
			"bones": {
				"QDD": {
					"rotation": {
						"0.0": {
							"post": [0, 0, 0],
							"lerp_mode": "catmullrom"
						},
						"0.3333": {
							"post": [0, 0, 0],
							"lerp_mode": "catmullrom"
						},
						"0.4167": {
							"post": [53, 0, 0],
							"lerp_mode": "catmullrom"
						},
						"1.8333": {
							"post": [53, 0, 0],
							"lerp_mode": "catmullrom"
						},
						"2.0": {
							"post": [0, 0, 0],
							"lerp_mode": "catmullrom"
						}
					}
				},
				"magazine": {
					"rotation": {
						"0.75": {
							"pre": [0, 0, 0],
							"post": [0, 0, 0],
							"lerp_mode": "catmullrom"
						},
						"0.7917": {
							"post": [0, 45.39, 0],
							"lerp_mode": "catmullrom"
						},
						"0.875": {
							"post": [0, 78.2, 0],
							"lerp_mode": "catmullrom"
						},
						"0.9583": {
							"post": [0, 17, 0],
							"lerp_mode": "catmullrom"
						},
						"1.25": {
							"post": [0, 0, 0],
							"lerp_mode": "catmullrom"
						}
					},
					"position": {
						"0.75": {
							"pre": [0, 0, 0],
							"post": [0, 0, 0],
							"lerp_mode": "catmullrom"
						},
						"0.8333": {
							"post": [12.2725, -0.58, 5.8175],
							"lerp_mode": "catmullrom"
						},
						"0.875": {
							"post": [24.98, -0.57, 5.68],
							"lerp_mode": "catmullrom"
						},
						"0.9167": {
							"post": [17.5775, -0.5, 19.055],
							"lerp_mode": "catmullrom"
						},
						"0.9583": {
							"post": [11.035, -0.42, 14.405],
							"lerp_mode": "catmullrom"
						},
						"1.0": {
							"post": [9.645, -0.4, 12.0525],
							"lerp_mode": "catmullrom"
						},
						"1.0833": {
							"post": [6.2775, -0.8325, 7.035],
							"lerp_mode": "catmullrom"
						},
						"1.125": {
							"post": [1.6, -0.24, 1.75],
							"lerp_mode": "catmullrom"
						},
						"1.25": {
							"post": [0, 0, 0],
							"lerp_mode": "catmullrom"
						}
					}
				},
				"lefthand_pos": {
					"rotation": {
						"0.0": {
							"post": [30.47889, -13.13803, 144.19906],
							"lerp_mode": "catmullrom"
						},
						"0.25": {
							"post": [30.47889, -13.13803, 144.19906],
							"lerp_mode": "catmullrom"
						},
						"0.625": {
							"post": [16.29139, 0.5946, 136.60303],
							"lerp_mode": "catmullrom"
						},
						"0.9583": [81.24097, -25.6512, 125.77683],
						"1.0417": [97.67753, -23.11598, 119.9449],
						"1.0833": [103.65203, -22.84353, 129.47313],
						"1.125": [138.10299, -20.5511, 132.30297],
						"1.25": [150.52914, -13.92381, 134.0881],
						"1.4167": {
							"pre": [117.92403, -18.13564, 133.30381],
							"post": [117.92403, -18.13564, 133.30381],
							"lerp_mode": "catmullrom"
						},
						"1.6667": {
							"post": [81.24097, -25.6512, 125.77683],
							"lerp_mode": "catmullrom"
						},
						"2.5": {
							"post": [30.47889, -13.13803, 144.19906],
							"lerp_mode": "catmullrom"
						}
					},
					"position": {
						"0.0": {
							"post": [7.82002, -0.47508, 16.77],
							"lerp_mode": "catmullrom"
						},
						"0.25": {
							"post": [7.82002, -0.47508, 16.77],
							"lerp_mode": "catmullrom"
						},
						"0.9583": [-1.43396, -8.2684, 18.22177],
						"1.0": [1.88288, -6.60549, 18.65521],
						"1.0417": [2.56894, -3.91578, 19.76679],
						"1.0833": [3.27421, -3.02274, 21.01572],
						"1.125": [4.59209, -5.10565, 16.32128],
						"1.2083": [3.3275, -5.98979, 15.52739],
						"1.25": [2.31298, -5.68503, 14.28435],
						"1.3333": {
							"pre": [1.27223, -3.32261, 17.36469],
							"post": [1.27223, -3.32261, 17.36469],
							"lerp_mode": "catmullrom"
						},
						"1.6667": {
							"post": [3.27427, -9.14551, 22.47186],
							"lerp_mode": "catmullrom"
						},
						"2.5": {
							"post": [7.82002, -0.47508, 16.77],
							"lerp_mode": "catmullrom"
						}
					},
					"scale": {
						"0.0": [1, 1.5, 1],
						"0.25": [1, 1.5, 1],
						"2.5": [1, 1.5, 1]
					}
				},
				"righthand_and_gun": {
					"rotation": {
						"0.0": {
							"post": [0, 0, 0],
							"lerp_mode": "catmullrom"
						},
						"0.0833": {
							"post": [-10, 0, 0],
							"lerp_mode": "catmullrom"
						},
						"0.25": {
							"post": [-14, 0, 0],
							"lerp_mode": "catmullrom"
						},
						"0.3333": {
							"post": [26, 0, 0],
							"lerp_mode": "catmullrom"
						},
						"0.375": {
							"post": [26, 0, 0],
							"lerp_mode": "catmullrom"
						},
						"0.75": {
							"post": [28.87161, 29.45523, 112.35389],
							"lerp_mode": "catmullrom"
						},
						"0.875": {
							"post": [37.89311, 14.9318, 135.76331],
							"lerp_mode": "catmullrom"
						},
						"1.0833": {
							"post": [28.87161, 29.45523, 112.35389],
							"lerp_mode": "catmullrom"
						},
						"1.1667": {
							"post": [28.87161, 29.45523, 112.35389],
							"lerp_mode": "catmullrom"
						},
						"1.4167": {
							"post": [28.87161, 29.45523, 112.35389],
							"lerp_mode": "catmullrom"
						},
						"1.75": {
							"post": [26, 0, 0],
							"lerp_mode": "catmullrom"
						},
						"1.8333": {
							"post": [30, 0, 0],
							"lerp_mode": "catmullrom"
						},
						"1.9167": {
							"post": [-44, 0, 0],
							"lerp_mode": "catmullrom"
						},
						"2.0": {
							"post": [-52, 0, 0],
							"lerp_mode": "catmullrom"
						},
						"2.2083": {
							"post": [4.92442, -0.86717, 9.96271],
							"lerp_mode": "catmullrom"
						},
						"2.5": {
							"post": [0, 0, 0],
							"lerp_mode": "catmullrom"
						}
					},
					"position": {
						"0.0": {
							"post": [0, 0, 0],
							"lerp_mode": "catmullrom"
						},
						"0.0833": {
							"post": [0, 4.5625, 0],
							"lerp_mode": "catmullrom"
						},
						"0.25": {
							"post": [0, 5.3125, 0],
							"lerp_mode": "catmullrom"
						},
						"0.3333": {
							"post": [0, -6.1275, 0],
							"lerp_mode": "catmullrom"
						},
						"0.375": {
							"post": [0, -6.6275, -0.25],
							"lerp_mode": "catmullrom"
						},
						"0.5833": {
							"post": [-14.315, 2.5, 2.38],
							"lerp_mode": "catmullrom"
						},
						"0.75": {
							"post": [-15.375, 12.5575, 4.75],
							"lerp_mode": "catmullrom"
						},
						"0.875": {
							"post": [-15.37, 12.7475, 5.25],
							"lerp_mode": "catmullrom"
						},
						"1.0833": {
							"post": [-15.375, 12.5575, 4.75],
							"lerp_mode": "catmullrom"
						},
						"1.1667": {
							"post": [-15.375, 12.5575, 4.75],
							"lerp_mode": "catmullrom"
						},
						"1.4167": {
							"post": [-15.375, 12.5575, 4.75],
							"lerp_mode": "catmullrom"
						},
						"1.75": {
							"post": [0, -6.6275, -0.25],
							"lerp_mode": "catmullrom"
						},
						"1.8333": {
							"post": [0, -8.4425, -0.25],
							"lerp_mode": "catmullrom"
						},
						"1.9167": {
							"post": [0, 18.935, 1.8125],
							"lerp_mode": "catmullrom"
						},
						"2.0": {
							"post": [0, 21.19, 3.185],
							"lerp_mode": "catmullrom"
						},
						"2.2083": {
							"post": [0, -0.8125, 0],
							"lerp_mode": "catmullrom"
						},
						"2.5": {
							"post": [0, 0, 0],
							"lerp_mode": "catmullrom"
						}
					}
				},
				"root": {
					"rotation": {
						"0.0": {
							"post": [0, 0, 0],
							"lerp_mode": "catmullrom"
						},
						"1.25": {
							"post": [0, 0, 0],
							"lerp_mode": "catmullrom"
						},
						"1.3333": {
							"post": [0, 0, -9],
							"lerp_mode": "catmullrom"
						},
						"2.6667": {
							"post": [0, 0, 0],
							"lerp_mode": "catmullrom"
						}
					},
					"position": {
						"0.0": {
							"post": [0, 0, 0],
							"lerp_mode": "catmullrom"
						},
						"1.25": {
							"post": [0, 0, 0],
							"lerp_mode": "catmullrom"
						},
						"1.3333": {
							"post": [-1.125, 0.8125, 0],
							"lerp_mode": "catmullrom"
						},
						"1.5": {
							"post": [0, 0, 0],
							"lerp_mode": "catmullrom"
						},
						"2.1667": {
							"post": [0, 0, 0],
							"lerp_mode": "catmullrom"
						},
						"2.6667": {
							"post": [0, 0, 0],
							"lerp_mode": "catmullrom"
						}
					}
				},
				"righthand_pos": {
					"rotation": [90, 15, -180],
					"position": [2.80704, 0.625, 23.73965]
				},
				"camera": {
					"rotation": {
						"0.2917": {
							"pre": [0, 0, 0],
							"post": [0, 0, 0],
							"lerp_mode": "catmullrom"
						},
						"0.4167": {
							"post": [2.5, 0, 0],
							"lerp_mode": "catmullrom"
						},
						"0.4583": {
							"post": [2.5, 0, 0],
							"lerp_mode": "catmullrom"
						},
						"0.6667": {
							"post": [0, 0, 0],
							"lerp_mode": "catmullrom"
						},
						"0.8333": {
							"post": [0, 0, 2],
							"lerp_mode": "catmullrom"
						},
						"0.875": {
							"post": [0, 0, 2],
							"lerp_mode": "catmullrom"
						},
						"0.9583": {
							"post": [1, 0, 0],
							"lerp_mode": "catmullrom"
						},
						"1.125": {
							"post": [0, 0, 0],
							"lerp_mode": "catmullrom"
						},
						"1.2083": {
							"post": [0, 0, 0],
							"lerp_mode": "catmullrom"
						},
						"1.25": {
							"post": [0, 0, 0],
							"lerp_mode": "catmullrom"
						},
						"1.3333": {
							"post": [2.5, 0, 0],
							"lerp_mode": "catmullrom"
						},
						"1.5833": {
							"post": [0, 0, 0],
							"lerp_mode": "catmullrom"
						},
						"1.8333": {
							"post": [0, 0, 0],
							"lerp_mode": "catmullrom"
						},
						"1.9583": {
							"post": [-3, 0, 0],
							"lerp_mode": "catmullrom"
						},
						"2.0": {
							"post": [-3, 0, 0],
							"lerp_mode": "catmullrom"
						},
						"2.2083": {
							"post": [2, 0, 0],
							"lerp_mode": "catmullrom"
						},
						"2.2917": {
							"post": [1, 0, 0],
							"lerp_mode": "catmullrom"
						},
						"2.5": {
							"post": [0, 0, 0],
							"lerp_mode": "catmullrom"
						}
					},
					"position": {
						"0.0": [0, 0, 0],
						"2.125": [0, 0, 0],
						"2.2917": [0, -0.125, 0],
						"2.5": [0, 0, 0]
					}
				}
			}
		},
		"reload_empty": {
			"animation_length": 2.6667,
			"bones": {
				"QDD": {
					"rotation": {
						"0.0": {
							"post": [0, 0, 0],
							"lerp_mode": "catmullrom"
						},
						"0.3333": {
							"post": [0, 0, 0],
							"lerp_mode": "catmullrom"
						},
						"0.4167": {
							"post": [53, 0, 0],
							"lerp_mode": "catmullrom"
						},
						"1.8333": {
							"post": [53, 0, 0],
							"lerp_mode": "catmullrom"
						},
						"2.0": {
							"post": [0, 0, 0],
							"lerp_mode": "catmullrom"
						}
					}
				},
				"magazine": {
					"rotation": {
						"0.75": {
							"pre": [0, 0, 0],
							"post": [0, 0, 0],
							"lerp_mode": "catmullrom"
						},
						"0.7917": {
							"post": [0, 45.39, 0],
							"lerp_mode": "catmullrom"
						},
						"0.875": {
							"post": [0, 78.2, 0],
							"lerp_mode": "catmullrom"
						},
						"0.9583": {
							"post": [0, 17, 0],
							"lerp_mode": "catmullrom"
						},
						"1.25": {
							"post": [0, 0, 0],
							"lerp_mode": "catmullrom"
						}
					},
					"position": {
						"0.75": {
							"pre": [0, 0, 0],
							"post": [0, 0, 0],
							"lerp_mode": "catmullrom"
						},
						"0.8333": {
							"post": [12.2725, -0.58, 5.8175],
							"lerp_mode": "catmullrom"
						},
						"0.875": {
							"post": [24.98, -0.57, 5.68],
							"lerp_mode": "catmullrom"
						},
						"0.9167": {
							"post": [17.5775, -0.5, 19.055],
							"lerp_mode": "catmullrom"
						},
						"0.9583": {
							"post": [11.035, -0.42, 14.405],
							"lerp_mode": "catmullrom"
						},
						"1.0": {
							"post": [9.645, -0.4, 12.0525],
							"lerp_mode": "catmullrom"
						},
						"1.0833": {
							"post": [6.2775, -0.8325, 7.035],
							"lerp_mode": "catmullrom"
						},
						"1.125": {
							"post": [1.6, -0.24, 1.75],
							"lerp_mode": "catmullrom"
						},
						"1.25": {
							"post": [0, 0, 0],
							"lerp_mode": "catmullrom"
						}
					}
				},
				"lefthand_pos": {
					"rotation": {
						"0.0": {
							"post": [30.47889, -13.13803, 144.19906],
							"lerp_mode": "catmullrom"
						},
						"0.25": {
							"post": [30.47889, -13.13803, 144.19906],
							"lerp_mode": "catmullrom"
						},
						"0.625": {
							"post": [16.29139, 0.5946, 136.60303],
							"lerp_mode": "catmullrom"
						},
						"0.9583": [81.24097, -25.6512, 125.77683],
						"1.0417": [97.67753, -23.11598, 119.9449],
						"1.0833": [103.65203, -22.84353, 129.47313],
						"1.125": [138.10299, -20.5511, 132.30297],
						"1.25": [150.52914, -13.92381, 134.0881],
						"1.4167": {
							"pre": [117.92403, -18.13564, 133.30381],
							"post": [117.92403, -18.13564, 133.30381],
							"lerp_mode": "catmullrom"
						},
						"1.6667": {
							"post": [81.24097, -25.6512, 125.77683],
							"lerp_mode": "catmullrom"
						},
						"2.5": {
							"post": [30.47889, -13.13803, 144.19906],
							"lerp_mode": "catmullrom"
						}
					},
					"position": {
						"0.0": {
							"post": [7.82002, -0.47508, 16.77],
							"lerp_mode": "catmullrom"
						},
						"0.25": {
							"post": [7.82002, -0.47508, 16.77],
							"lerp_mode": "catmullrom"
						},
						"0.9583": [-1.43396, -8.2684, 18.22177],
						"1.0": [1.88288, -6.60549, 18.65521],
						"1.0417": [2.56894, -3.91578, 19.76679],
						"1.0833": [3.27421, -3.02274, 21.01572],
						"1.125": [4.59209, -5.10565, 16.32128],
						"1.2083": [3.3275, -5.98979, 15.52739],
						"1.25": [2.31298, -5.68503, 14.28435],
						"1.3333": {
							"pre": [1.27223, -3.32261, 17.36469],
							"post": [1.27223, -3.32261, 17.36469],
							"lerp_mode": "catmullrom"
						},
						"1.6667": {
							"post": [3.27427, -9.14551, 22.47186],
							"lerp_mode": "catmullrom"
						},
						"2.5": {
							"post": [7.82002, -0.47508, 16.77],
							"lerp_mode": "catmullrom"
						}
					},
					"scale": {
						"0.0": [1, 1.5, 1],
						"0.25": [1, 1.5, 1],
						"2.5": [1, 1.5, 1]
					}
				},
				"righthand_and_gun": {
					"rotation": {
						"0.0": {
							"post": [0, 0, 0],
							"lerp_mode": "catmullrom"
						},
						"0.0833": {
							"post": [-10, 0, 0],
							"lerp_mode": "catmullrom"
						},
						"0.25": {
							"post": [-14, 0, 0],
							"lerp_mode": "catmullrom"
						},
						"0.3333": {
							"post": [26, 0, 0],
							"lerp_mode": "catmullrom"
						},
						"0.375": {
							"post": [26, 0, 0],
							"lerp_mode": "catmullrom"
						},
						"0.75": {
							"post": [28.87161, 29.45523, 112.35389],
							"lerp_mode": "catmullrom"
						},
						"0.875": {
							"post": [37.89311, 14.9318, 135.76331],
							"lerp_mode": "catmullrom"
						},
						"1.0833": {
							"post": [28.87161, 29.45523, 112.35389],
							"lerp_mode": "catmullrom"
						},
						"1.1667": {
							"post": [28.87161, 29.45523, 112.35389],
							"lerp_mode": "catmullrom"
						},
						"1.4167": {
							"post": [28.87161, 29.45523, 112.35389],
							"lerp_mode": "catmullrom"
						},
						"1.75": {
							"post": [26, 0, 0],
							"lerp_mode": "catmullrom"
						},
						"1.8333": {
							"post": [30, 0, 0],
							"lerp_mode": "catmullrom"
						},
						"1.9167": {
							"post": [-44, 0, 0],
							"lerp_mode": "catmullrom"
						},
						"2.0": {
							"post": [-52, 0, 0],
							"lerp_mode": "catmullrom"
						},
						"2.2083": {
							"post": [4.92442, -0.86717, 9.96271],
							"lerp_mode": "catmullrom"
						},
						"2.5": {
							"post": [0, 0, 0],
							"lerp_mode": "catmullrom"
						}
					},
					"position": {
						"0.0": {
							"post": [0, 0, 0],
							"lerp_mode": "catmullrom"
						},
						"0.0833": {
							"post": [0, 4.5625, 0],
							"lerp_mode": "catmullrom"
						},
						"0.25": {
							"post": [0, 5.3125, 0],
							"lerp_mode": "catmullrom"
						},
						"0.3333": {
							"post": [0, -6.1275, 0],
							"lerp_mode": "catmullrom"
						},
						"0.375": {
							"post": [0, -6.6275, -0.25],
							"lerp_mode": "catmullrom"
						},
						"0.5833": {
							"post": [-14.315, 2.5, 2.38],
							"lerp_mode": "catmullrom"
						},
						"0.75": {
							"post": [-15.375, 12.5575, 4.75],
							"lerp_mode": "catmullrom"
						},
						"0.875": {
							"post": [-15.37, 12.7475, 5.25],
							"lerp_mode": "catmullrom"
						},
						"1.0833": {
							"post": [-15.375, 12.5575, 4.75],
							"lerp_mode": "catmullrom"
						},
						"1.1667": {
							"post": [-15.375, 12.5575, 4.75],
							"lerp_mode": "catmullrom"
						},
						"1.4167": {
							"post": [-15.375, 12.5575, 4.75],
							"lerp_mode": "catmullrom"
						},
						"1.75": {
							"post": [0, -6.6275, -0.25],
							"lerp_mode": "catmullrom"
						},
						"1.8333": {
							"post": [0, -8.4425, -0.25],
							"lerp_mode": "catmullrom"
						},
						"1.9167": {
							"post": [0, 18.935, 1.8125],
							"lerp_mode": "catmullrom"
						},
						"2.0": {
							"post": [0, 21.19, 3.185],
							"lerp_mode": "catmullrom"
						},
						"2.2083": {
							"post": [0, -0.8125, 0],
							"lerp_mode": "catmullrom"
						},
						"2.5": {
							"post": [0, 0, 0],
							"lerp_mode": "catmullrom"
						}
					}
				},
				"root": {
					"rotation": {
						"0.0": {
							"post": [0, 0, 0],
							"lerp_mode": "catmullrom"
						},
						"1.25": {
							"post": [0, 0, 0],
							"lerp_mode": "catmullrom"
						},
						"1.3333": {
							"post": [0, 0, -9],
							"lerp_mode": "catmullrom"
						},
						"2.6667": {
							"post": [0, 0, 0],
							"lerp_mode": "catmullrom"
						}
					},
					"position": {
						"0.0": {
							"post": [0, 0, 0],
							"lerp_mode": "catmullrom"
						},
						"1.25": {
							"post": [0, 0, 0],
							"lerp_mode": "catmullrom"
						},
						"1.3333": {
							"post": [-1.125, 0.8125, 0],
							"lerp_mode": "catmullrom"
						},
						"1.5": {
							"post": [0, 0, 0],
							"lerp_mode": "catmullrom"
						},
						"2.1667": {
							"post": [0, 0, 0],
							"lerp_mode": "catmullrom"
						},
						"2.6667": {
							"post": [0, 0, 0],
							"lerp_mode": "catmullrom"
						}
					}
				},
				"righthand_pos": {
					"rotation": [90, 15, -180],
					"position": [2.80704, 0.625, 23.73965]
				},
				"camera": {
					"rotation": {
						"0.2917": {
							"pre": [0, 0, 0],
							"post": [0, 0, 0],
							"lerp_mode": "catmullrom"
						},
						"0.4167": {
							"post": [2.5, 0, 0],
							"lerp_mode": "catmullrom"
						},
						"0.4583": {
							"post": [2.5, 0, 0],
							"lerp_mode": "catmullrom"
						},
						"0.6667": {
							"post": [0, 0, 0],
							"lerp_mode": "catmullrom"
						},
						"0.8333": {
							"post": [0, 0, 2],
							"lerp_mode": "catmullrom"
						},
						"0.875": {
							"post": [0, 0, 2],
							"lerp_mode": "catmullrom"
						},
						"0.9583": {
							"post": [1, 0, 0],
							"lerp_mode": "catmullrom"
						},
						"1.125": {
							"post": [0, 0, 0],
							"lerp_mode": "catmullrom"
						},
						"1.2083": {
							"post": [0, 0, 0],
							"lerp_mode": "catmullrom"
						},
						"1.25": {
							"post": [0, 0, 0],
							"lerp_mode": "catmullrom"
						},
						"1.3333": {
							"post": [2.5, 0, 0],
							"lerp_mode": "catmullrom"
						},
						"1.5833": {
							"post": [0, 0, 0],
							"lerp_mode": "catmullrom"
						},
						"1.8333": {
							"post": [0, 0, 0],
							"lerp_mode": "catmullrom"
						},
						"1.9583": {
							"post": [-3, 0, 0],
							"lerp_mode": "catmullrom"
						},
						"2.0": {
							"post": [-3, 0, 0],
							"lerp_mode": "catmullrom"
						},
						"2.2083": {
							"post": [2, 0, 0],
							"lerp_mode": "catmullrom"
						},
						"2.2917": {
							"post": [1, 0, 0],
							"lerp_mode": "catmullrom"
						},
						"2.5": {
							"post": [0, 0, 0],
							"lerp_mode": "catmullrom"
						}
					},
					"position": {
						"0.0": [0, 0, 0],
						"2.125": [0, 0, 0],
						"2.2917": [0, -0.125, 0],
						"2.5": [0, 0, 0]
					}
				}
			}
		},
		"put_away": {
			"animation_length": 0.4583,
			"bones": {
				"root": {
					"rotation": {
						"0.0": {
							"post": [0, 0, 0],
							"lerp_mode": "catmullrom"
						},
						"0.3333": {
							"post": [46, 0, 0],
							"lerp_mode": "catmullrom"
						}
					},
					"position": {
						"0.0": {
							"post": [0, 0, 0],
							"lerp_mode": "catmullrom"
						},
						"0.3333": {
							"post": [0, -14.375, 10.4875],
							"lerp_mode": "catmullrom"
						}
					}
				},
				"lefthand_pos": {
					"rotation": {
						"0.0": {
							"post": [30.47889, -13.13803, 144.19906],
							"lerp_mode": "catmullrom"
						}
					},
					"position": {
						"0.0": {
							"post": [7.82002, -0.47508, 16.77],
							"lerp_mode": "catmullrom"
						}
					},
					"scale": [1, 1.5, 1]
				},
				"righthand_pos": {
					"rotation": [90, 15, -180],
					"position": [2.80704, 0.625, 23.73965]
				},
				"camera": {
					"rotation": {
						"0.0": [0, 0, 0],
						"0.0417": [0, 0, -0.1],
						"0.0833": [0, 0, -0.4],
						"0.125": [0, 0, -0.53],
						"0.1667": [0, 0, -0.58],
						"0.2083": [0, 0, -0.5],
						"0.25": [0, 0, -0.13],
						"0.2917": [0, 0, 0]
					}
				}
			}
		},
		"static_idle": {
			"loop": true,
			"bones": {
				"root": {
					"rotation": [0, 0, 0],
					"position": [0, 0, 0]
				},
				"lefthand_pos": {
					"rotation": {
						"0.0": {
							"post": [30.47889, -13.13803, 144.19906],
							"lerp_mode": "catmullrom"
						}
					},
					"position": {
						"0.0": {
							"post": [7.82002, -0.47508, 16.77],
							"lerp_mode": "catmullrom"
						}
					},
					"scale": [1, 1.5, 1]
				},
				"righthand_pos": {
					"rotation": [90, 15, -180],
					"position": [2.80704, 0.625, 23.73965]
				},
				"constraint": {
					"rotation": [0.2, 0.2, 0.2],
					"position": [0.2, 0.2, 0.2]
				}
			}
		},
		"inspect": {
			"animation_length": 3,
			"bones": {
				"root": {
					"rotation": {
						"2.75": {
							"pre": [0, 0, 0],
							"post": [0, 0, 0],
							"lerp_mode": "catmullrom"
						},
						"3.0": {
							"post": [0, 0, 0],
							"lerp_mode": "catmullrom"
						}
					},
					"position": {
						"0.0": {
							"post": [0, 0, 0],
							"lerp_mode": "catmullrom"
						},
						"2.0": {
							"post": [0, 0, 0],
							"lerp_mode": "catmullrom"
						},
						"2.0833": {
							"post": [-1.75, -0.4375, 0],
							"lerp_mode": "catmullrom"
						},
						"2.25": {
							"post": [0, 0, 0],
							"lerp_mode": "catmullrom"
						},
						"2.75": {
							"post": [0, 0, 0],
							"lerp_mode": "catmullrom"
						},
						"2.875": {
							"post": [0, -1.0625, 0],
							"lerp_mode": "catmullrom"
						},
						"3.0": {
							"post": [0, 0, 0],
							"lerp_mode": "catmullrom"
						}
					}
				},
				"lefthand_pos": {
					"rotation": {
						"0.0": {
							"post": [30.47889, -13.13803, 144.19906],
							"lerp_mode": "catmullrom"
						},
						"0.25": {
							"post": [18.45638, -27.61926, 127.63396],
							"lerp_mode": "catmullrom"
						},
						"1.0": {
							"post": [18.45638, -27.61926, 127.63396],
							"lerp_mode": "catmullrom"
						},
						"1.75": {
							"post": [101.31543, -50.53485, 214.82013],
							"lerp_mode": "catmullrom"
						},
						"1.9583": {
							"post": [138.31543, -50.53485, 214.82013],
							"lerp_mode": "catmullrom"
						},
						"2.0833": {
							"post": [101.31543, -50.53485, 214.82013],
							"lerp_mode": "catmullrom"
						},
						"3.0": {
							"post": [30.47889, -13.13803, 144.19906],
							"lerp_mode": "catmullrom"
						}
					},
					"position": {
						"0.0": {
							"post": [7.82002, -0.47508, 16.77],
							"lerp_mode": "catmullrom"
						},
						"0.25": {
							"post": [13.82, -0.46, 16.77],
							"lerp_mode": "catmullrom"
						},
						"1.0": {
							"post": [13.82, -0.46, 16.77],
							"lerp_mode": "catmullrom"
						},
						"1.75": {
							"post": [9.62184, -2.03581, 17.0104],
							"lerp_mode": "catmullrom"
						},
						"1.9583": {
							"post": [5.83586, -5.078, 16.17065],
							"lerp_mode": "catmullrom"
						},
						"3.0": {
							"post": [7.82002, -0.47508, 16.77],
							"lerp_mode": "catmullrom"
						}
					},
					"scale": {
						"0.0": [1, 1.5, 1],
						"3.0": [1, 1.5, 1]
					}
				},
				"righthand_and_gun": {
					"rotation": {
						"0.0": {
							"post": [0, 0, 0],
							"lerp_mode": "catmullrom"
						},
						"0.2917": {
							"post": [-17, 0, -17],
							"lerp_mode": "catmullrom"
						},
						"0.8333": {
							"post": [-17, 0, -17],
							"lerp_mode": "catmullrom"
						},
						"1.375": {
							"post": [-3.08371, 31.76539, 62.7627],
							"lerp_mode": "catmullrom"
						},
						"1.75": {
							"post": [-3.08371, 31.76539, 62.7627],
							"lerp_mode": "catmullrom"
						},
						"2.3333": {
							"post": [-3.08371, 31.76539, 62.7627],
							"lerp_mode": "catmullrom"
						},
						"2.8333": {
							"post": [0, 0, 0],
							"lerp_mode": "catmullrom"
						}
					},
					"position": {
						"0.0": {
							"post": [0, 0, 0],
							"lerp_mode": "catmullrom"
						},
						"0.2917": {
							"post": [-0.8125, 6.5625, 0],
							"lerp_mode": "catmullrom"
						},
						"0.4583": {
							"post": [-0.86, 5.9075, 0],
							"lerp_mode": "catmullrom"
						},
						"0.6667": {
							"post": [-0.8125, 6.5625, 0],
							"lerp_mode": "catmullrom"
						},
						"0.8333": {
							"post": [-0.8125, 6.5625, 0],
							"lerp_mode": "catmullrom"
						},
						"1.375": {
							"post": [-4.2475, 9.935, -2],
							"lerp_mode": "catmullrom"
						},
						"1.75": {
							"post": [-4.2475, 9.935, -2],
							"lerp_mode": "catmullrom"
						},
						"2.3333": {
							"post": [-4.2475, 9.935, -2],
							"lerp_mode": "catmullrom"
						},
						"2.8333": {
							"post": [0, 0, 0],
							"lerp_mode": "catmullrom"
						}
					}
				},
				"righthand_pos": {
					"rotation": [90, 15, -180],
					"position": [2.80704, 0.625, 23.73965]
				},
				"magazine": {
					"rotation": {
						"0.0": [0, 0, 0],
						"2.0417": {
							"pre": [0, 0, 0],
							"post": [0, 0, 0],
							"lerp_mode": "catmullrom"
						},
						"2.3333": {
							"post": [0, 0, 360],
							"lerp_mode": "catmullrom"
						},
						"2.75": {
							"post": [0, 0, 720],
							"lerp_mode": "catmullrom"
						}
					}
				},
				"camera": {
					"rotation": {
						"0.0": {
							"post": [0, 0, 0],
							"lerp_mode": "catmullrom"
						},
						"0.375": {
							"post": [-0.01885, -0.01204, -6],
							"lerp_mode": "catmullrom"
						},
						"1.2917": {
							"post": [1.93, -0.05, -5.28],
							"lerp_mode": "catmullrom"
						},
						"1.9583": {
							"post": [0, 0, 0],
							"lerp_mode": "catmullrom"
						},
						"2.0833": {
							"post": [2.50152, 1.9981, 0.08727],
							"lerp_mode": "catmullrom"
						},
						"2.3333": {
							"post": [0, 0, 0],
							"lerp_mode": "catmullrom"
						}
					},
					"position": {
						"0.0": [0, 0, 0],
						"1.2917": [0, -0.4375, 0]
					}
				}
			}
		},
		"inspect_empty": {
			"animation_length": 3,
			"bones": {
				"root": {
					"rotation": {
						"2.75": {
							"pre": [0, 0, 0],
							"post": [0, 0, 0],
							"lerp_mode": "catmullrom"
						},
						"3.0": {
							"post": [0, 0, 0],
							"lerp_mode": "catmullrom"
						}
					},
					"position": {
						"0.0": {
							"post": [0, 0, 0],
							"lerp_mode": "catmullrom"
						},
						"2.0": {
							"post": [0, 0, 0],
							"lerp_mode": "catmullrom"
						},
						"2.0833": {
							"post": [-1.75, -0.4375, 0],
							"lerp_mode": "catmullrom"
						},
						"2.25": {
							"post": [0, 0, 0],
							"lerp_mode": "catmullrom"
						},
						"2.75": {
							"post": [0, 0, 0],
							"lerp_mode": "catmullrom"
						},
						"2.875": {
							"post": [0, -1.0625, 0],
							"lerp_mode": "catmullrom"
						},
						"3.0": {
							"post": [0, 0, 0],
							"lerp_mode": "catmullrom"
						}
					}
				},
				"lefthand_pos": {
					"rotation": {
						"0.0": {
							"post": [30.47889, -13.13803, 144.19906],
							"lerp_mode": "catmullrom"
						},
						"0.25": {
							"post": [18.45638, -27.61926, 127.63396],
							"lerp_mode": "catmullrom"
						},
						"1.0": {
							"post": [18.45638, -27.61926, 127.63396],
							"lerp_mode": "catmullrom"
						},
						"1.75": {
							"post": [101.31543, -50.53485, 214.82013],
							"lerp_mode": "catmullrom"
						},
						"1.9583": {
							"post": [138.31543, -50.53485, 214.82013],
							"lerp_mode": "catmullrom"
						},
						"2.0833": {
							"post": [101.31543, -50.53485, 214.82013],
							"lerp_mode": "catmullrom"
						},
						"3.0": {
							"post": [30.47889, -13.13803, 144.19906],
							"lerp_mode": "catmullrom"
						}
					},
					"position": {
						"0.0": {
							"post": [7.82002, -0.47508, 16.77],
							"lerp_mode": "catmullrom"
						},
						"0.25": {
							"post": [13.82, -0.46, 16.77],
							"lerp_mode": "catmullrom"
						},
						"1.0": {
							"post": [13.82, -0.46, 16.77],
							"lerp_mode": "catmullrom"
						},
						"1.75": {
							"post": [9.62184, -2.03581, 17.0104],
							"lerp_mode": "catmullrom"
						},
						"1.9583": {
							"post": [5.83586, -5.078, 16.17065],
							"lerp_mode": "catmullrom"
						},
						"3.0": {
							"post": [7.82002, -0.47508, 16.77],
							"lerp_mode": "catmullrom"
						}
					},
					"scale": {
						"0.0": [1, 1.5, 1],
						"3.0": [1, 1.5, 1]
					}
				},
				"righthand_and_gun": {
					"rotation": {
						"0.0": {
							"post": [0, 0, 0],
							"lerp_mode": "catmullrom"
						},
						"0.2917": {
							"post": [-17, 0, -17],
							"lerp_mode": "catmullrom"
						},
						"0.8333": {
							"post": [-17, 0, -17],
							"lerp_mode": "catmullrom"
						},
						"1.375": {
							"post": [-3.08371, 31.76539, 62.7627],
							"lerp_mode": "catmullrom"
						},
						"1.75": {
							"post": [-3.08371, 31.76539, 62.7627],
							"lerp_mode": "catmullrom"
						},
						"2.3333": {
							"post": [-3.08371, 31.76539, 62.7627],
							"lerp_mode": "catmullrom"
						},
						"2.8333": {
							"post": [0, 0, 0],
							"lerp_mode": "catmullrom"
						}
					},
					"position": {
						"0.0": {
							"post": [0, 0, 0],
							"lerp_mode": "catmullrom"
						},
						"0.2917": {
							"post": [-0.8125, 6.5625, 0],
							"lerp_mode": "catmullrom"
						},
						"0.4583": {
							"post": [-0.86, 5.9075, 0],
							"lerp_mode": "catmullrom"
						},
						"0.6667": {
							"post": [-0.8125, 6.5625, 0],
							"lerp_mode": "catmullrom"
						},
						"0.8333": {
							"post": [-0.8125, 6.5625, 0],
							"lerp_mode": "catmullrom"
						},
						"1.375": {
							"post": [-4.2475, 9.935, -2],
							"lerp_mode": "catmullrom"
						},
						"1.75": {
							"post": [-4.2475, 9.935, -2],
							"lerp_mode": "catmullrom"
						},
						"2.3333": {
							"post": [-4.2475, 9.935, -2],
							"lerp_mode": "catmullrom"
						},
						"2.8333": {
							"post": [0, 0, 0],
							"lerp_mode": "catmullrom"
						}
					}
				},
				"righthand_pos": {
					"rotation": [90, 15, -180],
					"position": [2.80704, 0.625, 23.73965]
				},
				"magazine": {
					"rotation": {
						"0.0": [0, 0, 0],
						"2.0417": {
							"pre": [0, 0, 0],
							"post": [0, 0, 0],
							"lerp_mode": "catmullrom"
						},
						"2.3333": {
							"post": [0, 0, 360],
							"lerp_mode": "catmullrom"
						},
						"2.75": {
							"post": [0, 0, 720],
							"lerp_mode": "catmullrom"
						}
					}
				},
				"camera": {
					"rotation": {
						"0.0": {
							"post": [0, 0, 0],
							"lerp_mode": "catmullrom"
						},
						"0.375": {
							"post": [-0.01885, -0.01204, -6],
							"lerp_mode": "catmullrom"
						},
						"1.2917": {
							"post": [1.93, -0.05, -5.28],
							"lerp_mode": "catmullrom"
						},
						"1.9583": {
							"post": [0, 0, 0],
							"lerp_mode": "catmullrom"
						},
						"2.0833": {
							"post": [2.50152, 1.9981, 0.08727],
							"lerp_mode": "catmullrom"
						},
						"2.3333": {
							"post": [0, 0, 0],
							"lerp_mode": "catmullrom"
						}
					},
					"position": {
						"0.0": [0, 0, 0],
						"1.2917": [0, -0.4375, 0]
					}
				}
			}
		},
		"shoot": {
			"animation_length": 0.5833,
			"bones": {
				"root": {
					"rotation": {
						"0.0": [0, 0, 0],
						"0.0417": [5.94, -0.27, -11.04],
						"0.0833": [-27.98, -8.63, -7.72],
						"0.125": [-17.35, -1, 2.05],
						"0.1667": [-13.94, -1.29, 3.6],
						"0.2083": [-10.31, -2.35, 3.27],
						"0.25": [2.03, -0.93, -2.03],
						"0.2917": [2.35, -0.29, -1.82],
						"0.3333": [1.06, 0.38, -0.79],
						"0.375": [0, 0.75, 0],
						"0.4167": [-0.07, 0.13, 0],
						"0.4583": [0, -0.2, -0.1],
						"0.5": [0, -0.21, -0.08],
						"0.5417": [0, -0.09, -0.03],
						"0.5833": [0, 0, 0]
					},
					"position": {
						"0.0": [0, 0, 0],
						"0.0417": [0, -0.22, 2.42],
						"0.0833": [-0.16, 0.56, 1.75],
						"0.125": [-0.11, 0.56, 1.14],
						"0.1667": [-0.06, 0.41, 0.43],
						"0.2083": [-0.03, 0.13, 0.14],
						"0.25": [0, -0.45, -0.17],
						"0.2917": [0, -0.39, -0.14],
						"0.3333": [0, -0.19, -0.02],
						"0.375": [0, -0.03, 0.08],
						"0.4167": [0, 0.01, 0.03],
						"0.4583": [0, 0, 0],
						"0.5": [0, 0, -0.01],
						"0.5417": [0, 0, 0],
						"0.5833": [0, 0, 0]
					}
				},
				"magazine": {
					"rotation": {
						"0.0": {
							"post": [0, 0, 0],
							"lerp_mode": "catmullrom"
						},
						"0.125": {
							"post": [0, 0, 90],
							"lerp_mode": "catmullrom"
						},
						"0.5": {
							"post": [0, 0, 0],
							"lerp_mode": "catmullrom"
						}
					}
				},
				"QJ": {
					"rotation": {
						"0.0": [0, 0, 0],
						"0.0417": [-52, 0, 0],
						"0.0833": [0, 0, 0]
					}
				},
				"camera": {
					"rotation": {
						"0.0": [0, 0, 0],
						"0.0417": [0, 0, 3.15],
						"0.0833": [0, 0, 1.94],
						"0.125": [0, 0, -0.96],
						"0.1667": [0, 0, 0.6],
						"0.2083": [0, 0, -0.32],
						"0.25": [0, 0, 0]
					}
				}
			}
		}
	}
}