{
	"format_version": "1.8.0",
	"animations": {
		"reload_tactical": {
			"animation_length": 1.75,
			"bones": {
				"lh": {
					"rotation": {
						"0.0": [104.41741, -8.06723, -198.01172],
						"1.5": [104.41741, -8.06723, -198.01172]
					},
					"position": {
						"0.0": [8, -10.3, 6.7],
						"0.25": [7, -10.3, 3.7],
						"1.125": [7, -10.3, 3.7],
						"1.5": [8, -10.3, 6.7]
					},
					"scale": {
						"0.0": [1, 1.5, 1],
						"1.5": [1, 1.5, 1]
					}
				},
				"rh": {
					"rotation": [90.66963, 14.98539, -177.41193],
					"position": [-9.70679, -4.25, 23.66921],
					"scale": [1, 1.5, 1]
				},
				"root": {
					"rotation": {
						"0.0": {
							"post": [0, 0, 0],
							"lerp_mode": "catmullrom"
						},
						"0.375": {
							"post": [-10.9412, -1.14284, -27.89055],
							"lerp_mode": "catmullrom"
						},
						"0.5417": {
							"post": [-14.82934, -2.17077, -31.75788],
							"lerp_mode": "catmullrom"
						},
						"0.75": {
							"post": [-10.9412, -1.14284, -27.89055],
							"lerp_mode": "catmullrom"
						},
						"0.9583": {
							"post": [-10.9412, -1.14284, -27.89055],
							"lerp_mode": "catmullrom"
						},
						"1.0": {
							"post": [-14.9412, -1.14284, -27.89055],
							"lerp_mode": "catmullrom"
						},
						"1.1667": {
							"post": [-10.9412, -1.14284, -27.89055],
							"lerp_mode": "catmullrom"
						},
						"1.375": {
							"post": [0, 0, 0],
							"lerp_mode": "catmullrom"
						},
						"1.75": {
							"post": [0, 0, 0],
							"lerp_mode": "catmullrom"
						}
					},
					"position": {
						"0.0": {
							"post": [0, 0, 0],
							"lerp_mode": "catmullrom"
						},
						"0.375": {
							"post": [-1.61514, 3.99762, -0.56265],
							"lerp_mode": "catmullrom"
						},
						"0.5417": {
							"post": [-1.91084, 4.45948, -0.41614],
							"lerp_mode": "catmullrom"
						},
						"0.75": {
							"post": [-1.61514, 3.99762, -0.56265],
							"lerp_mode": "catmullrom"
						},
						"0.9583": {
							"post": [-1.61514, 3.99762, -0.56265],
							"lerp_mode": "catmullrom"
						},
						"1.0": {
							"post": [-2.08263, 4.86601, -0.37024],
							"lerp_mode": "catmullrom"
						},
						"1.1667": {
							"post": [-1.61514, 3.99762, -0.56265],
							"lerp_mode": "catmullrom"
						},
						"1.375": {
							"post": [0, 0, 0],
							"lerp_mode": "catmullrom"
						},
						"1.75": {
							"post": [0, 0, 0],
							"lerp_mode": "catmullrom"
						}
					}
				},
				"additional_magazine": {
					"rotation": {
						"0.0": [0, 0, 0],
						"0.375": [0, 0, 0],
						"0.5417": {
							"pre": [-45, 0, 0],
							"post": [-45, 0, 0],
							"lerp_mode": "catmullrom"
						},
						"0.75": {
							"post": [-93, 0, 0],
							"lerp_mode": "catmullrom"
						},
						"1.75": {
							"post": [0, 0, 0],
							"lerp_mode": "catmullrom"
						}
					},
					"position": {
						"0.0": [0, 0, 0],
						"0.375": [0, 0, 0],
						"0.5417": {
							"pre": [0.8125, -8.52144, -8.11407],
							"post": [0.8125, -8.52144, -8.11407],
							"lerp_mode": "catmullrom"
						},
						"0.75": {
							"post": [0, -29.31831, -14.81522],
							"lerp_mode": "catmullrom"
						},
						"1.75": {
							"post": [0, 0, 0],
							"lerp_mode": "catmullrom"
						}
					},
					"scale": {
						"0.0": [1, 1, 1],
						"0.75": [1, 1, 1],
						"0.7917": [0, 0, 0],
						"1.7083": [0, 0, 0],
						"1.75": [1, 1, 1]
					}
				},
				"lf_and_mag": {
					"rotation": {
						"0.0": {
							"post": [0, 0, 0],
							"lerp_mode": "catmullrom"
						},
						"0.1667": {
							"post": [24, 0, 0],
							"lerp_mode": "catmullrom"
						},
						"0.3333": {
							"post": [-69.74946, -21.91786, -9.82227],
							"lerp_mode": "catmullrom"
						},
						"0.4583": {
							"post": [-28.74946, -21.91786, -9.82227],
							"lerp_mode": "catmullrom"
						},
						"0.5833": {
							"post": [-28.74946, -21.91786, -9.82227],
							"lerp_mode": "catmullrom"
						},
						"0.875": {
							"post": [3.25054, -21.91786, -9.82227],
							"lerp_mode": "catmullrom"
						},
						"1.0": {
							"post": [0, 0, 0],
							"lerp_mode": "catmullrom"
						}
					},
					"position": {
						"0.0": {
							"post": [0, 0, 0],
							"lerp_mode": "catmullrom"
						},
						"0.1667": {
							"post": [0, -20.59151, 3.68605],
							"lerp_mode": "catmullrom"
						},
						"0.3333": {
							"post": [-0.39708, 4.80546, 10.06584],
							"lerp_mode": "catmullrom"
						},
						"0.4583": {
							"post": [3.01324, 0.33143, 3.58871],
							"lerp_mode": "catmullrom"
						},
						"0.5833": {
							"post": [3.01324, 0.33143, 3.58871],
							"lerp_mode": "catmullrom"
						},
						"0.875": {
							"post": [4.16331, -11.11662, 5.61069],
							"lerp_mode": "catmullrom"
						},
						"1.0": {
							"post": [0, 0, 0],
							"lerp_mode": "catmullrom"
						}
					}
				},
				"lefthand_pos": {
					"rotation": {
						"0.0": [0, 0, 0],
						"1.5": [0, 0, 0]
					},
					"position": {
						"0.0": [0, 0, 0],
						"0.2917": [2.8125, -4.4375, 2.5],
						"1.125": [2.8125, -4.4375, 2.5],
						"1.5": [0, 0, 0]
					}
				},
				"bone2": {
					"position": {
						"0.0": [0, 0, 0],
						"0.125": [0, 0, 1.6875],
						"1.0833": [0, 0, 1.6875],
						"1.2083": [0, 0, 0]
					}
				},
				"magazine": {
					"rotation": [0, 0, 0],
					"position": [0, 0, 0],
					"scale": {
						"0.0": [0, 0, 0],
						"0.2083": [0, 0, 0],
						"0.25": [1, 1, 1]
					}
				},
				"camera": {
					"rotation": {
						"0.0": {
							"post": [0, 0, 0],
							"lerp_mode": "catmullrom"
						},
						"0.3333": {
							"post": [0, 5, 0],
							"lerp_mode": "catmullrom"
						},
						"0.4583": {
							"post": [0, 5, 0],
							"lerp_mode": "catmullrom"
						},
						"0.5417": {
							"post": [-1.904, 5, 0],
							"lerp_mode": "catmullrom"
						},
						"0.75": {
							"post": [0, 5, 0],
							"lerp_mode": "catmullrom"
						},
						"0.9167": {
							"post": [0, 5, 0],
							"lerp_mode": "catmullrom"
						},
						"1.0": {
							"post": [0, 5, 0],
							"lerp_mode": "catmullrom"
						},
						"1.0833": {
							"post": [-3, 5, 0],
							"lerp_mode": "catmullrom"
						},
						"1.25": {
							"post": [0, 0, 0],
							"lerp_mode": "catmullrom"
						},
						"1.75": {
							"post": [0, 0, 0],
							"lerp_mode": "catmullrom"
						}
					}
				}
			}
		},
		"static_idle": {
			"loop": true,
			"bones": {
				"lh": {
					"rotation": [104.41741, -8.06723, -198.01172],
					"position": [8, -10.3, 6.7],
					"scale": [1, 1.5, 1]
				},
				"rh": {
					"rotation": [90.66963, 14.98539, -177.41193],
					"position": [-9.70679, -4.25, 23.66921],
					"scale": [1, 1.5, 1]
				},
				"constraint": {
					"rotation": [0.2, 0.2, 0.2],
					"position": [0.2, 0.2, 0.2]
				}
			}
		},
		"inspect": {
			"animation_length": 8.0667,
			"bones": {
				"mag_and_lefthand": {
					"rotation": {
						"2.9": [0, 0, 0],
						"3.0": [0, 0, 0],
						"3.2": [0, 0, 0],
						"3.3667": {
							"pre": [0, 0, 0],
							"post": [0, 0, 0],
							"lerp_mode": "catmullrom"
						},
						"3.5667": {
							"post": [-0.90904, -6.80041, 0.13291],
							"lerp_mode": "catmullrom"
						},
						"3.7667": {
							"post": [-5.57883, -11.04972, 3.16753],
							"lerp_mode": "catmullrom"
						},
						"4.1": {
							"post": [-8.72535, -7.91594, 6.76449],
							"lerp_mode": "catmullrom"
						},
						"4.3": {
							"post": [-9.3, -6.79, 1.4],
							"lerp_mode": "catmullrom"
						},
						"4.4333": {
							"post": [-5.64649, -8.78819, -14.22248],
							"lerp_mode": "catmullrom"
						},
						"4.6": {
							"post": [-2.52626, -7.58991, -16.82727],
							"lerp_mode": "catmullrom"
						},
						"4.7667": [0, 0, 0],
						"4.8": [0, 0, 0],
						"4.9667": [-2, 0, 0],
						"5.0667": [-2, 0, 0],
						"5.1": [0, 0, 0],
						"5.1667": [0, 0, 0],
						"5.4": [0, 0, 0]
					},
					"position": {
						"2.9": [0, 0, 0],
						"3.0": [0, -1.77, 0.7],
						"3.2": [0, -1.77, 0.7],
						"3.3667": {
							"pre": [-0.06746, -5.22815, 2.11691],
							"post": [-0.06746, -5.22815, 2.11691],
							"lerp_mode": "catmullrom"
						},
						"3.5": {
							"post": [0.34734, -9.32727, 1.81573],
							"lerp_mode": "catmullrom"
						},
						"3.6667": {
							"post": [4.55678, -5.14159, 2.26016],
							"lerp_mode": "catmullrom"
						},
						"3.8": {
							"post": [5.7, -4.2, 1.8],
							"lerp_mode": "catmullrom"
						},
						"4.0": {
							"post": [5.71031, -3.96353, 1.7149],
							"lerp_mode": "catmullrom"
						},
						"4.3": {
							"post": [5.7, -4.2, 1.8],
							"lerp_mode": "catmullrom"
						},
						"4.4333": {
							"post": [4.07, -5.07, 1.89],
							"lerp_mode": "catmullrom"
						},
						"4.6": {
							"post": [2.44, -5.93, 1.97],
							"lerp_mode": "catmullrom"
						},
						"4.7667": [0, -5.225, 1.35],
						"4.8": [0, -5.225, 1.35],
						"4.9": [0, -5.42, 1.65],
						"4.9667": [0, -5.275, 1.625],
						"5.0667": [0, -5.1, 1.725],
						"5.1": [0, -4.775, 1.925],
						"5.1667": [0, 0, 0],
						"5.4": [0, 0, 0]
					}
				},
				"lefthand": {
					"rotation": {
						"0.1": [104.41741, -8.06723, -198.01172],
						"0.2667": [117.30897, -44.74439, -197.59411],
						"0.4": [92.43286, -42.35775, -144.3706],
						"2.4": [92.43286, -42.35775, -144.3706],
						"2.6": [120.62851, -8.48775, -193.60482],
						"2.7": [121.50104, -15.34359, -197.8213],
						"2.8": [120.99754, -11.92351, -195.6864],
						"2.9": [120.99754, -11.92351, -195.6864],
						"3.0": [105.80689, -29.94388, -161.02717],
						"3.1667": [78.86829, -31.18798, -110.80756],
						"4.2667": [78.86829, -31.18798, -110.80756],
						"5.2": [78.86829, -31.18798, -110.80756],
						"5.4": [78.86829, -31.18798, -110.80756],
						"5.5": [88.77, -23.12, -163.8],
						"5.7": [108.58605, -6.97365, -269.78512],
						"5.8": [108.76, -10.13, -270.87],
						"5.9": [121.85017, -11.70952, -271.41079],
						"6.0667": [102.15901, -4.63996, -264.07389],
						"6.2": [102.32677, -5.76406, -267.14413],
						"6.4": [102.77379, -9.17631, -271.61444],
						"6.6": [102.55799, -10.57765, -270.2093],
						"6.8": [102.60707, -9.9852, -270.22552],
						"7.0667": [102.60707, -9.9852, -270.22552],
						"7.1": [104.56523, -14.27253, -297.23365],
						"7.2": [125.39192, 4.89155, -293.89495],
						"7.4667": [104.41741, -8.06723, -198.01172]
					},
					"position": {
						"0.1": [8, -10.3, -6.3],
						"0.2667": [8.02702, -15.48569, 0.0458],
						"0.4": [9.64611, -20.50474, 7.64554],
						"2.4": [9.64611, -20.50474, 7.64554],
						"2.6": [9.48668, -12.39341, -5.00641],
						"2.7": [9.14105, -10.98283, -4.74036],
						"2.9": [9.14105, -10.98283, -4.74036],
						"3.1": [8.55, -13.24, -3.83],
						"3.1667": [7.4, -13.8, -3.6],
						"4.2667": [7.4, -13.8, -3.6],
						"5.2": [7.4, -13.8, -3.6],
						"5.4": [7.36853, -14.25859, -3.31945],
						"5.5": [9.43521, -10.3576, -4.94356],
						"5.6": [9.28, -7.73, -5.66],
						"5.7": [9.2, -6.8, -8],
						"5.8667": [9.2, -6.8, -8.1],
						"5.9667": [10, -6.8, -6.95],
						"6.0667": [9.8, -6.8, -5.4],
						"6.1667": [9.8, -6.8, -5.26],
						"6.3667": [9.8, -6.8, -4.28],
						"6.4": [9.8, -6.8, -4.2],
						"6.6667": [9.8, -6.8, -4.125],
						"6.9": [9.8, -6.8, -4.17],
						"7.0667": [9.8, -6.8, -4.07],
						"7.1": [10.6, -6.2, -2.47],
						"7.2": [11.60858, -6.40018, -1.95275],
						"7.3667": [11.08315, -8.40382, -4.92315],
						"7.4667": [8, -10.3, -6.3]
					},
					"scale": [1, 1.5, 1]
				},
				"bullet": {
					"scale": 0
				},
				"righthand": {
					"rotation": [97.52832, -355.04288, -179.34574],
					"position": [-6.8, -10, 3],
					"scale": [1, 1.5, 1]
				},
				"vector45_bolt": {
					"position": {
						"6.1667": [0, 0, 0],
						"6.3667": [0, 0, 1.23],
						"6.4": [0, 0, 1.3],
						"6.6667": [0, 0, 1.3],
						"6.9": [0, 0, 1.275],
						"7.0667": [0, 0, 1.37],
						"7.1": [0, 0, 0]
					}
				},
				"fix": {
					"rotation": {
						"5.8667": [0, 0, 0],
						"6.0667": [0, -90, 0],
						"7.0667": [0, -90, 0],
						"7.1": [0, 0, 0]
					}
				},
				"root": {
					"rotation": {
						"0.0": {
							"post": [0, 0, 0],
							"lerp_mode": "catmullrom"
						},
						"0.1": {
							"post": [-0.48222, -10.32879, -10.6371],
							"lerp_mode": "catmullrom"
						},
						"0.2667": {
							"post": [-7.81643, -38.04124, -43.59864],
							"lerp_mode": "catmullrom"
						},
						"0.4": {
							"post": [0.52853, -46.12895, -62.22092],
							"lerp_mode": "catmullrom"
						},
						"0.6": {
							"post": [2.35707, -46.56151, -65.14637],
							"lerp_mode": "catmullrom"
						},
						"1.4": {
							"post": [3.9, -46, -66.9],
							"lerp_mode": "catmullrom"
						},
						"1.5": {
							"post": [10.5, -46.1, -76.07],
							"lerp_mode": "catmullrom"
						},
						"1.6": {
							"post": [12.04584, -46.16492, -78.2249],
							"lerp_mode": "catmullrom"
						},
						"1.7667": {
							"post": [9.46623, -46.63168, -74.66322],
							"lerp_mode": "catmullrom"
						},
						"2.0": {
							"post": [9.95239, -46.86376, -75.17502],
							"lerp_mode": "catmullrom"
						},
						"2.3": {
							"post": [9.61908, -43.90831, -74.82758],
							"lerp_mode": "catmullrom"
						},
						"2.5": {
							"post": [-13.05553, -29.41404, -39.12332],
							"lerp_mode": "catmullrom"
						},
						"2.6667": {
							"post": [-24.46, -29.06, -26.67],
							"lerp_mode": "catmullrom"
						},
						"2.8": {
							"post": [-24.77, -29.29, -26.41],
							"lerp_mode": "catmullrom"
						},
						"2.8667": {
							"post": [-25.53854, -28.5824, -24.30434],
							"lerp_mode": "catmullrom"
						},
						"2.9": {
							"post": [-26.02602, -27.90024, -23.26298],
							"lerp_mode": "catmullrom"
						},
						"3.1667": {
							"post": [-22.12661, -30.06214, -26.94814],
							"lerp_mode": "catmullrom"
						},
						"3.2667": {
							"post": [-17.89823, -31.26039, -38.8467],
							"lerp_mode": "catmullrom"
						},
						"3.3667": {
							"post": [-18.02675, -29.59281, -39.11901],
							"lerp_mode": "catmullrom"
						},
						"3.5": {
							"post": [-23.88068, -23.89861, -27.05986],
							"lerp_mode": "catmullrom"
						},
						"3.6": {
							"post": [-25.80209, -22.09574, -23.61591],
							"lerp_mode": "catmullrom"
						},
						"4.4667": {
							"post": [-26.42779, -21.32537, -21.92459],
							"lerp_mode": "catmullrom"
						},
						"4.6": {
							"post": [-20.88003, -27.95795, -23.38356],
							"lerp_mode": "catmullrom"
						},
						"4.7": {
							"post": [-13.29, -35, -31.65],
							"lerp_mode": "catmullrom"
						},
						"4.7667": {
							"post": [-7.08214, -39.04067, -40.65146],
							"lerp_mode": "catmullrom"
						},
						"4.8": {
							"post": [-4.53034, -42.10711, -40.64172],
							"lerp_mode": "catmullrom"
						},
						"4.9667": {
							"post": [-9.6791, -40.56442, -33.31033],
							"lerp_mode": "catmullrom"
						},
						"5.1": {
							"post": [-7.5921, -39.73003, -37.48158],
							"lerp_mode": "catmullrom"
						},
						"5.1667": {
							"post": [-15.61372, -37.31708, -24.62412],
							"lerp_mode": "catmullrom"
						},
						"5.2": {
							"post": [-10.19401, -38.49259, -33.45924],
							"lerp_mode": "catmullrom"
						},
						"5.3": {
							"post": [-10.47873, -36.44176, -27.0159],
							"lerp_mode": "catmullrom"
						},
						"5.4": {
							"post": [-5.42836, -33.76964, -25.99474],
							"lerp_mode": "catmullrom"
						},
						"5.5": {
							"post": [-19.91, -11.23, 17.39],
							"lerp_mode": "catmullrom"
						},
						"5.6": {
							"post": [-21.4, 8.05, 41.61],
							"lerp_mode": "catmullrom"
						},
						"5.7": {
							"post": [-31.70115, 25.78948, 56.73817],
							"lerp_mode": "catmullrom"
						},
						"5.8": {
							"post": [-35.075, 31.85, 60.09],
							"lerp_mode": "catmullrom"
						},
						"5.9": {
							"post": [-35.57112, 31.41816, 59.11623],
							"lerp_mode": "catmullrom"
						},
						"6.1667": {
							"post": [-35.81705, 31.19425, 58.63371],
							"lerp_mode": "catmullrom"
						},
						"6.3667": {
							"post": [-32.86454, 33.59838, 64.23084],
							"lerp_mode": "catmullrom"
						},
						"6.6": {
							"post": [-34.31093, 32.46214, 61.51885],
							"lerp_mode": "catmullrom"
						},
						"6.9": {
							"post": [-33.77134, 32.90427, 62.54453],
							"lerp_mode": "catmullrom"
						},
						"7.0": {
							"post": [-34.145, 32.6, 61.83],
							"lerp_mode": "catmullrom"
						},
						"7.0667": {
							"post": [-36.14709, 29.23727, 56.89595],
							"lerp_mode": "catmullrom"
						},
						"7.1": {
							"post": [-30.5461, 32.38395, 65.15087],
							"lerp_mode": "catmullrom"
						},
						"7.1667": {
							"post": [-38.95299, 28.16757, 52.23439],
							"lerp_mode": "catmullrom"
						},
						"7.2667": {
							"post": [-29.02628, 24.23817, 50.85545],
							"lerp_mode": "catmullrom"
						},
						"7.3667": {
							"post": [-7.61838, 4.90189, 37.11753],
							"lerp_mode": "catmullrom"
						},
						"7.4667": {
							"post": [-0.08, -1.71, 21.05],
							"lerp_mode": "catmullrom"
						},
						"7.5667": {
							"post": [5.1, 0.6, 6.7],
							"lerp_mode": "catmullrom"
						},
						"7.6667": {
							"post": [0, 0, 0],
							"lerp_mode": "catmullrom"
						},
						"7.7": {
							"post": [-0.18955, -0.01562, 1.75184],
							"lerp_mode": "catmullrom"
						},
						"7.8": {
							"post": [0, 0, -1.25],
							"lerp_mode": "catmullrom"
						},
						"7.9": {
							"post": [0.01, 0, 0.525],
							"lerp_mode": "catmullrom"
						},
						"8.0667": {
							"post": [0, 0, 0],
							"lerp_mode": "catmullrom"
						}
					},
					"position": {
						"0.0": {
							"post": [0, 0, 0],
							"lerp_mode": "catmullrom"
						},
						"0.2": {
							"post": [-0.07, -1.25, -2],
							"lerp_mode": "catmullrom"
						},
						"0.3667": {
							"post": [0.05, 0, -2.475],
							"lerp_mode": "catmullrom"
						},
						"0.5": {
							"post": [-0.12, -0.34, -2.23],
							"lerp_mode": "catmullrom"
						},
						"0.7": {
							"post": [-0.135, -0.445, -2.24],
							"lerp_mode": "catmullrom"
						},
						"1.1667": {
							"post": [0, -0.05, -2.3],
							"lerp_mode": "catmullrom"
						},
						"1.4667": {
							"post": [-0.06, 0.08, -2.38],
							"lerp_mode": "catmullrom"
						},
						"1.7": {
							"post": [-0.05, 0.625, -2.575],
							"lerp_mode": "catmullrom"
						},
						"2.1667": {
							"post": [-0.02, 0.76, -2.75],
							"lerp_mode": "catmullrom"
						},
						"2.3": {
							"post": [-0.1, 0.47, -2.395],
							"lerp_mode": "catmullrom"
						},
						"2.6": {
							"post": [-1.075, -1.485, -0.295],
							"lerp_mode": "catmullrom"
						},
						"2.7667": {
							"post": [-1.02, -1.905, 0.035],
							"lerp_mode": "catmullrom"
						},
						"2.8667": {
							"post": [-0.97, -1.86, 0.03],
							"lerp_mode": "catmullrom"
						},
						"3.0": {
							"post": [-1, -1.75, 0.03],
							"lerp_mode": "catmullrom"
						},
						"3.2": {
							"post": [-1.275, -1.71, 0.03],
							"lerp_mode": "catmullrom"
						},
						"3.3667": {
							"post": [-1.905, -1.13, -0.1],
							"lerp_mode": "catmullrom"
						},
						"3.5": {
							"post": [-3.23, -1.68, -0.11],
							"lerp_mode": "catmullrom"
						},
						"3.7": {
							"post": [-3.95, -2.555, -0.1],
							"lerp_mode": "catmullrom"
						},
						"3.8667": {
							"post": [-4.36, -2.46, -0.1],
							"lerp_mode": "catmullrom"
						},
						"4.1": {
							"post": [-4.335, -2.345, -0.1],
							"lerp_mode": "catmullrom"
						},
						"4.3": {
							"post": [-4.47, -2.45, -0.1],
							"lerp_mode": "catmullrom"
						},
						"4.4667": {
							"post": [-4.48, -2.28, -0.1],
							"lerp_mode": "catmullrom"
						},
						"4.6": {
							"post": [-4.31, -2.215, -0.1],
							"lerp_mode": "catmullrom"
						},
						"4.8": {
							"post": [-3.65, -0.885, -0.1],
							"lerp_mode": "catmullrom"
						},
						"4.9667": {
							"post": [-3.575, -1.065, -0.15],
							"lerp_mode": "catmullrom"
						},
						"5.1": {
							"post": [-3.5, -1.36, -0.1],
							"lerp_mode": "catmullrom"
						},
						"5.1667": {
							"post": [-3.4, -2.035, 0.125],
							"lerp_mode": "catmullrom"
						},
						"5.2667": {
							"post": [-3.4, -1.98, 0.13],
							"lerp_mode": "catmullrom"
						},
						"5.4": {
							"post": [-3.4, -2.285, 0.125],
							"lerp_mode": "catmullrom"
						},
						"5.5667": {
							"post": [-2.25, -2.29, 0.48],
							"lerp_mode": "catmullrom"
						},
						"5.7": {
							"post": [-2.14, -2.92, 0.74],
							"lerp_mode": "catmullrom"
						},
						"5.8667": {
							"post": [-2.28, -2.55, 0.85],
							"lerp_mode": "catmullrom"
						},
						"5.9": {
							"post": [-2.3, -2.465, 0.955],
							"lerp_mode": "catmullrom"
						},
						"6.0": {
							"post": [-2.27, -2.38, 0.91],
							"lerp_mode": "catmullrom"
						},
						"6.1": {
							"post": [-2.26, -2.33, 0.9],
							"lerp_mode": "catmullrom"
						},
						"6.3667": {
							"post": [-2.19, -2.16, 0.63],
							"lerp_mode": "catmullrom"
						},
						"6.5": {
							"post": [-2.2, -2.14, 0.57],
							"lerp_mode": "catmullrom"
						},
						"6.7": {
							"post": [-2.21, -2.22, 0.535],
							"lerp_mode": "catmullrom"
						},
						"7.1": {
							"post": [-2.25, -2.16, 0.63],
							"lerp_mode": "catmullrom"
						},
						"7.1667": {
							"post": [-2.335, -2.005, 0.155],
							"lerp_mode": "catmullrom"
						},
						"7.2667": {
							"post": [-2.32, -2.555, 0.325],
							"lerp_mode": "catmullrom"
						},
						"7.3667": {
							"post": [-2, -1.85, 0],
							"lerp_mode": "catmullrom"
						},
						"7.4667": {
							"post": [-1.15, -0.48, -0.335],
							"lerp_mode": "catmullrom"
						},
						"7.6": {
							"post": [0, -0.825, -0.79766],
							"lerp_mode": "catmullrom"
						},
						"7.6667": {
							"post": [0.07, -0.54, 0.26016],
							"lerp_mode": "catmullrom"
						},
						"7.7": {
							"post": [0, -0.2, 0.49063],
							"lerp_mode": "catmullrom"
						},
						"7.8": {
							"post": [0, -0.1, -0.22109],
							"lerp_mode": "catmullrom"
						},
						"7.9": {
							"post": [0, 0, 0.03125],
							"lerp_mode": "catmullrom"
						},
						"8.0667": {
							"post": [0, 0, 0],
							"lerp_mode": "catmullrom"
						}
					}
				},
				"rh": {
					"rotation": [90.66963, 14.98539, -177.41193],
					"position": [-9.70679, -4.25, 23.66921],
					"scale": [1, 1.5, 1]
				},
				"bone2": {
					"position": {
						"5.9667": [0, 0, 0],
						"6.0667": [0, 0, 2],
						"6.9667": [0, 0, 2],
						"7.1": [0, 0, 0]
					}
				},
				"lf_and_mag": {
					"rotation": {
						"2.9": [0, 0, 0],
						"3.0": [0, 0, 0],
						"3.2": [0, 0, 0],
						"3.3667": {
							"pre": [0, 0, 0],
							"post": [0, 0, 0],
							"lerp_mode": "catmullrom"
						},
						"3.5667": {
							"post": [-0.90904, -6.80041, 0.13291],
							"lerp_mode": "catmullrom"
						},
						"3.7667": {
							"post": [-5.57883, -11.04972, 3.16753],
							"lerp_mode": "catmullrom"
						},
						"4.1": {
							"post": [-8.72535, -7.91594, 6.76449],
							"lerp_mode": "catmullrom"
						},
						"4.3": {
							"post": [-9.3, -6.79, 1.4],
							"lerp_mode": "catmullrom"
						},
						"4.4333": {
							"post": [-5.64649, -8.78819, -14.22248],
							"lerp_mode": "catmullrom"
						},
						"4.6": {
							"post": [-2.52626, -7.58991, -16.82727],
							"lerp_mode": "catmullrom"
						},
						"4.7667": [0, 0, 0],
						"4.8": [0, 0, 0],
						"4.9667": [-2, 0, 0],
						"5.0667": [-2, 0, 0],
						"5.1": [0, 0, 0],
						"5.1667": [0, 0, 0],
						"5.4": [0, 0, 0]
					},
					"position": {
						"2.9": [0, 0, 0],
						"3.0": [0, -1.77, 0.7],
						"3.2": [0, -1.77, 0.7],
						"3.3667": {
							"pre": [-0.06746, -5.22815, 2.11691],
							"post": [-0.06746, -5.22815, 2.11691],
							"lerp_mode": "catmullrom"
						},
						"3.5": {
							"post": [0.34734, -9.32727, 1.81573],
							"lerp_mode": "catmullrom"
						},
						"3.6667": {
							"post": [4.55678, -5.14159, 2.26016],
							"lerp_mode": "catmullrom"
						},
						"3.8": {
							"post": [5.7, -4.2, 1.8],
							"lerp_mode": "catmullrom"
						},
						"4.0": {
							"post": [5.71031, -3.96353, 1.7149],
							"lerp_mode": "catmullrom"
						},
						"4.3": {
							"post": [5.7, -4.2, 1.8],
							"lerp_mode": "catmullrom"
						},
						"4.4333": {
							"post": [4.07, -5.07, 1.89],
							"lerp_mode": "catmullrom"
						},
						"4.6": {
							"post": [2.44, -5.93, 1.97],
							"lerp_mode": "catmullrom"
						},
						"4.7667": [0, -5.225, 1.35],
						"4.8": [0, -5.225, 1.35],
						"4.9": [0, -5.42, 1.65],
						"4.9667": [0, -5.275, 1.625],
						"5.0667": [0, -3.4, 1.15],
						"5.1": [0, -3.4, 1.15],
						"5.1667": [0, 0, 0],
						"5.4": [0, 0, 0]
					}
				},
				"lh": {
					"rotation": {
						"0.0": {
							"post": [104.41741, -8.06723, -198.01172],
							"lerp_mode": "catmullrom"
						},
						"0.4": {
							"post": [25.92866, -44.31792, -141.49201],
							"lerp_mode": "catmullrom"
						},
						"2.1333": {
							"post": [25.92866, -44.31792, -141.49201],
							"lerp_mode": "catmullrom"
						},
						"2.4": {
							"post": [92.43286, -42.35775, -144.3706],
							"lerp_mode": "catmullrom"
						},
						"2.6": [120.62851, -8.48775, -193.60482],
						"2.7": [121.50104, -15.34359, -197.8213],
						"2.8": [120.99754, -11.92351, -195.6864],
						"2.9": [120.99754, -11.92351, -195.6864],
						"3.1667": [120.99754, -11.92351, -195.6864],
						"4.2667": [120.99754, -11.92351, -195.6864],
						"5.2": [120.99754, -11.92351, -195.6864],
						"5.4": [78.86829, -31.18798, -110.80756],
						"5.5": [88.77, -23.12, -163.8],
						"5.7": [108.58605, -6.97365, -269.78512],
						"5.8": [108.76, -10.13, -270.87],
						"5.9": [121.85017, -11.70952, -271.41079],
						"6.0667": [102.15901, -4.63996, -264.07389],
						"6.2": [102.32677, -5.76406, -267.14413],
						"6.4": [102.77379, -9.17631, -271.61444],
						"6.6": [102.55799, -10.57765, -270.2093],
						"6.8": [102.60707, -9.9852, -270.22552],
						"7.0667": [102.60707, -9.9852, -270.22552],
						"7.1": [104.56523, -14.27253, -297.23365],
						"7.2": [125.39192, 4.89155, -293.89495],
						"7.4667": [104.41741, -8.06723, -198.01172]
					},
					"position": {
						"0.0": {
							"post": [8, -10.3, 6.7],
							"lerp_mode": "catmullrom"
						},
						"0.4": {
							"post": [-8.22, -32.01, 15.62],
							"lerp_mode": "catmullrom"
						},
						"2.1333": {
							"post": [-8.22, -32.01, 15.62],
							"lerp_mode": "catmullrom"
						},
						"2.4": {
							"post": [9.64611, -20.50474, 7.64554],
							"lerp_mode": "catmullrom"
						},
						"2.6": [7.14105, -11.98283, 8.25964],
						"3.1667": [7.14105, -11.98283, 8.25964],
						"4.2667": [7.14105, -11.98283, 8.25964],
						"5.2": [7.14105, -11.98283, 8.25964],
						"5.4": [7.36853, -14.25859, -3.31945],
						"5.5": [9.43521, -10.3576, -4.94356],
						"5.6": [9.2, -6.8, 4],
						"5.7": [9.2, -6.8, 4],
						"5.8667": [9.2, -6.8, 4],
						"5.9667": [9.2, -6.8, 4],
						"6.0667": [9.2, -6.8, 6],
						"6.9667": [9.2, -6.8, 6],
						"7.0667": [9.2, -6.8, 2],
						"7.1": [10.6, -6.2, 0.53],
						"7.2": [11.60858, -6.40018, 1.04725],
						"7.3667": [11.08315, -8.40382, 4.07685],
						"7.4667": [8, -10.3, 6.7]
					},
					"scale": {
						"0.0": {
							"post": [1, 1.5, 1],
							"lerp_mode": "catmullrom"
						},
						"7.4667": [1, 1.5, 1]
					}
				},
				"camera": {
					"rotation": {
						"0.0": {
							"post": [0, 0, 0],
							"lerp_mode": "catmullrom"
						},
						"0.4667": {
							"post": [2.375, 0.3, -0.4],
							"lerp_mode": "catmullrom"
						},
						"0.6667": {
							"post": [3.085, 0.37, -0.23],
							"lerp_mode": "catmullrom"
						},
						"0.9": {
							"post": [3, 0.4, -0.5],
							"lerp_mode": "catmullrom"
						},
						"1.4": {
							"post": [3.175, 0.4, -0.5],
							"lerp_mode": "catmullrom"
						},
						"1.9": {
							"post": [0.5, -0.8, -0.7],
							"lerp_mode": "catmullrom"
						},
						"2.3": {
							"post": [-0.7, -0.7, -0.7],
							"lerp_mode": "catmullrom"
						},
						"2.6667": {
							"post": [1.1, 0.425, -0.4],
							"lerp_mode": "catmullrom"
						},
						"2.7667": {
							"post": [1.4, 0.51, -0.09],
							"lerp_mode": "catmullrom"
						},
						"2.8667": {
							"post": [1.44, 0.46, -0.32],
							"lerp_mode": "catmullrom"
						},
						"3.2": {
							"post": [1.5, 0.26, -0.17],
							"lerp_mode": "catmullrom"
						},
						"3.3667": {
							"post": [2.8, 0.05, -1.55],
							"lerp_mode": "catmullrom"
						},
						"3.5667": {
							"post": [2.895, -0.55, -1.415],
							"lerp_mode": "catmullrom"
						},
						"3.8": {
							"post": [4.125, -1.3, -1.6],
							"lerp_mode": "catmullrom"
						},
						"4.2667": {
							"post": [4.315, -1.34, -1.54],
							"lerp_mode": "catmullrom"
						},
						"4.4": {
							"post": [3.235, -1.19, -1.45],
							"lerp_mode": "catmullrom"
						},
						"4.6": {
							"post": [0.6, -0.4, -0.6],
							"lerp_mode": "catmullrom"
						},
						"4.7": {
							"post": [0.325, -0.17, 0.045],
							"lerp_mode": "catmullrom"
						},
						"4.8": {
							"post": [0.11, 0.02, -0.17],
							"lerp_mode": "catmullrom"
						},
						"4.9667": {
							"post": [-0.2, 0.3, 0],
							"lerp_mode": "catmullrom"
						},
						"5.1": {
							"post": [-0.18, 0.31, -0.12],
							"lerp_mode": "catmullrom"
						},
						"5.1667": {
							"post": [0.825, 0.3, -1.01],
							"lerp_mode": "catmullrom"
						},
						"5.2667": {
							"post": [-0.23, 0.26, 0.475],
							"lerp_mode": "catmullrom"
						},
						"5.3667": {
							"post": [-0.48, 0.24, -0.42],
							"lerp_mode": "catmullrom"
						},
						"5.5": {
							"post": [0.4, 0.3, -0.4],
							"lerp_mode": "catmullrom"
						},
						"5.7667": {
							"post": [2.36, 0.98, 1.24],
							"lerp_mode": "catmullrom"
						},
						"5.8667": {
							"post": [3.2, 1.2, 1.875],
							"lerp_mode": "catmullrom"
						},
						"6.1": {
							"post": [3.6, 1.2, 2.275],
							"lerp_mode": "catmullrom"
						},
						"6.2667": {
							"post": [4.41, 1.13, 2.88],
							"lerp_mode": "catmullrom"
						},
						"6.6667": {
							"post": [5, 0.9, 1.8],
							"lerp_mode": "catmullrom"
						},
						"7.3667": {
							"post": [2.805, 0.52, 1],
							"lerp_mode": "catmullrom"
						},
						"7.5667": {
							"post": [-0.1, 0, -0.3],
							"lerp_mode": "catmullrom"
						},
						"7.6667": {
							"post": [0.575, 0, 0.775],
							"lerp_mode": "catmullrom"
						},
						"7.7667": {
							"post": [-0.1, 0, -0.325],
							"lerp_mode": "catmullrom"
						},
						"7.9": {
							"post": [0.00156, 0, 0.03516],
							"lerp_mode": "catmullrom"
						},
						"8.1667": {
							"post": [-0.1, 0, 0],
							"lerp_mode": "catmullrom"
						}
					}
				}
			},
			"sound_effects": {
				"0.1667": {
					"effect": "tacz:victor45/victor_inspect_raise"
				},
				"1.4": {
					"effect": "tacz:victor45/victor_inspect_moveclose"
				},
				"2.2333": {
					"effect": "tacz:victor45/victor_inspect_lower"
				},
				"2.8667": {
					"effect": "tacz:victor45/victor_inspect_magout"
				},
				"4.1667": {
					"effect": "tacz:victor45/victor_inspect_mvmnt"
				},
				"4.7": {
					"effect": "tacz:victor45/victor_inspect_maghit"
				},
				"5.1": {
					"effect": "tacz:victor45/victor_inspect_magin"
				},
				"5.4667": {
					"effect": "tacz:victor45/victor_inspect_rotate"
				},
				"6.0": {
					"effect": "tacz:victor45/victor_inspect_boltpull"
				},
				"7.0": {
					"effect": "tacz:victor45/victor_inspect_boltrelease"
				},
				"7.1": {
					"effect": "tacz:victor45/victor_inspect_end"
				}
			}
		},
		"shoot": {
			"animation_length": 0.5,
			"bones": {
				"root": {
					"rotation": {
						"0.0": {
							"post": [0, 0, 0],
							"lerp_mode": "catmullrom"
						},
						"0.0417": {
							"post": [0.16986, -0.11208, 2.14881],
							"lerp_mode": "catmullrom"
						},
						"0.0833": {
							"post": [-0.99135, 0.12866, 1.12246],
							"lerp_mode": "catmullrom"
						},
						"0.1667": {
							"post": [0.77838, 0.0674, -0.52417],
							"lerp_mode": "catmullrom"
						},
						"0.25": {
							"post": [0.27498, -0.0036, 0.17499],
							"lerp_mode": "catmullrom"
						},
						"0.375": {
							"post": [0.425, -0.2, 0.525],
							"lerp_mode": "catmullrom"
						},
						"0.5": {
							"post": [-0.07, -0.075, -0.05],
							"lerp_mode": "catmullrom"
						},
						"0.625": {
							"post": [0, 0, 0],
							"lerp_mode": "catmullrom"
						}
					},
					"position": {
						"0.0": {
							"post": [0, 0, 0],
							"lerp_mode": "catmullrom"
						},
						"0.0417": {
							"post": [0, -0.025, 1.7],
							"lerp_mode": "catmullrom"
						},
						"0.0833": {
							"post": [0, -0.075, 1.555],
							"lerp_mode": "catmullrom"
						},
						"0.1667": {
							"post": [0, -0.175, -0.12],
							"lerp_mode": "catmullrom"
						},
						"0.25": {
							"post": [0, -0.025, 0.1],
							"lerp_mode": "catmullrom"
						},
						"0.375": {
							"post": [0, 0, 0],
							"lerp_mode": "catmullrom"
						}
					}
				},
				"bone2": {
					"position": {
						"0.0": [0, 0, 0],
						"0.0417": [0, 0, 1.6875],
						"0.0833": [0, 0, 0]
					}
				},
				"camera": {
					"rotation": {
						"0.0": {
							"post": [0, 0, 0],
							"lerp_mode": "catmullrom"
						},
						"0.0417": {
							"post": [0, 0, 0.425],
							"lerp_mode": "catmullrom"
						},
						"0.0833": {
							"post": [0, 0, -0.25],
							"lerp_mode": "catmullrom"
						},
						"0.125": {
							"post": [0, 0, 0.225],
							"lerp_mode": "catmullrom"
						},
						"0.2083": {
							"post": [0, 0, -0.125],
							"lerp_mode": "catmullrom"
						},
						"0.25": {
							"post": [0, 0, 0.05],
							"lerp_mode": "catmullrom"
						},
						"0.3333": {
							"post": [0, 0, 0],
							"lerp_mode": "catmullrom"
						}
					}
				}
			}
		},
		"reload_empty": {
			"animation_length": 1.75,
			"bones": {
				"lh": {
					"rotation": {
						"0.0": [104.41741, -8.06723, -198.01172],
						"1.5": [104.41741, -8.06723, -198.01172]
					},
					"position": {
						"0.0": [8, -10.3, 6.7],
						"0.25": [7, -10.3, 3.7],
						"1.125": [7, -10.3, 3.7],
						"1.5": [8, -10.3, 6.7]
					},
					"scale": {
						"0.0": [1, 1.5, 1],
						"1.5": [1, 1.5, 1]
					}
				},
				"rh": {
					"rotation": [90.66963, 14.98539, -177.41193],
					"position": [-9.70679, -4.25, 23.66921],
					"scale": [1, 1.5, 1]
				},
				"root": {
					"rotation": {
						"0.0": {
							"post": [0, 0, 0],
							"lerp_mode": "catmullrom"
						},
						"0.375": {
							"post": [-10.9412, -1.14284, -27.89055],
							"lerp_mode": "catmullrom"
						},
						"0.5417": {
							"post": [-14.82934, -2.17077, -31.75788],
							"lerp_mode": "catmullrom"
						},
						"0.75": {
							"post": [-10.9412, -1.14284, -27.89055],
							"lerp_mode": "catmullrom"
						},
						"0.9583": {
							"post": [-10.9412, -1.14284, -27.89055],
							"lerp_mode": "catmullrom"
						},
						"1.0": {
							"post": [-14.9412, -1.14284, -27.89055],
							"lerp_mode": "catmullrom"
						},
						"1.1667": {
							"post": [-10.9412, -1.14284, -27.89055],
							"lerp_mode": "catmullrom"
						},
						"1.375": {
							"post": [0, 0, 0],
							"lerp_mode": "catmullrom"
						},
						"1.75": {
							"post": [0, 0, 0],
							"lerp_mode": "catmullrom"
						}
					},
					"position": {
						"0.0": {
							"post": [0, 0, 0],
							"lerp_mode": "catmullrom"
						},
						"0.375": {
							"post": [-1.61514, 3.99762, -0.56265],
							"lerp_mode": "catmullrom"
						},
						"0.5417": {
							"post": [-1.91084, 4.45948, -0.41614],
							"lerp_mode": "catmullrom"
						},
						"0.75": {
							"post": [-1.61514, 3.99762, -0.56265],
							"lerp_mode": "catmullrom"
						},
						"0.9583": {
							"post": [-1.61514, 3.99762, -0.56265],
							"lerp_mode": "catmullrom"
						},
						"1.0": {
							"post": [-2.08263, 4.86601, -0.37024],
							"lerp_mode": "catmullrom"
						},
						"1.1667": {
							"post": [-1.61514, 3.99762, -0.56265],
							"lerp_mode": "catmullrom"
						},
						"1.375": {
							"post": [0, 0, 0],
							"lerp_mode": "catmullrom"
						},
						"1.75": {
							"post": [0, 0, 0],
							"lerp_mode": "catmullrom"
						}
					}
				},
				"additional_magazine": {
					"rotation": {
						"0.0": [0, 0, 0],
						"0.375": [0, 0, 0],
						"0.5417": {
							"pre": [-45, 0, 0],
							"post": [-45, 0, 0],
							"lerp_mode": "catmullrom"
						},
						"0.75": {
							"post": [-93, 0, 0],
							"lerp_mode": "catmullrom"
						},
						"1.75": {
							"post": [0, 0, 0],
							"lerp_mode": "catmullrom"
						}
					},
					"position": {
						"0.0": [0, 0, 0],
						"0.375": [0, 0, 0],
						"0.5417": {
							"pre": [0.8125, -8.52144, -8.11407],
							"post": [0.8125, -8.52144, -8.11407],
							"lerp_mode": "catmullrom"
						},
						"0.75": {
							"post": [0, -29.31831, -14.81522],
							"lerp_mode": "catmullrom"
						},
						"1.75": {
							"post": [0, 0, 0],
							"lerp_mode": "catmullrom"
						}
					},
					"scale": {
						"0.0": [1, 1, 1],
						"0.75": [1, 1, 1],
						"0.7917": [0, 0, 0],
						"1.7083": [0, 0, 0],
						"1.75": [1, 1, 1]
					}
				},
				"lf_and_mag": {
					"rotation": {
						"0.0": {
							"post": [0, 0, 0],
							"lerp_mode": "catmullrom"
						},
						"0.1667": {
							"post": [24, 0, 0],
							"lerp_mode": "catmullrom"
						},
						"0.3333": {
							"post": [-69.74946, -21.91786, -9.82227],
							"lerp_mode": "catmullrom"
						},
						"0.4583": {
							"post": [-28.74946, -21.91786, -9.82227],
							"lerp_mode": "catmullrom"
						},
						"0.5833": {
							"post": [-28.74946, -21.91786, -9.82227],
							"lerp_mode": "catmullrom"
						},
						"0.875": {
							"post": [3.25054, -21.91786, -9.82227],
							"lerp_mode": "catmullrom"
						},
						"1.0": {
							"post": [0, 0, 0],
							"lerp_mode": "catmullrom"
						}
					},
					"position": {
						"0.0": {
							"post": [0, 0, 0],
							"lerp_mode": "catmullrom"
						},
						"0.1667": {
							"post": [0, -20.59151, 3.68605],
							"lerp_mode": "catmullrom"
						},
						"0.3333": {
							"post": [-0.39708, 4.80546, 10.06584],
							"lerp_mode": "catmullrom"
						},
						"0.4583": {
							"post": [3.01324, 0.33143, 3.58871],
							"lerp_mode": "catmullrom"
						},
						"0.5833": {
							"post": [3.01324, 0.33143, 3.58871],
							"lerp_mode": "catmullrom"
						},
						"0.875": {
							"post": [4.16331, -11.11662, 5.61069],
							"lerp_mode": "catmullrom"
						},
						"1.0": {
							"post": [0, 0, 0],
							"lerp_mode": "catmullrom"
						}
					}
				},
				"lefthand_pos": {
					"rotation": {
						"0.0": [0, 0, 0],
						"1.5": [0, 0, 0]
					},
					"position": {
						"0.0": [0, 0, 0],
						"0.2917": [2.8125, -4.4375, 2.5],
						"1.125": [2.8125, -4.4375, 2.5],
						"1.5": [0, 0, 0]
					}
				},
				"bone2": {
					"position": {
						"0.0": [0, 0, 0],
						"0.125": [0, 0, 1.6875],
						"1.0833": [0, 0, 1.6875],
						"1.2083": [0, 0, 0]
					}
				},
				"magazine": {
					"rotation": [0, 0, 0],
					"position": [0, 0, 0],
					"scale": {
						"0.0": [0, 0, 0],
						"0.2083": [0, 0, 0],
						"0.25": [1, 1, 1]
					}
				},
				"camera": {
					"rotation": {
						"0.0": {
							"post": [0, 0, 0],
							"lerp_mode": "catmullrom"
						},
						"0.3333": {
							"post": [0, 5, 0],
							"lerp_mode": "catmullrom"
						},
						"0.4583": {
							"post": [0, 5, 0],
							"lerp_mode": "catmullrom"
						},
						"0.5417": {
							"post": [-1.904, 5, 0],
							"lerp_mode": "catmullrom"
						},
						"0.75": {
							"post": [0, 5, 0],
							"lerp_mode": "catmullrom"
						},
						"0.9167": {
							"post": [0, 5, 0],
							"lerp_mode": "catmullrom"
						},
						"1.0": {
							"post": [0, 5, 0],
							"lerp_mode": "catmullrom"
						},
						"1.0833": {
							"post": [-3, 5, 0],
							"lerp_mode": "catmullrom"
						},
						"1.25": {
							"post": [0, 0, 0],
							"lerp_mode": "catmullrom"
						},
						"1.75": {
							"post": [0, 0, 0],
							"lerp_mode": "catmullrom"
						}
					}
				}
			}
		}
	}
}