{
	"format_version": "1.8.0",
	"animations": {
		"reload_tactical": {
			"animation_length": 1.0833,
			"bones": {
				"root": {
					"rotation": {
						"0.0": {
							"post": [0, 0, 0],
							"lerp_mode": "catmullrom"
						},
						"0.1667": {
							"post": [-7.73076, 2.06428, 14.86051],
							"lerp_mode": "catmullrom"
						},
						"0.2917": {
							"post": [10.26924, 2.06428, 14.86051],
							"lerp_mode": "catmullrom"
						},
						"0.375": {
							"post": [-7.73076, 2.06428, 14.86051],
							"lerp_mode": "catmullrom"
						},
						"0.5": {
							"post": [-7.73076, 2.06428, 14.86051],
							"lerp_mode": "catmullrom"
						},
						"0.625": {
							"post": [-20.73076, 2.06428, 14.86051],
							"lerp_mode": "catmullrom"
						},
						"0.7083": {
							"post": [-27.73076, 2.06428, 14.86051],
							"lerp_mode": "catmullrom"
						},
						"0.875": {
							"post": [3.98483, -0.34834, -4.01212],
							"lerp_mode": "catmullrom"
						},
						"1.0833": {
							"post": [0, 0, 0],
							"lerp_mode": "catmullrom"
						}
					},
					"position": {
						"0.0": {
							"post": [0, 0, 0],
							"lerp_mode": "catmullrom"
						},
						"0.1667": {
							"post": [0.16176, 0.59783, 0.08402],
							"lerp_mode": "catmullrom"
						},
						"0.625": {
							"post": [0.25457, 0.93776, 0.21266],
							"lerp_mode": "catmullrom"
						},
						"0.7083": {
							"post": [0.25457, 0.93776, 0.21266],
							"lerp_mode": "catmullrom"
						},
						"0.875": {
							"post": [0, 0, 0],
							"lerp_mode": "catmullrom"
						},
						"1.0833": {
							"post": [0, 0, 0],
							"lerp_mode": "catmullrom"
						}
					}
				},
				"qt": {
					"rotation": {
						"0.0833": [0, 0, 0],
						"0.2083": [-67, 0, 0],
						"0.4167": [-67, 0, 0],
						"0.5": [0, 0, 0]
					},
					"position": [0, 0, 0]
				},
				"bullet2": {
					"rotation": {
						"0.1667": [0, 0, 0],
						"0.2083": [11, -17, 0],
						"0.3333": [93, -53, 0],
						"0.4167": [166.93196, -34.66537, -7.02597],
						"0.5417": [226.93196, -34.66537, -7.02597],
						"0.625": [0, 0, 0]
					},
					"position": {
						"0.1667": [0, 0, 0],
						"0.2083": [0.4878, -0.26064, -5.47052],
						"0.3333": [5.34771, 0.21147, -5.94333],
						"0.4167": [7.63421, -5.99981, -8.11989],
						"0.5417": [7.18973, -13.49737, -6.14979],
						"0.625": [0, 0, 0]
					},
					"scale": {
						"0.5417": [1, 1, 1],
						"0.5833": [0, 0, 0],
						"0.625": [1, 1, 1]
					}
				},
				"bullet": {
					"rotation": {
						"0.1667": [0, 0, 0],
						"0.2083": [0, 14, 0],
						"0.3333": [47, 40, 0],
						"0.4167": [155.33762, 64.42566, 118.76375],
						"0.5417": [169.61307, -2.46395, 141.71303],
						"0.625": [0, 0, 0]
					},
					"position": {
						"0.1667": [0, 0, 0],
						"0.2083": [-0.35382, 0.125, -4.47958],
						"0.3333": [-2.33556, -1.05553, -6.22342],
						"0.4167": [-9.19069, -8.09047, -6.51054],
						"0.5417": [-14.01063, -14.94619, 0.18977],
						"0.625": [0, 0, 0]
					},
					"scale": {
						"0.5417": [1, 1, 1],
						"0.5833": [0, 0, 0],
						"0.625": [1, 1, 1]
					}
				},
				"mags": {
					"rotation": {
						"0.0": [0, 0, 0],
						"0.75": [0, 0, 0]
					},
					"position": {
						"0.0": [0, 0, 0],
						"0.75": [0, 0, 0]
					}
				},
				"lh": {
					"rotation": {
						"0.0": {
							"post": [86.73471, -34.66913, 194.07147],
							"lerp_mode": "catmullrom"
						},
						"0.0417": {
							"post": [112.35954, -1.58228, 180.58001],
							"lerp_mode": "catmullrom"
						},
						"0.0833": {
							"post": [114.004, -37.0219, 174.20495],
							"lerp_mode": "catmullrom"
						},
						"0.125": {
							"post": [99.11947, -25.74048, 177.89038],
							"lerp_mode": "catmullrom"
						},
						"0.2083": {
							"post": [34.41325, 10.42957, 155.1953],
							"lerp_mode": "catmullrom"
						},
						"0.25": {
							"post": [4.54081, 18.48194, 141.07529],
							"lerp_mode": "catmullrom"
						},
						"0.375": {
							"post": [119.2221, 36.65371, 91.93658],
							"lerp_mode": "catmullrom"
						},
						"0.5": {
							"post": [142.67077, 28.87202, 78.06286],
							"lerp_mode": "catmullrom"
						},
						"0.5417": {
							"post": [140.61, 25.33, 83.55],
							"lerp_mode": "catmullrom"
						},
						"0.75": {
							"post": [86.73471, -34.66913, 194.07147],
							"lerp_mode": "catmullrom"
						}
					},
					"position": {
						"0.0": {
							"post": [16.81291, -0.14752, 8.72422],
							"lerp_mode": "catmullrom"
						},
						"0.0417": {
							"post": [15.79674, 1.43737, 6.70785],
							"lerp_mode": "catmullrom"
						},
						"0.0833": {
							"post": [17.9663, 3.1121, 4.64745],
							"lerp_mode": "catmullrom"
						},
						"0.2083": {
							"post": [14.6, 6.06, -2.7],
							"lerp_mode": "catmullrom"
						},
						"0.3333": {
							"post": [18.37706, 9.0264, -2.34142],
							"lerp_mode": "catmullrom"
						},
						"0.4583": {
							"post": [19.39982, 6.34398, 5.95848],
							"lerp_mode": "catmullrom"
						},
						"0.5417": {
							"post": [21.74004, 8.13869, 2.93488],
							"lerp_mode": "catmullrom"
						},
						"0.75": {
							"post": [16.81291, -0.14752, 8.72422],
							"lerp_mode": "catmullrom"
						}
					},
					"scale": {
						"0.0": {
							"post": [1, 1.5, 1],
							"lerp_mode": "catmullrom"
						},
						"0.75": {
							"post": [1, 1.5, 1],
							"lerp_mode": "catmullrom"
						}
					}
				},
				"rh": {
					"rotation": {
						"0.0": {
							"post": [90, 22.5, -180],
							"lerp_mode": "catmullrom"
						}
					},
					"position": {
						"0.0": {
							"post": [-12.87992, 1, 20.64238],
							"lerp_mode": "catmullrom"
						}
					},
					"scale": {
						"0.0": {
							"post": [1, 1.5, 1],
							"lerp_mode": "catmullrom"
						}
					}
				},
				"camera": {
					"rotation": {
						"0.0": {
							"post": [0, 0, 0],
							"lerp_mode": "catmullrom"
						},
						"0.1667": {
							"post": [0, 0, 0],
							"lerp_mode": "catmullrom"
						},
						"0.25": {
							"post": [7.92313, -1.10984, 7.92314],
							"lerp_mode": "catmullrom"
						},
						"0.3333": {
							"post": [0, 0, -2],
							"lerp_mode": "catmullrom"
						},
						"0.5": {
							"post": [0, 0, 0],
							"lerp_mode": "catmullrom"
						},
						"0.6667": {
							"post": [-6.98469, -0.54984, -0.9105],
							"lerp_mode": "catmullrom"
						},
						"0.7917": {
							"post": [0, 0, 0],
							"lerp_mode": "catmullrom"
						},
						"0.875": {
							"post": [1, 0, 0],
							"lerp_mode": "catmullrom"
						},
						"0.9583": {
							"post": [-1, 0, 0],
							"lerp_mode": "catmullrom"
						},
						"1.0833": {
							"post": [0, 0, 0],
							"lerp_mode": "catmullrom"
						}
					},
					"position": {
						"0.0": {
							"post": [0, 0, 0],
							"lerp_mode": "catmullrom"
						},
						"0.1667": {
							"post": [0, 0, 0],
							"lerp_mode": "catmullrom"
						},
						"0.25": {
							"post": [0, -0.93908, 0.95246],
							"lerp_mode": "catmullrom"
						},
						"0.3333": {
							"post": [0, 0, 0],
							"lerp_mode": "catmullrom"
						},
						"0.5": {
							"post": [0, 0, 0],
							"lerp_mode": "catmullrom"
						},
						"0.7917": {
							"post": [0, 0, 0],
							"lerp_mode": "catmullrom"
						}
					}
				}
			}
		},
		"shoot": {
			"animation_length": 1.1667,
			"bones": {
				"root": {
					"rotation": {
						"0.0": [3.73, 0, 5.45],
						"0.0833": [-21.69, 0, -7.64],
						"0.1667": [-15.07, 0, -5.47],
						"0.25": [-12.04, 0.43, -2.42],
						"0.3333": [-1.67, -0.69, -1.69],
						"0.4167": [1.96, 0.22, 0.9],
						"0.5": [1.79, -0.24, 0.83],
						"0.5833": [-0.04, -0.96, -0.42],
						"0.6667": [0.14, -0.57, -0.38],
						"0.75": [0.56, -0.13, -0.12],
						"0.8333": [0.72, 0.07, 0.53],
						"0.9167": [0.43, 0.04, 0.71],
						"1.0": [-0.22, 0, 0.45],
						"1.0833": [-0.16, 0, 0.21],
						"1.1667": [0, 0, 0]
					},
					"position": {
						"0.0": [0, -0.16, 5.23],
						"0.0833": [0, -0.82, 4.34],
						"0.1667": [0, -0.6, 2.85],
						"0.25": [0, -0.46, 1.82],
						"0.3333": [0, -0.29, 0.69],
						"0.4167": [0, -0.21, 0.39],
						"0.5": [0, -0.09, 0.03],
						"0.5833": [0, -0.04, -0.12],
						"0.6667": [0, 0, -0.07],
						"0.75": [0, 0, 0.03],
						"0.8333": [0, 0, 0.02],
						"0.9167": [0, 0, 0],
						"1.0": [0, 0, 0],
						"1.0833": [0, 0, 0],
						"1.1667": [0, 0, 0]
					}
				},
				"camera": {
					"rotation": {
						"0.0": [0, 0, 2.98],
						"0.0833": [0, 0, -1.77],
						"0.1667": [0, 0, 1.45],
						"0.25": [0, 0, 0.8],
						"0.3333": [0, 0, -0.24],
						"0.4167": [0, 0, -0.02],
						"0.5": [0, 0, 0.2],
						"0.5833": [0, 0, 0.15],
						"0.6667": [0, 0, 0.02],
						"0.75": [0, 0, 0]
					}
				}
			}
		},
		"reload_empty": {
			"animation_length": 1.0833,
			"bones": {
				"root": {
					"rotation": {
						"0.0": {
							"post": [0, 0, 0],
							"lerp_mode": "catmullrom"
						},
						"0.1667": {
							"post": [-7.73076, 2.06428, 14.86051],
							"lerp_mode": "catmullrom"
						},
						"0.2917": {
							"post": [10.26924, 2.06428, 14.86051],
							"lerp_mode": "catmullrom"
						},
						"0.375": {
							"post": [-7.73076, 2.06428, 14.86051],
							"lerp_mode": "catmullrom"
						},
						"0.5": {
							"post": [-7.73076, 2.06428, 14.86051],
							"lerp_mode": "catmullrom"
						},
						"0.625": {
							"post": [-20.73076, 2.06428, 14.86051],
							"lerp_mode": "catmullrom"
						},
						"0.7083": {
							"post": [-27.73076, 2.06428, 14.86051],
							"lerp_mode": "catmullrom"
						},
						"0.875": {
							"post": [3.98483, -0.34834, -4.01212],
							"lerp_mode": "catmullrom"
						},
						"1.0833": {
							"post": [0, 0, 0],
							"lerp_mode": "catmullrom"
						}
					},
					"position": {
						"0.0": {
							"post": [0, 0, 0],
							"lerp_mode": "catmullrom"
						},
						"0.1667": {
							"post": [0.16176, 0.59783, 0.08402],
							"lerp_mode": "catmullrom"
						},
						"0.625": {
							"post": [0.25457, 0.93776, 0.21266],
							"lerp_mode": "catmullrom"
						},
						"0.7083": {
							"post": [0.25457, 0.93776, 0.21266],
							"lerp_mode": "catmullrom"
						},
						"0.875": {
							"post": [0, 0, 0],
							"lerp_mode": "catmullrom"
						},
						"1.0833": {
							"post": [0, 0, 0],
							"lerp_mode": "catmullrom"
						}
					}
				},
				"qt": {
					"rotation": {
						"0.0833": [0, 0, 0],
						"0.2083": [-67, 0, 0],
						"0.4167": [-67, 0, 0],
						"0.5": [0, 0, 0]
					},
					"position": [0, 0, 0]
				},
				"bullet2": {
					"rotation": {
						"0.1667": [0, 0, 0],
						"0.2083": [11, -17, 0],
						"0.3333": [93, -53, 0],
						"0.4167": [166.93196, -34.66537, -7.02597],
						"0.5417": [226.93196, -34.66537, -7.02597],
						"0.625": [0, 0, 0]
					},
					"position": {
						"0.1667": [0, 0, 0],
						"0.2083": [0.4878, -0.26064, -5.47052],
						"0.3333": [5.34771, 0.21147, -5.94333],
						"0.4167": [7.63421, -5.99981, -8.11989],
						"0.5417": [7.18973, -13.49737, -6.14979],
						"0.625": [0, 0, 0]
					},
					"scale": {
						"0.5417": [1, 1, 1],
						"0.5833": [0, 0, 0],
						"0.625": [1, 1, 1]
					}
				},
				"bullet": {
					"rotation": {
						"0.1667": [0, 0, 0],
						"0.2083": [0, 14, 0],
						"0.3333": [47, 40, 0],
						"0.4167": [155.33762, 64.42566, 118.76375],
						"0.5417": [169.61307, -2.46395, 141.71303],
						"0.625": [0, 0, 0]
					},
					"position": {
						"0.1667": [0, 0, 0],
						"0.2083": [-0.35382, 0.125, -4.47958],
						"0.3333": [-2.33556, -1.05553, -6.22342],
						"0.4167": [-9.19069, -8.09047, -6.51054],
						"0.5417": [-14.01063, -14.94619, 0.18977],
						"0.625": [0, 0, 0]
					},
					"scale": {
						"0.5417": [1, 1, 1],
						"0.5833": [0, 0, 0],
						"0.625": [1, 1, 1]
					}
				},
				"camera": {
					"rotation": {
						"0.0": {
							"post": [0, 0, 0],
							"lerp_mode": "catmullrom"
						},
						"0.1667": {
							"post": [0, 0, 0],
							"lerp_mode": "catmullrom"
						},
						"0.25": {
							"post": [7.92313, -1.10984, 7.92314],
							"lerp_mode": "catmullrom"
						},
						"0.3333": {
							"post": [0, 0, -2],
							"lerp_mode": "catmullrom"
						},
						"0.5": {
							"post": [0, 0, 0],
							"lerp_mode": "catmullrom"
						},
						"0.6667": {
							"post": [-6.98469, -0.54984, -0.9105],
							"lerp_mode": "catmullrom"
						},
						"0.7917": {
							"post": [0, 0, 0],
							"lerp_mode": "catmullrom"
						},
						"0.875": {
							"post": [1, 0, 0],
							"lerp_mode": "catmullrom"
						},
						"0.9583": {
							"post": [-1, 0, 0],
							"lerp_mode": "catmullrom"
						},
						"1.0833": {
							"post": [0, 0, 0],
							"lerp_mode": "catmullrom"
						}
					},
					"position": {
						"0.0": {
							"post": [0, 0, 0],
							"lerp_mode": "catmullrom"
						},
						"0.1667": {
							"post": [0, 0, 0],
							"lerp_mode": "catmullrom"
						},
						"0.25": {
							"post": [0, -0.93908, 0.95246],
							"lerp_mode": "catmullrom"
						},
						"0.3333": {
							"post": [0, 0, 0],
							"lerp_mode": "catmullrom"
						},
						"0.5": {
							"post": [0, 0, 0],
							"lerp_mode": "catmullrom"
						},
						"0.7917": {
							"post": [0, 0, 0],
							"lerp_mode": "catmullrom"
						}
					}
				},
				"mags": {
					"rotation": {
						"0.0": [0, 0, 0],
						"0.75": [0, 0, 0]
					},
					"position": {
						"0.0": [0, 0, 0],
						"0.75": [0, 0, 0]
					}
				},
				"lh": {
					"rotation": {
						"0.0": {
							"post": [86.73471, -34.66913, 194.07147],
							"lerp_mode": "catmullrom"
						},
						"0.0417": {
							"post": [112.35954, -1.58228, 180.58001],
							"lerp_mode": "catmullrom"
						},
						"0.0833": {
							"post": [114.004, -37.0219, 174.20495],
							"lerp_mode": "catmullrom"
						},
						"0.125": {
							"post": [99.11947, -25.74048, 177.89038],
							"lerp_mode": "catmullrom"
						},
						"0.2083": {
							"post": [34.41325, 10.42957, 155.1953],
							"lerp_mode": "catmullrom"
						},
						"0.25": {
							"post": [4.54081, 18.48194, 141.07529],
							"lerp_mode": "catmullrom"
						},
						"0.375": {
							"post": [119.2221, 36.65371, 91.93658],
							"lerp_mode": "catmullrom"
						},
						"0.5": {
							"post": [142.67077, 28.87202, 78.06286],
							"lerp_mode": "catmullrom"
						},
						"0.5417": {
							"post": [140.61, 25.33, 83.55],
							"lerp_mode": "catmullrom"
						},
						"0.75": {
							"post": [86.73471, -34.66913, 194.07147],
							"lerp_mode": "catmullrom"
						}
					},
					"position": {
						"0.0": {
							"post": [16.81291, -0.14752, 8.72422],
							"lerp_mode": "catmullrom"
						},
						"0.0417": {
							"post": [15.79674, 1.43737, 6.70785],
							"lerp_mode": "catmullrom"
						},
						"0.0833": {
							"post": [17.9663, 3.1121, 4.64745],
							"lerp_mode": "catmullrom"
						},
						"0.2083": {
							"post": [14.6, 6.06, -2.7],
							"lerp_mode": "catmullrom"
						},
						"0.3333": {
							"post": [18.37706, 9.0264, -2.34142],
							"lerp_mode": "catmullrom"
						},
						"0.4583": {
							"post": [19.39982, 6.34398, 5.95848],
							"lerp_mode": "catmullrom"
						},
						"0.5417": {
							"post": [21.74004, 8.13869, 2.93488],
							"lerp_mode": "catmullrom"
						},
						"0.75": {
							"post": [16.81291, -0.14752, 8.72422],
							"lerp_mode": "catmullrom"
						}
					},
					"scale": {
						"0.0": {
							"post": [1, 1.5, 1],
							"lerp_mode": "catmullrom"
						},
						"0.75": {
							"post": [1, 1.5, 1],
							"lerp_mode": "catmullrom"
						}
					}
				},
				"rh": {
					"rotation": {
						"0.0": {
							"post": [90, 22.5, -180],
							"lerp_mode": "catmullrom"
						}
					},
					"position": {
						"0.0": {
							"post": [-12.87992, 1, 20.64238],
							"lerp_mode": "catmullrom"
						}
					},
					"scale": {
						"0.0": {
							"post": [1, 1.5, 1],
							"lerp_mode": "catmullrom"
						}
					}
				}
			}
		},
		"inspect": {
			"animation_length": 7.7083,
			"bones": {
				"camera": {
					"rotation": {
						"0.0": {
							"post": [0, 0, 0],
							"lerp_mode": "catmullrom"
						},
						"0.0833": {
							"post": [0.4, 0, 0],
							"lerp_mode": "catmullrom"
						},
						"0.2917": {
							"post": [1.30023, -0.01527, -1.74993],
							"lerp_mode": "catmullrom"
						},
						"0.3333": {
							"post": [2.01, 0.03, -1.95],
							"lerp_mode": "catmullrom"
						},
						"0.4583": {
							"post": [1.43, 0.17, -3.37],
							"lerp_mode": "catmullrom"
						},
						"0.5417": {
							"post": [1.81, 0.26, -3.125],
							"lerp_mode": "catmullrom"
						},
						"0.625": {
							"post": [1.88, 0.26, -3.42],
							"lerp_mode": "catmullrom"
						},
						"0.8333": {
							"post": [1.61, 0.16, -3.13],
							"lerp_mode": "catmullrom"
						},
						"1.0417": {
							"post": [1.24513, 0.25816, -2.73941],
							"lerp_mode": "catmullrom"
						},
						"1.4583": {
							"post": [3.03282, 1.90875, -2.00543],
							"lerp_mode": "catmullrom"
						},
						"1.7917": {
							"post": [3.25347, 2.72863, -1.39145],
							"lerp_mode": "catmullrom"
						},
						"2.4583": {
							"post": [2.19341, 2.77713, -2.64195],
							"lerp_mode": "catmullrom"
						},
						"2.5833": {
							"post": [1.79533, -1.00684, -0.70832],
							"lerp_mode": "catmullrom"
						},
						"2.8333": {
							"post": [0.70742, -4.55228, -4.03082],
							"lerp_mode": "catmullrom"
						},
						"3.0": {
							"post": [0.78, -5.51, -4.96],
							"lerp_mode": "catmullrom"
						},
						"3.2083": {
							"post": [0.425, -5.535, -4.77],
							"lerp_mode": "catmullrom"
						},
						"3.5": {
							"post": [1.16, -5.17, -3.77],
							"lerp_mode": "catmullrom"
						},
						"3.7083": {
							"post": [1.94, -2.58, -2.35],
							"lerp_mode": "catmullrom"
						},
						"4.2083": {
							"post": [4.41776, 7.9306, 2.43903],
							"lerp_mode": "catmullrom"
						},
						"4.625": {
							"post": [6.44663, 13.87798, 3.28446],
							"lerp_mode": "catmullrom"
						},
						"5.2083": {
							"post": [8.03, 13.75, 3.48],
							"lerp_mode": "catmullrom"
						},
						"5.375": {
							"post": [7.41, 9.84, 3.81],
							"lerp_mode": "catmullrom"
						},
						"5.5": {
							"post": [5.64545, 6.12649, 4.44961],
							"lerp_mode": "catmullrom"
						},
						"5.625": {
							"post": [5.02759, 2.57555, 4.76609],
							"lerp_mode": "catmullrom"
						},
						"5.7917": {
							"post": [5.64, 1.26, 3.82],
							"lerp_mode": "catmullrom"
						},
						"5.875": {
							"post": [5.30033, 0.85233, 3.77669],
							"lerp_mode": "catmullrom"
						},
						"6.0833": {
							"post": [5.835, 1.2, 3.97],
							"lerp_mode": "catmullrom"
						},
						"6.2917": {
							"post": [6.52948, 2.06599, 3.97567],
							"lerp_mode": "catmullrom"
						},
						"6.8333": {
							"post": [7.72023, 1.49264, 2.38344],
							"lerp_mode": "catmullrom"
						},
						"7.0417": {
							"post": [5.67939, 1.64162, 0.89029],
							"lerp_mode": "catmullrom"
						},
						"7.125": {
							"post": [1.995, 0.98, 0.42],
							"lerp_mode": "catmullrom"
						},
						"7.2917": {
							"post": [-0.225, 0, -0.225],
							"lerp_mode": "catmullrom"
						},
						"7.375": {
							"post": [0.23, -0.12, 0.305],
							"lerp_mode": "catmullrom"
						},
						"7.5": {
							"post": [-0.15, 0, -0.1],
							"lerp_mode": "catmullrom"
						},
						"7.625": {
							"post": [0, 0, 0],
							"lerp_mode": "catmullrom"
						}
					}
				},
				"lh": {
					"rotation": {
						"0.0": {
							"post": [86.73471, -34.66913, 194.07147],
							"lerp_mode": "catmullrom"
						},
						"0.375": {
							"post": [102.78591, -79.37171, 206.68504],
							"lerp_mode": "catmullrom"
						},
						"7.0": {
							"post": [102.78591, -79.37171, 206.68504],
							"lerp_mode": "catmullrom"
						},
						"7.375": {
							"post": [86.73471, -34.66913, 194.07147],
							"lerp_mode": "catmullrom"
						}
					},
					"position": {
						"0.0": {
							"post": [16.81291, -0.14752, 8.72422],
							"lerp_mode": "catmullrom"
						},
						"0.375": {
							"post": [17.81, -9.15, -3.28],
							"lerp_mode": "catmullrom"
						},
						"7.0": {
							"post": [17.81, -9.15, -3.28],
							"lerp_mode": "catmullrom"
						},
						"7.375": {
							"post": [16.81291, -0.14752, 8.72422],
							"lerp_mode": "catmullrom"
						}
					},
					"scale": {
						"0.0": {
							"post": [1, 1.5, 1],
							"lerp_mode": "catmullrom"
						},
						"7.375": {
							"post": [1, 1.5, 1],
							"lerp_mode": "catmullrom"
						}
					}
				},
				"rh": {
					"rotation": {
						"0.0": {
							"post": [90, 22.5, -180],
							"lerp_mode": "catmullrom"
						},
						"2.2917": {
							"post": [90, 22.5, -180],
							"lerp_mode": "catmullrom"
						},
						"2.5417": {
							"post": [90, -55.10518, -180],
							"lerp_mode": "catmullrom"
						},
						"2.75": [90, -67.5, -180],
						"7.0": [90, -67.5, -180],
						"7.375": {
							"pre": [90, 22.5, -180],
							"post": [90, 22.5, -180],
							"lerp_mode": "catmullrom"
						}
					},
					"position": {
						"0.0": {
							"post": [-12.87992, 1, 20.64238],
							"lerp_mode": "catmullrom"
						},
						"2.2917": {
							"post": [-12.88, 1, 20.64],
							"lerp_mode": "catmullrom"
						},
						"2.75": [10.12, 1, 18.64],
						"7.0": [10.12, 1, 18.64],
						"7.375": {
							"pre": [-12.87992, 1, 20.64238],
							"post": [-12.87992, 1, 20.64238],
							"lerp_mode": "catmullrom"
						}
					},
					"scale": {
						"0.0": {
							"post": [1, 1.5, 1],
							"lerp_mode": "catmullrom"
						},
						"2.2917": {
							"post": [1, 1.5, 1],
							"lerp_mode": "catmullrom"
						},
						"7.375": {
							"post": [1, 1.5, 1],
							"lerp_mode": "catmullrom"
						}
					}
				},
				"root": {
					"rotation": {
						"0.0": {
							"post": [0, 0, 0],
							"lerp_mode": "catmullrom"
						},
						"0.0833": {
							"post": [1.81542, -14.86634, -10.39453],
							"lerp_mode": "catmullrom"
						},
						"0.3333": {
							"post": [5.82015, -51.738, -53.5966],
							"lerp_mode": "catmullrom"
						},
						"0.5": {
							"post": [14.5, -58.27, -64.68],
							"lerp_mode": "catmullrom"
						},
						"0.7083": {
							"post": [15.90743, -59.62123, -63.90118],
							"lerp_mode": "catmullrom"
						},
						"1.0833": {
							"post": [17.85, -59.13, -64.69],
							"lerp_mode": "catmullrom"
						},
						"1.2917": {
							"post": [22.955, -56.8, -69.93],
							"lerp_mode": "catmullrom"
						},
						"1.5417": {
							"post": [24.37837, -56.38544, -70.5858],
							"lerp_mode": "catmullrom"
						},
						"1.75": {
							"post": [24.13538, -56.83258, -70.94291],
							"lerp_mode": "catmullrom"
						},
						"2.0833": {
							"post": [23.7023, -56.43942, -71.22899],
							"lerp_mode": "catmullrom"
						},
						"2.25": {
							"post": [20.48529, -57.29487, -67.27249],
							"lerp_mode": "catmullrom"
						},
						"2.3333": {
							"post": [17.395, -58.095, -61.845],
							"lerp_mode": "catmullrom"
						},
						"2.5": {
							"post": [-0.22664, -57.41767, -42.86406],
							"lerp_mode": "catmullrom"
						},
						"2.625": {
							"post": [19.92, -67.68, -42.64],
							"lerp_mode": "catmullrom"
						},
						"2.75": {
							"post": [32.37448, -74.31388, -42.89562],
							"lerp_mode": "catmullrom"
						},
						"2.8333": {
							"post": [39.31031, -74.52711, -45.54817],
							"lerp_mode": "catmullrom"
						},
						"3.0": {
							"post": [36.28795, -74.86716, -43.79753],
							"lerp_mode": "catmullrom"
						},
						"3.125": {
							"post": [35.95, -75.12, -43.73],
							"lerp_mode": "catmullrom"
						},
						"3.3333": {
							"post": [35.815, -75.53, -44.055],
							"lerp_mode": "catmullrom"
						},
						"3.625": {
							"post": [37.58, -76.31, -45.065],
							"lerp_mode": "catmullrom"
						},
						"3.875": {
							"post": [51.33547, -80.5604, -51.81558],
							"lerp_mode": "catmullrom"
						},
						"4.25": {
							"post": [52.06047, -82.5354, -51.81558],
							"lerp_mode": "catmullrom"
						},
						"5.2083": {
							"post": [48.6, -82.02, -51.155],
							"lerp_mode": "catmullrom"
						},
						"5.3333": {
							"post": [32.91, -68.525, -42.625],
							"lerp_mode": "catmullrom"
						},
						"5.4583": {
							"post": [10.17, -47.41, -22.3],
							"lerp_mode": "catmullrom"
						},
						"5.5417": {
							"post": [-12.02262, -26.83616, -1.32679],
							"lerp_mode": "catmullrom"
						},
						"5.7083": {
							"post": [-20.59077, -18.37194, 6.94088],
							"lerp_mode": "catmullrom"
						},
						"5.8333": {
							"post": [-22.80267, -16.94061, 6.94387],
							"lerp_mode": "catmullrom"
						},
						"6.0833": {
							"post": [-22.96296, -17.14551, 6.6573],
							"lerp_mode": "catmullrom"
						},
						"6.2083": {
							"post": [-23.05543, -17.07115, 6.70298],
							"lerp_mode": "catmullrom"
						},
						"6.3333": {
							"post": [-23.80417, -15.97748, 9.33492],
							"lerp_mode": "catmullrom"
						},
						"6.5": {
							"post": [-23.86361, -16.11956, 10.17728],
							"lerp_mode": "catmullrom"
						},
						"6.7917": {
							"post": [-24.13012, -16.14213, 9.84782],
							"lerp_mode": "catmullrom"
						},
						"6.9583": {
							"post": [-19.78, -16.97, 5.86],
							"lerp_mode": "catmullrom"
						},
						"7.0833": {
							"post": [2.3, -9.875, 2.95],
							"lerp_mode": "catmullrom"
						},
						"7.2083": {
							"post": [4.275, -4.925, 1.975],
							"lerp_mode": "catmullrom"
						},
						"7.2917": {
							"post": [2.675, 0, 0],
							"lerp_mode": "catmullrom"
						},
						"7.3333": {
							"post": [-0.21209, 0.36471, 1.10002],
							"lerp_mode": "catmullrom"
						},
						"7.4583": {
							"post": [0, 0, -0.5],
							"lerp_mode": "catmullrom"
						},
						"7.5417": {
							"post": [-0.04, -0.02297, 0.05],
							"lerp_mode": "catmullrom"
						},
						"7.7083": {
							"post": [0, 0, 0],
							"lerp_mode": "catmullrom"
						}
					},
					"position": {
						"0.0": {
							"post": [0, 0, 0],
							"lerp_mode": "catmullrom"
						},
						"0.0833": {
							"post": [0.965, -0.54, -0.3],
							"lerp_mode": "catmullrom"
						},
						"0.2917": {
							"post": [2.675, 3.675, -0.85],
							"lerp_mode": "catmullrom"
						},
						"0.375": {
							"post": [3.12, 3.54, -0.8],
							"lerp_mode": "catmullrom"
						},
						"0.4583": {
							"post": [3.225, 3.275, -0.5],
							"lerp_mode": "catmullrom"
						},
						"0.5417": {
							"post": [3.305, 3.425, -0.275],
							"lerp_mode": "catmullrom"
						},
						"0.625": {
							"post": [3.32, 3.395, -0.175],
							"lerp_mode": "catmullrom"
						},
						"0.7917": {
							"post": [3.285, 3.29, -0.15],
							"lerp_mode": "catmullrom"
						},
						"1.2083": {
							"post": [3.15, 3.29, -0.15],
							"lerp_mode": "catmullrom"
						},
						"1.3333": {
							"post": [3.08, 3.195, -0.15],
							"lerp_mode": "catmullrom"
						},
						"1.625": {
							"post": [3.05, 3.22, 0],
							"lerp_mode": "catmullrom"
						},
						"1.875": {
							"post": [3.04, 3.235, 0],
							"lerp_mode": "catmullrom"
						},
						"2.2083": {
							"post": [3.15, 3.275, 0],
							"lerp_mode": "catmullrom"
						},
						"2.2917": {
							"post": [3.27, 3.3, 0],
							"lerp_mode": "catmullrom"
						},
						"2.375": {
							"post": [3.43, 2.455, 0],
							"lerp_mode": "catmullrom"
						},
						"2.5417": {
							"post": [3.875, 1.85, -0.225],
							"lerp_mode": "catmullrom"
						},
						"2.625": {
							"post": [4.24, 2.01, -0.675],
							"lerp_mode": "catmullrom"
						},
						"2.8333": {
							"post": [5.03, 3.465, -1.725],
							"lerp_mode": "catmullrom"
						},
						"3.0": {
							"post": [5.24, 3.58, -2],
							"lerp_mode": "catmullrom"
						},
						"3.2083": {
							"post": [5.28, 3.435, -2.125],
							"lerp_mode": "catmullrom"
						},
						"3.4583": {
							"post": [5.205, 3.49, -2.15],
							"lerp_mode": "catmullrom"
						},
						"3.5833": {
							"post": [5.555, 3.55, -2.1],
							"lerp_mode": "catmullrom"
						},
						"3.875": {
							"post": [6.975, 3.7, -1.85],
							"lerp_mode": "catmullrom"
						},
						"4.0833": {
							"post": [7.285, 3.765, -1.8],
							"lerp_mode": "catmullrom"
						},
						"4.3333": {
							"post": [7.345, 3.63, -1.8],
							"lerp_mode": "catmullrom"
						},
						"4.5417": {
							"post": [7.405, 3.62, -1.8],
							"lerp_mode": "catmullrom"
						},
						"4.8333": {
							"post": [7.595, 3.65, -1.85],
							"lerp_mode": "catmullrom"
						},
						"5.2083": {
							"post": [7.49, 3.27, -1.675],
							"lerp_mode": "catmullrom"
						},
						"5.2917": {
							"post": [6.89, 2.25, -1.36],
							"lerp_mode": "catmullrom"
						},
						"5.375": {
							"post": [5.78, -1.015, -0.17],
							"lerp_mode": "catmullrom"
						},
						"5.5": {
							"post": [3.76, -0.36, 1.13],
							"lerp_mode": "catmullrom"
						},
						"5.5833": {
							"post": [2.45, 0.06, 1.52],
							"lerp_mode": "catmullrom"
						},
						"5.7083": {
							"post": [2.21, -0.26, 1.58],
							"lerp_mode": "catmullrom"
						},
						"5.875": {
							"post": [2.09, 0.01, 1.65],
							"lerp_mode": "catmullrom"
						},
						"6.0417": {
							"post": [2.1, 0.025, 1.69],
							"lerp_mode": "catmullrom"
						},
						"6.3333": {
							"post": [2.095, 0.1, 1.775],
							"lerp_mode": "catmullrom"
						},
						"6.625": {
							"post": [2.08, 0.22, 1.79],
							"lerp_mode": "catmullrom"
						},
						"6.875": {
							"post": [2.06, 0.17, 1.86],
							"lerp_mode": "catmullrom"
						},
						"7.0": {
							"post": [2.02, 0.125, 1.8],
							"lerp_mode": "catmullrom"
						},
						"7.0833": {
							"post": [1.35, -1.295, 0.705],
							"lerp_mode": "catmullrom"
						},
						"7.2083": {
							"post": [0, -1.775, -2],
							"lerp_mode": "catmullrom"
						},
						"7.3333": {
							"post": [0, 0.075, 0.375],
							"lerp_mode": "catmullrom"
						},
						"7.4583": {
							"post": [0, 0, -0.05],
							"lerp_mode": "catmullrom"
						},
						"7.5417": {
							"post": [0, 0, 0.025],
							"lerp_mode": "catmullrom"
						},
						"7.7083": {
							"post": [0, 0, 0],
							"lerp_mode": "catmullrom"
						}
					}
				}
			},
			"sound_effects": {
				"0.0": {
					"effect": "tacz:p90/p90_inspect_raise"
				},
				"0.875": {
					"effect": "tacz:p90/p90_inspect_rattle"
				},
				"2.2083": {
					"effect": "tacz:p90/p90_inspect_rattle"
				},
				"2.375": {
					"effect": "tacz:p90/p90_inspect_armup"
				},
				"2.625": {
					"effect": "tacz:p90/p90_inspect_grabgrip"
				},
				"3.7083": {
					"effect": "tacz:p90/p90_inspect_tilt"
				},
				"5.25": {
					"effect": "tacz:p90/p90_inspect_grabgrip"
				},
				"5.4583": {
					"effect": "tacz:p90/p90_inspect_armdown"
				},
				"6.9583": {
					"effect": "tacz:p90/p90_inspect_end"
				}
			}
		},
		"static_idle": {
			"animation_length": 0.0417,
			"bones": {
				"lh": {
					"rotation": {
						"0.0": {
							"post": [86.73471, -34.66913, 194.07147],
							"lerp_mode": "catmullrom"
						}
					},
					"position": {
						"0.0": {
							"post": [16.81291, -0.14752, 8.72422],
							"lerp_mode": "catmullrom"
						}
					},
					"scale": {
						"0.0": {
							"post": [1, 1.5, 1],
							"lerp_mode": "catmullrom"
						}
					}
				},
				"rh": {
					"rotation": {
						"0.0": {
							"post": [90, 22.5, -180],
							"lerp_mode": "catmullrom"
						}
					},
					"position": {
						"0.0": {
							"post": [-12.87992, 1, 20.64238],
							"lerp_mode": "catmullrom"
						}
					},
					"scale": {
						"0.0": {
							"post": [1, 1.5, 1],
							"lerp_mode": "catmullrom"
						}
					}
				}
			}
		}
	}
}