{
	"format_version": "1.8.0",
	"animations": {
		"static_idle": {
			"loop": true,
			"bones": {
				"lefthand_pos_and_zd": {
					"rotation": [90, 0, 0],
					"position": [17, 14, 5]
				},
				"righthand_pos": {
					"rotation": [110, 0, 0],
					"position": [-6, 22, 20]
				},
				"zd2": {
					"scale": 0
				}
			}
		},
		"inspect": {
			"animation_length": 5,
			"bones": {
				"root": {
					"rotation": {
						"0.0": {
							"post": [0, 0, 0],
							"lerp_mode": "catmullrom"
						},
						"0.25": {
							"post": [7.07222, -6.35676, 11.90821],
							"lerp_mode": "catmullrom"
						},
						"0.5": {
							"post": [7.07222, -6.35676, 11.90821],
							"lerp_mode": "catmullrom"
						},
						"1.0": {
							"post": [7.07222, -6.35676, 11.90821],
							"lerp_mode": "catmullrom"
						},
						"3.0": {
							"post": [7.07222, -6.35676, 11.90821],
							"lerp_mode": "catmullrom"
						},
						"3.5": {
							"post": [0, 0, 15],
							"lerp_mode": "catmullrom"
						},
						"4.5417": {
							"post": [0, 0, 15],
							"lerp_mode": "catmullrom"
						},
						"4.875": {
							"post": [0, 0, 0],
							"lerp_mode": "catmullrom"
						}
					},
					"position": {
						"0.0": {
							"post": [0, 0, 0],
							"lerp_mode": "catmullrom"
						},
						"0.25": {
							"post": [2, -1, 3],
							"lerp_mode": "catmullrom"
						},
						"0.5": {
							"post": [2, -1, 3],
							"lerp_mode": "catmullrom"
						},
						"1.0": {
							"post": [2, -1, 3],
							"lerp_mode": "catmullrom"
						},
						"3.0": {
							"post": [2, -1, 3],
							"lerp_mode": "catmullrom"
						},
						"3.5": {
							"post": [0, 0, 0],
							"lerp_mode": "catmullrom"
						},
						"4.5417": {
							"post": [0, 0, 0],
							"lerp_mode": "catmullrom"
						},
						"4.7917": {
							"post": [0, 0, 0],
							"lerp_mode": "catmullrom"
						}
					}
				},
				"lefthand_pos_and_zd": {
					"rotation": {
						"0.0": {
							"post": [90, 0, 0],
							"lerp_mode": "catmullrom"
						},
						"0.1667": {
							"post": [77.57558, 0.86717, 9.96271],
							"lerp_mode": "catmullrom"
						},
						"0.25": {
							"post": [168.36965, -1.02556, 94.24543],
							"lerp_mode": "catmullrom"
						},
						"0.4167": {
							"post": [138.63082, -8.58666, 166.22347],
							"lerp_mode": "catmullrom"
						},
						"0.5833": {
							"post": [138.63082, -8.58666, 166.22347],
							"lerp_mode": "catmullrom"
						},
						"0.75": {
							"post": [129.25174, 4.0616, 150.68689],
							"lerp_mode": "catmullrom"
						},
						"0.8333": {
							"post": [129.25174, 4.0616, 150.68689],
							"lerp_mode": "catmullrom"
						},
						"0.9167": {
							"post": [131.13082, -8.58666, 166.22347],
							"lerp_mode": "catmullrom"
						},
						"1.2083": {
							"post": [128.89802, -7.0212, 164.25599],
							"lerp_mode": "catmullrom"
						},
						"1.2917": {
							"post": [113.84075, -7.74234, 164.96298],
							"lerp_mode": "catmullrom"
						},
						"1.4583": {
							"post": [114.87241, -2.56992, 153.53297],
							"lerp_mode": "catmullrom"
						},
						"1.6667": {
							"post": [122.8814, 1.54352, 171.99918],
							"lerp_mode": "catmullrom"
						},
						"1.875": {
							"post": [123.13251, 2.74647, 167.13614],
							"lerp_mode": "catmullrom"
						},
						"2.0": {
							"post": [123.19051, -0.22206, 166.70789],
							"lerp_mode": "catmullrom"
						},
						"2.125": {
							"post": [123.13251, 2.74647, 167.13614],
							"lerp_mode": "catmullrom"
						},
						"2.25": {
							"post": [123.13251, 2.74647, 167.13614],
							"lerp_mode": "catmullrom"
						},
						"2.5": {
							"post": [123.13251, 2.74647, 167.13614],
							"lerp_mode": "catmullrom"
						},
						"2.6667": {
							"post": [108.55718, 2.75254, 160.25956],
							"lerp_mode": "catmullrom"
						},
						"2.75": {
							"post": [122.9229, 2.39105, 169.59248],
							"lerp_mode": "catmullrom"
						},
						"3.2083": {
							"post": [125.9425, 4.53421, 162.82105],
							"lerp_mode": "catmullrom"
						},
						"3.3333": {
							"post": [115.67142, 4.83161, 144.56834],
							"lerp_mode": "catmullrom"
						},
						"3.625": {
							"post": [131.05718, 2.75254, 160.25956],
							"lerp_mode": "catmullrom"
						},
						"4.0": {
							"post": [131.05718, 2.75254, 160.25956],
							"lerp_mode": "catmullrom"
						},
						"4.3333": {
							"post": [139.18759, -29.90907, 127.86176],
							"lerp_mode": "catmullrom"
						},
						"4.5417": {
							"post": [90, 0, 0],
							"lerp_mode": "catmullrom"
						}
					},
					"position": {
						"0.0": {
							"post": [17, 14, 5],
							"lerp_mode": "catmullrom"
						},
						"0.1667": {
							"post": [17, 14, 8],
							"lerp_mode": "catmullrom"
						},
						"0.25": {
							"post": [26, 14, 8],
							"lerp_mode": "catmullrom"
						},
						"0.4167": {
							"post": [19.20508, 17.03178, 2.85686],
							"lerp_mode": "catmullrom"
						},
						"0.5833": {
							"post": [19, 18, 3],
							"lerp_mode": "catmullrom"
						},
						"0.75": {
							"post": [19.20508, 17.03178, 2.85686],
							"lerp_mode": "catmullrom"
						},
						"0.8333": {
							"post": [19.20508, 17.03178, 2.85686],
							"lerp_mode": "catmullrom"
						},
						"0.9167": {
							"post": [18.79985, 18.96644, 3.14629],
							"lerp_mode": "catmullrom"
						},
						"1.1667": {
							"post": [19.20508, 17.03178, 2.85686],
							"lerp_mode": "catmullrom"
						},
						"1.375": {
							"post": [19.20508, 17.03178, 2.85686],
							"lerp_mode": "catmullrom"
						},
						"1.4583": {
							"post": [18.26522, 16.7813, 3.18868],
							"lerp_mode": "catmullrom"
						},
						"1.5417": {
							"post": [17.54065, 16.61642, 3.25158],
							"lerp_mode": "catmullrom"
						},
						"1.875": {
							"post": [18.26935, 16.78358, 3.18842],
							"lerp_mode": "catmullrom"
						},
						"2.125": {
							"post": [18.26935, 16.78358, 3.18842],
							"lerp_mode": "catmullrom"
						},
						"2.25": {
							"post": [18.26935, 16.78358, 3.18842],
							"lerp_mode": "catmullrom"
						},
						"2.5": {
							"post": [18.26935, 16.78358, 3.18842],
							"lerp_mode": "catmullrom"
						},
						"2.6667": {
							"post": [18.68015, 14.84356, 2.90371],
							"lerp_mode": "catmullrom"
						},
						"2.75": {
							"post": [18.06985, 17.74644, 3.33629],
							"lerp_mode": "catmullrom"
						},
						"3.2083": {
							"post": [18.27, 16.78, 3.19],
							"lerp_mode": "catmullrom"
						},
						"3.3333": {
							"post": [18.68015, 14.84356, 2.90371],
							"lerp_mode": "catmullrom"
						},
						"3.625": {
							"post": [18.26985, 16.77644, 3.18629],
							"lerp_mode": "catmullrom"
						},
						"4.0": {
							"post": [18.26985, 16.77644, 3.18629],
							"lerp_mode": "catmullrom"
						},
						"4.3333": {
							"post": [21.31723, 5.99651, 10.63518],
							"lerp_mode": "catmullrom"
						},
						"4.5417": {
							"post": [17, 14, 5],
							"lerp_mode": "catmullrom"
						}
					}
				},
				"righthand_pos": {
					"rotation": [110, 0, 0],
					"position": [-6, 22, 20]
				},
				"camera": {
					"rotation": {
						"0.0": {
							"post": [0, 0, 0],
							"lerp_mode": "catmullrom"
						},
						"0.2917": {
							"post": [-3.10912, -2.49762, 3.00238],
							"lerp_mode": "catmullrom"
						},
						"0.5833": {
							"post": [2.52154, -7.49282, -0.32902],
							"lerp_mode": "catmullrom"
						},
						"0.75": {
							"post": [2.52154, -7.49282, -0.32902],
							"lerp_mode": "catmullrom"
						},
						"1.0": {
							"post": [-10.50716, -4.99761, 1.60943],
							"lerp_mode": "catmullrom"
						},
						"1.25": {
							"post": [4.52136, -4.97856, 2.17255],
							"lerp_mode": "catmullrom"
						},
						"1.3333": {
							"post": [7.76421, -5.31048, 1.88093],
							"lerp_mode": "catmullrom"
						},
						"1.5": {
							"post": [5.61624, -7.80549, -1.57323],
							"lerp_mode": "catmullrom"
						},
						"1.75": {
							"post": [4.54291, -7.47075, -5.52615],
							"lerp_mode": "catmullrom"
						},
						"2.25": {
							"post": [4.54291, -7.47074, 1.97385],
							"lerp_mode": "catmullrom"
						},
						"3.0": {
							"post": [-12.87122, -7.69934, 0.63915],
							"lerp_mode": "catmullrom"
						},
						"3.25": {
							"post": [-2.84254, -2.69303, -0.71001],
							"lerp_mode": "catmullrom"
						},
						"4.0": {
							"post": [-2.84254, -2.69303, -0.71001],
							"lerp_mode": "catmullrom"
						},
						"4.5": {
							"post": [-5.45709, -7.47074, 1.97385],
							"lerp_mode": "catmullrom"
						},
						"5.0": {
							"post": [0, 0, 0],
							"lerp_mode": "catmullrom"
						}
					},
					"position": {
						"0.0": {
							"post": [0, 0, 0],
							"lerp_mode": "catmullrom"
						}
					}
				},
				"righthand_and_gun": {
					"rotation": {
						"0.0": {
							"post": [0, 0, 0],
							"lerp_mode": "catmullrom"
						},
						"0.875": {
							"post": [-1.60265, -0.60602, -6.22393],
							"lerp_mode": "catmullrom"
						},
						"0.9583": {
							"post": [0.12967, 0.54422, -14.19959],
							"lerp_mode": "catmullrom"
						},
						"1.0833": {
							"post": [-1.60265, -0.60602, -6.22393],
							"lerp_mode": "catmullrom"
						},
						"1.25": {
							"post": [0, 0, 0],
							"lerp_mode": "catmullrom"
						},
						"1.75": {
							"post": [11.59393, -0.46577, 13.75295],
							"lerp_mode": "catmullrom"
						},
						"2.5": {
							"post": [11.59393, -0.46577, 13.75295],
							"lerp_mode": "catmullrom"
						},
						"3.0": {
							"post": [11.59393, -0.46577, 13.75295],
							"lerp_mode": "catmullrom"
						},
						"3.5": {
							"post": [0, 0, 0],
							"lerp_mode": "catmullrom"
						}
					},
					"position": {
						"0.0": {
							"post": [0, 0, 0],
							"lerp_mode": "catmullrom"
						},
						"0.875": {
							"post": [0.21508, -1.00822, -0.15314],
							"lerp_mode": "catmullrom"
						},
						"0.9583": {
							"post": [0.21508, -1.00822, -0.15314],
							"lerp_mode": "catmullrom"
						},
						"1.0833": {
							"post": [0.21508, -1.00822, -0.15314],
							"lerp_mode": "catmullrom"
						},
						"1.25": {
							"post": [0, 0, 0],
							"lerp_mode": "catmullrom"
						},
						"1.75": {
							"post": [-0.20508, 0.96822, 0.14314],
							"lerp_mode": "catmullrom"
						},
						"2.5": {
							"post": [-0.20508, 0.96822, 0.14314],
							"lerp_mode": "catmullrom"
						},
						"3.0": {
							"post": [-0.20508, 0.96822, 0.14314],
							"lerp_mode": "catmullrom"
						},
						"3.5": {
							"post": [0, 0, 0],
							"lerp_mode": "catmullrom"
						}
					}
				},
				"zd": {
					"rotation": {
						"0.0": [0, 0, 0],
						"0.2083": [0, 0, 0],
						"0.25": [14.86278, -16.4927, 147.07561],
						"0.7917": {
							"pre": [14.86, -16.49, 147.08],
							"post": [14.86, -16.49, 147.08],
							"lerp_mode": "catmullrom"
						},
						"1.0417": {
							"post": [-122.7, -3.93, 146.67],
							"lerp_mode": "catmullrom"
						},
						"1.2917": {
							"post": [-259.93759, 8.29345, 143.53781],
							"lerp_mode": "catmullrom"
						},
						"1.375": {
							"post": [-261.60351, 11.80608, 146.45133],
							"lerp_mode": "catmullrom"
						},
						"1.5": {
							"post": [-250.16934, -1.79778, 141.35764],
							"lerp_mode": "catmullrom"
						},
						"1.6667": {
							"post": [-255.23217, 3.34164, 140.87791],
							"lerp_mode": "catmullrom"
						},
						"1.75": {
							"post": [-260.52536, 10.67986, 147.03324],
							"lerp_mode": "catmullrom"
						},
						"1.875": {
							"post": [-260.52536, 10.67986, 147.03324],
							"lerp_mode": "catmullrom"
						},
						"2.0": {
							"post": [-256.4916, 5.73469, 144.67297],
							"lerp_mode": "catmullrom"
						},
						"2.1667": {
							"post": [-259.59304, 9.0842, 146.3529],
							"lerp_mode": "catmullrom"
						},
						"2.3333": {
							"post": [-261.11766, 10.79129, 147.1294],
							"lerp_mode": "catmullrom"
						},
						"2.7083": {
							"post": [-254.77273, 3.20357, 146.22141],
							"lerp_mode": "catmullrom"
						},
						"2.9583": {
							"post": [-147.20168, 32.4968, 173.48659],
							"lerp_mode": "catmullrom"
						},
						"3.2083": [14.86, -16.49, 147.08],
						"4.5": [14.86, -16.49, 147.08],
						"4.6667": [14.86278, -16.4927, 147.07561],
						"4.7083": [0, 0, 0]
					},
					"position": {
						"0.0": [0, 0, 0],
						"0.2083": [0, 0, 0],
						"0.25": [-0.57038, 7.81144, -2.12743],
						"0.8333": {
							"pre": [-0.57, 7.81, -2.13],
							"post": [-0.57, 7.81, -2.13],
							"lerp_mode": "catmullrom"
						},
						"1.0": {
							"post": [-0.6449, 13.20259, -10.5509],
							"lerp_mode": "catmullrom"
						},
						"1.125": {
							"post": [-0.67683, 13.1797, -10.56489],
							"lerp_mode": "catmullrom"
						},
						"1.2917": {
							"post": [-0.52113, 7.78256, -4.39838],
							"lerp_mode": "catmullrom"
						},
						"1.375": {
							"post": [-0.41142, 7.78609, -3.88116],
							"lerp_mode": "catmullrom"
						},
						"1.5": {
							"post": [-1.73509, 7.69295, -3.62004],
							"lerp_mode": "catmullrom"
						},
						"1.6667": {
							"post": [-0.76138, 7.75056, -3.77554],
							"lerp_mode": "catmullrom"
						},
						"1.75": {
							"post": [-0.5083, 7.69356, -3.77107],
							"lerp_mode": "catmullrom"
						},
						"1.875": {
							"post": [-0.5083, 7.69356, -3.77107],
							"lerp_mode": "catmullrom"
						},
						"2.0": {
							"post": [-0.80906, 7.70779, -3.75431],
							"lerp_mode": "catmullrom"
						},
						"2.1667": {
							"post": [-0.71085, 7.69934, -3.75742],
							"lerp_mode": "catmullrom"
						},
						"2.3333": {
							"post": [-0.61085, 7.68934, -3.76742],
							"lerp_mode": "catmullrom"
						},
						"2.375": {
							"post": [-0.61085, 7.68934, -3.76742],
							"lerp_mode": "catmullrom"
						},
						"2.7083": {
							"post": [-0.61085, 7.68934, -3.76742],
							"lerp_mode": "catmullrom"
						},
						"2.875": {
							"post": [-1.04573, 13.25313, -15.49484],
							"lerp_mode": "catmullrom"
						},
						"3.0833": {
							"post": [-1.04573, 13.25313, -15.49484],
							"lerp_mode": "catmullrom"
						},
						"3.2083": [-0.57, 7.81, -2.13],
						"4.5": [-0.57, 7.81, -2.13],
						"4.6667": [-0.57038, 7.81144, -2.12743],
						"4.7083": [0, 0, 0]
					}
				},
				"zd2": {
					"position": [-3, -10, 0],
					"scale": {
						"0.0": [0, 0, 0],
						"0.25": [0, 0, 0],
						"0.2917": [1, 1, 1],
						"4.2917": [1, 1, 1],
						"4.3333": [0, 0, 0]
					}
				}
			}
		},
		"reload_tactical": {
			"animation_length": 5,
			"bones": {
				"lefthand_pos_and_zd": {
					"rotation": {
						"0.0": {
							"post": [90, 0, 0],
							"lerp_mode": "catmullrom"
						},
						"0.1667": {
							"post": [90, 0, 90],
							"lerp_mode": "catmullrom"
						},
						"0.4167": {
							"post": [90, 0, 90],
							"lerp_mode": "catmullrom"
						},
						"0.5833": {
							"post": [90, -17.5, 90],
							"lerp_mode": "catmullrom"
						},
						"0.9167": {
							"post": [55.32416, 6.40034, -2.29299],
							"lerp_mode": "catmullrom"
						},
						"1.0": {
							"post": [113.66021, 21.09687, 21.72451],
							"lerp_mode": "catmullrom"
						},
						"1.25": {
							"post": [112.98584, 16.5049, 19.63391],
							"lerp_mode": "catmullrom"
						},
						"1.5": {
							"post": [90.94702, 11.09751, 38.85794],
							"lerp_mode": "catmullrom"
						},
						"1.5833": {
							"post": [113.66021, 21.09687, 21.72451],
							"lerp_mode": "catmullrom"
						},
						"1.8333": {
							"post": [161.16021, 21.09687, 21.72451],
							"lerp_mode": "catmullrom"
						},
						"2.25": {
							"post": [140.07031, -62.0051, 65.19325],
							"lerp_mode": "catmullrom"
						},
						"2.8333": {
							"post": [111.13619, -3.41458, 110.40547],
							"lerp_mode": "catmullrom"
						},
						"3.0833": {
							"post": [112.47483, -19.68093, 103.79276],
							"lerp_mode": "catmullrom"
						},
						"3.25": {
							"post": [90, -17.5, 90],
							"lerp_mode": "catmullrom"
						},
						"3.5": {
							"post": [90, -17.5, 90],
							"lerp_mode": "catmullrom"
						},
						"3.6667": {
							"post": [90, 0, 90],
							"lerp_mode": "catmullrom"
						},
						"3.8333": {
							"post": [90, 0, 90],
							"lerp_mode": "catmullrom"
						},
						"4.0": {
							"post": [90, 0, 0],
							"lerp_mode": "catmullrom"
						}
					},
					"position": {
						"0.0": {
							"post": [17, 14, 5],
							"lerp_mode": "catmullrom"
						},
						"0.1667": {
							"post": [20.75, 17.17296, 4.29657],
							"lerp_mode": "catmullrom"
						},
						"0.3333": {
							"post": [20.75, 17.17296, 4.29657],
							"lerp_mode": "catmullrom"
						},
						"0.5": {
							"post": [20.75, 16.72388, -2.01268],
							"lerp_mode": "catmullrom"
						},
						"0.9167": {
							"post": [20.33229, 19.72848, 4.78571],
							"lerp_mode": "catmullrom"
						},
						"1.0": {
							"post": [18.75, 16.25201, 2.53052],
							"lerp_mode": "catmullrom"
						},
						"1.1667": {
							"post": [18.75, 16.25201, 2.53052],
							"lerp_mode": "catmullrom"
						},
						"1.5": {
							"post": [20.33229, 19.72848, 4.78571],
							"lerp_mode": "catmullrom"
						},
						"1.5833": {
							"post": [17.5747, 12.44736, 0.57253],
							"lerp_mode": "catmullrom"
						},
						"1.8333": {
							"post": [15.93128, 7.91269, 4.41583],
							"lerp_mode": "catmullrom"
						},
						"2.4167": {
							"post": [19.91844, -16.6512, 11.60529],
							"lerp_mode": "catmullrom"
						},
						"2.8333": {
							"post": [18.21038, -1.03558, 1.34147],
							"lerp_mode": "catmullrom"
						},
						"3.0833": {
							"post": [24.24403, 7.02246, 11.61222],
							"lerp_mode": "catmullrom"
						},
						"3.3333": {
							"post": [20.75, 16.72388, -2.01268],
							"lerp_mode": "catmullrom"
						},
						"3.5833": {
							"post": [20.75, 16.72388, -2.01268],
							"lerp_mode": "catmullrom"
						},
						"3.75": {
							"post": [20.75, 17.17296, 4.29657],
							"lerp_mode": "catmullrom"
						},
						"3.8333": {
							"post": [20.75, 17.17296, 4.29657],
							"lerp_mode": "catmullrom"
						},
						"4.0": {
							"post": [17, 14, 5],
							"lerp_mode": "catmullrom"
						}
					}
				},
				"righthand_pos": {
					"rotation": [110, 0, 0],
					"position": [-6, 22, 20]
				},
				"root": {
					"rotation": {
						"0.0": {
							"post": [0, 0, 0],
							"lerp_mode": "catmullrom"
						},
						"0.1667": {
							"post": [-12.5, 0, 0],
							"lerp_mode": "catmullrom"
						},
						"0.4167": {
							"post": [-22.5, 0, 0],
							"lerp_mode": "catmullrom"
						},
						"0.5833": {
							"post": [-19.4126, 7.90243, -0.12616],
							"lerp_mode": "catmullrom"
						},
						"1.0": {
							"post": [-37.5, 0, 0],
							"lerp_mode": "catmullrom"
						},
						"1.1667": {
							"post": [-27.5, 0, 0],
							"lerp_mode": "catmullrom"
						},
						"1.5": {
							"post": [-37.5, 0, 0],
							"lerp_mode": "catmullrom"
						},
						"1.5833": {
							"post": [-32.5, 0, 0],
							"lerp_mode": "catmullrom"
						},
						"1.75": {
							"post": [-32.5, 0, 0],
							"lerp_mode": "catmullrom"
						},
						"2.1667": {
							"post": [-13.9135, -16.99067, -22.06628],
							"lerp_mode": "catmullrom"
						},
						"2.4167": {
							"post": [-18.9135, -16.99067, -22.06628],
							"lerp_mode": "catmullrom"
						},
						"2.75": {
							"post": [-18.9135, -16.99067, -22.06628],
							"lerp_mode": "catmullrom"
						},
						"2.8333": {
							"post": [-15.19226, -20.91337, -36.52036],
							"lerp_mode": "catmullrom"
						},
						"3.0": {
							"post": [-18.9135, -16.99067, -22.06628],
							"lerp_mode": "catmullrom"
						},
						"3.3333": {
							"post": [1.83132, -14.20318, 6.80578],
							"lerp_mode": "catmullrom"
						},
						"3.5833": {
							"post": [1.83132, -14.20318, 6.80578],
							"lerp_mode": "catmullrom"
						},
						"3.75": {
							"post": [1.90221, -19.36489, 6.71344],
							"lerp_mode": "catmullrom"
						},
						"4.0": {
							"post": [1.90221, -19.36489, 6.71344],
							"lerp_mode": "catmullrom"
						},
						"4.1667": {
							"post": [-10.07752, -14.31814, 14.54369],
							"lerp_mode": "catmullrom"
						},
						"4.5": {
							"post": [0, 0, 0],
							"lerp_mode": "catmullrom"
						},
						"4.75": {
							"post": [0, 0, 0],
							"lerp_mode": "catmullrom"
						}
					},
					"position": {
						"0.0": {
							"post": [0, 0, 0],
							"lerp_mode": "catmullrom"
						},
						"0.4167": {
							"post": [3, -7.38268, 5.92388],
							"lerp_mode": "catmullrom"
						},
						"0.75": {
							"post": [0, -7, 5],
							"lerp_mode": "catmullrom"
						},
						"1.0": {
							"post": [0, -7, 5],
							"lerp_mode": "catmullrom"
						},
						"1.0833": {
							"post": [0, -7.88701, 4.53825],
							"lerp_mode": "catmullrom"
						},
						"1.25": {
							"post": [0, -7, 5],
							"lerp_mode": "catmullrom"
						},
						"1.4167": {
							"post": [0, -7, 5],
							"lerp_mode": "catmullrom"
						},
						"1.5833": {
							"post": [0, -7.88701, 4.53825],
							"lerp_mode": "catmullrom"
						},
						"2.0833": {
							"post": [-3, -2.95, 5.08],
							"lerp_mode": "catmullrom"
						},
						"2.5833": {
							"post": [-3, -2.95, 5.08],
							"lerp_mode": "catmullrom"
						},
						"2.75": {
							"post": [-3, -2.95, 5.08],
							"lerp_mode": "catmullrom"
						},
						"3.0": {
							"post": [-3, -2.95, 5.08],
							"lerp_mode": "catmullrom"
						},
						"3.4167": {
							"post": [0, -4, 0],
							"lerp_mode": "catmullrom"
						},
						"3.5833": {
							"post": [0, -4, 0],
							"lerp_mode": "catmullrom"
						},
						"3.75": {
							"post": [0, -4.05, 2],
							"lerp_mode": "catmullrom"
						},
						"4.0": {
							"post": [0, -4.05, 2],
							"lerp_mode": "catmullrom"
						},
						"4.1667": {
							"post": [0, -4, 0],
							"lerp_mode": "catmullrom"
						},
						"4.5": {
							"post": [0, 0, 0],
							"lerp_mode": "catmullrom"
						},
						"4.75": {
							"post": [0, 0, 0],
							"lerp_mode": "catmullrom"
						}
					}
				},
				"camera": {
					"rotation": {
						"0.0": {
							"post": [0, 0, 0],
							"lerp_mode": "catmullrom"
						},
						"0.1667": {
							"post": [0, 2.5, 0],
							"lerp_mode": "catmullrom"
						},
						"0.3333": {
							"post": [-4.64679, -0.22926, -2.79547],
							"lerp_mode": "catmullrom"
						},
						"0.5": {
							"post": [-4.32554, -5.40859, -4.88991],
							"lerp_mode": "catmullrom"
						},
						"0.6667": {
							"post": [-0.39851, -0.41543, -1.59707],
							"lerp_mode": "catmullrom"
						},
						"1.0": {
							"post": [-4.55731, -5.21496, -2.38666],
							"lerp_mode": "catmullrom"
						},
						"1.0833": {
							"post": [-4.31184, -2.91569, -5.07865],
							"lerp_mode": "catmullrom"
						},
						"1.25": {
							"post": [-4.32554, -5.40859, -4.88991],
							"lerp_mode": "catmullrom"
						},
						"1.5833": {
							"post": [-4.32554, -5.40859, -4.88991],
							"lerp_mode": "catmullrom"
						},
						"1.6667": {
							"post": [3.18816, -2.91569, -5.07865],
							"lerp_mode": "catmullrom"
						},
						"1.9167": {
							"post": [-4.54355, -2.72284, -2.58547],
							"lerp_mode": "catmullrom"
						},
						"2.3333": {
							"post": [-4.54908, -2.11418, -2.56094],
							"lerp_mode": "catmullrom"
						},
						"2.75": {
							"post": [2.94269, -5.21496, -2.38666],
							"lerp_mode": "catmullrom"
						},
						"2.8333": {
							"post": [-2.14763, -2.82259, -4.98195],
							"lerp_mode": "catmullrom"
						},
						"3.0": {
							"post": [3.38649, -4.93876, -7.39871],
							"lerp_mode": "catmullrom"
						},
						"3.1667": {
							"post": [11.9812, -4.89194, -11.27727],
							"lerp_mode": "catmullrom"
						},
						"3.6667": {
							"post": [9.4812, -4.89194, -11.27727],
							"lerp_mode": "catmullrom"
						},
						"3.9167": {
							"post": [8.76879, -6.08304, -3.83818],
							"lerp_mode": "catmullrom"
						},
						"4.1667": {
							"post": [0, 0, 0],
							"lerp_mode": "catmullrom"
						},
						"4.3333": {
							"post": [2.5, 0, 0],
							"lerp_mode": "catmullrom"
						},
						"4.5": {
							"post": [0, 0, 0],
							"lerp_mode": "catmullrom"
						}
					},
					"position": {
						"0.0": {
							"post": [0, 0, 0],
							"lerp_mode": "catmullrom"
						}
					}
				},
				"zd2": {
					"scale": 0
				},
				"handel_3": {
					"rotation": {
						"0.0": [0, 0, 0],
						"0.1667": [0, 0, 90],
						"3.8333": [0, 0, 90],
						"4.0": [0, 0, 0]
					}
				},
				"mag_extended": {
					"rotation": {
						"1.0": [0, 0, 0],
						"1.0833": [7.5, 0, 0],
						"1.5833": [7.5, 0, 0],
						"1.8333": {
							"pre": [77.5, 0, 0],
							"post": [77.5, 0, 0],
							"lerp_mode": "catmullrom"
						},
						"2.25": {
							"post": [27.11771, 13.34855, -24.26701],
							"lerp_mode": "catmullrom"
						},
						"2.75": {
							"post": [0, 0, 0],
							"lerp_mode": "catmullrom"
						}
					},
					"position": {
						"1.0": [0, 0, 0],
						"1.0833": [0, -1.99144, 0.13053],
						"1.5833": [0, -1.99, 0.13],
						"1.8333": {
							"pre": [0, -54.44388, -12.36287],
							"post": [0, -54.44388, -12.36287],
							"lerp_mode": "catmullrom"
						},
						"2.4167": {
							"post": [1.46105, -25.39126, 10.9421],
							"lerp_mode": "catmullrom"
						},
						"2.8333": {
							"post": [0, 0, 0],
							"lerp_mode": "catmullrom"
						}
					},
					"scale": {
						"1.9167": [1, 1, 1],
						"2.0": [0, 0, 0],
						"2.1667": [0, 0, 0],
						"2.25": [1, 1, 1]
					}
				},
				"hanndel_main2": {
					"rotation": {
						"0.0": {
							"post": [0, 0, 0],
							"lerp_mode": "catmullrom"
						},
						"0.3333": {
							"post": [0, 0, 0],
							"lerp_mode": "catmullrom"
						},
						"0.5": {
							"post": [45, 0, 0],
							"lerp_mode": "catmullrom"
						},
						"3.5": {
							"post": [45, 0, 0],
							"lerp_mode": "catmullrom"
						},
						"3.75": {
							"post": [0, 0, 0],
							"lerp_mode": "catmullrom"
						}
					}
				},
				"barrel_back1": {
					"position": {
						"0.3333": [0, 0, 0],
						"0.5": [0, 0, 6],
						"3.5": [0, 0, 6],
						"3.6667": [0, 0, 0]
					}
				},
				"barrel_back2": {
					"position": {
						"0.3333": [0, 0, 0],
						"0.5": [0, 0, 6],
						"3.5": [0, 0, 6],
						"3.6667": [0, 0, 0]
					}
				},
				"reload2": {
					"position": {
						"0.3333": [0, 0, 0],
						"0.5": [0, 0, 6],
						"3.4167": [0, 0, 6],
						"3.5833": [0, 0, 0]
					}
				},
				"reload": {
					"position": {
						"0.3333": [0, 0, 0],
						"0.5": [0, 0, 6],
						"3.4167": [0, 0, 6],
						"3.5833": [0, 0, 0]
					}
				},
				"part4": {
					"position": {
						"0.0": [0, 0, 0],
						"0.1667": [0, 0, 2],
						"3.5833": [0, 0, 2],
						"3.6667": [0, 0, 0]
					}
				},
				"part1": {
					"position": {
						"0.0": [0, 0, 0],
						"0.1667": [0, 0, 2],
						"3.5833": [0, 0, 2],
						"3.6667": [0, 0, 0]
					}
				}
			},
			"sound_effects": {
				"0.0": {
					"effect": "deep_rock_galactic:thunder/1"
				},
				"2.6667": {
					"effect": "deep_rock_galactic:thunder/2"
				},
				"3.5": {
					"effect": "deep_rock_galactic:thunder/3"
				}
			}
		},
		"shoot": {
			"animation_length": 0.5,
			"bones": {
				"root": {
					"rotation": {
						"0.0": {
							"post": [0, 0, 0],
							"lerp_mode": "catmullrom"
						},
						"0.125": {
							"post": [-1, 0, 0],
							"lerp_mode": "catmullrom"
						},
						"0.5": {
							"post": [0, 0, 0],
							"lerp_mode": "catmullrom"
						}
					},
					"position": {
						"0.0": {
							"post": [0, 0, 0],
							"lerp_mode": "catmullrom"
						},
						"0.125": {
							"post": [0, 0, 2],
							"lerp_mode": "catmullrom"
						},
						"0.5": {
							"post": [0, 0, 0],
							"lerp_mode": "catmullrom"
						}
					}
				},
				"barrel_back1": {
					"position": {
						"0.0": {
							"post": [0, 0, 0],
							"lerp_mode": "catmullrom"
						},
						"0.125": {
							"post": [0, 0, 3.4375],
							"lerp_mode": "catmullrom"
						},
						"0.25": {
							"post": [0, 0, 0],
							"lerp_mode": "catmullrom"
						}
					}
				},
				"barrel_back2": {
					"position": {
						"0.0": {
							"post": [0, 0, 0],
							"lerp_mode": "catmullrom"
						},
						"0.125": {
							"post": [0, 0, 3.4375],
							"lerp_mode": "catmullrom"
						},
						"0.25": {
							"post": [0, 0, 0],
							"lerp_mode": "catmullrom"
						}
					}
				},
				"ammo_count_text_pos": {
					"position": [-0.0625, 0, 0]
				},
				"reload": {
					"position": {
						"0.0": {
							"post": [0, 0, 0],
							"lerp_mode": "catmullrom"
						},
						"0.125": {
							"post": [0, 0, 5.4375],
							"lerp_mode": "catmullrom"
						},
						"0.25": {
							"post": [0, 0, 0],
							"lerp_mode": "catmullrom"
						}
					}
				},
				"reload2": {
					"position": {
						"0.0": {
							"post": [0, 0, 0],
							"lerp_mode": "catmullrom"
						},
						"0.125": {
							"post": [0, 0, 5.4375],
							"lerp_mode": "catmullrom"
						},
						"0.25": {
							"post": [0, 0, 0],
							"lerp_mode": "catmullrom"
						}
					}
				},
				"tt": {
					"position": {
						"0.0": [0, 0, 0],
						"0.125": [0, 0, 1.675],
						"0.25": [0, 0, 0]
					}
				},
				"ammo_count_text_pos2": {
					"position": [-0.0625, 0, 0]
				},
				"camera": {
					"rotation": {
						"0.0": {
							"post": [0, 0, 0],
							"lerp_mode": "catmullrom"
						},
						"0.2083": {
							"post": [-5, 0, 0],
							"lerp_mode": "catmullrom"
						},
						"0.4583": {
							"post": [0, 0, 0],
							"lerp_mode": "catmullrom"
						}
					}
				},
				"ammo_left2": {
					"rotation": {
						"0.0": {
							"post": [0, 0, 0],
							"lerp_mode": "catmullrom"
						},
						"0.125": {
							"post": [0, 0, -23.7],
							"lerp_mode": "catmullrom"
						},
						"0.5": {
							"post": [0, 0, 0],
							"lerp_mode": "catmullrom"
						}
					},
					"position": {
						"0.0": {
							"post": [0, 0, 0],
							"lerp_mode": "catmullrom"
						},
						"0.125": {
							"post": [-0.75, 0.375, 0],
							"lerp_mode": "catmullrom"
						},
						"0.5": {
							"post": [0, 0, 0],
							"lerp_mode": "catmullrom"
						}
					}
				},
				"ammo_right2": {
					"rotation": {
						"0.0": {
							"post": [0, 0, 0],
							"lerp_mode": "catmullrom"
						},
						"0.125": {
							"post": [0, 0, -23.7],
							"lerp_mode": "catmullrom"
						},
						"0.5": {
							"post": [0, 0, 0],
							"lerp_mode": "catmullrom"
						}
					},
					"position": {
						"0.0": {
							"post": [0, 0, 0],
							"lerp_mode": "catmullrom"
						},
						"0.125": {
							"post": [-0.75, 0.375, 0],
							"lerp_mode": "catmullrom"
						},
						"0.5": {
							"post": [0, 0, 0],
							"lerp_mode": "catmullrom"
						}
					}
				}
			}
		},
		"static_bolt_caught": {
			"loop": true,
			"bones": {
				"ammo_left2": {
					"scale": 0
				},
				"ammo_right2": {
					"scale": 0
				}
			}
		},
		"reload_empty": {
			"loop": "hold_on_last_frame",
			"animation_length": 5,
			"bones": {
				"lefthand_pos_and_zd": {
					"rotation": {
						"0.0": {
							"post": [90, 0, 0],
							"lerp_mode": "catmullrom"
						},
						"0.1667": {
							"post": [90, 0, 90],
							"lerp_mode": "catmullrom"
						},
						"0.4167": {
							"post": [90, 0, 90],
							"lerp_mode": "catmullrom"
						},
						"0.5833": {
							"post": [90, -17.5, 90],
							"lerp_mode": "catmullrom"
						},
						"0.9167": {
							"post": [55.32416, 6.40034, -2.29299],
							"lerp_mode": "catmullrom"
						},
						"1.0": {
							"post": [113.66021, 21.09687, 21.72451],
							"lerp_mode": "catmullrom"
						},
						"1.25": {
							"post": [112.98584, 16.5049, 19.63391],
							"lerp_mode": "catmullrom"
						},
						"1.5": {
							"post": [90.94702, 11.09751, 38.85794],
							"lerp_mode": "catmullrom"
						},
						"1.5833": {
							"post": [113.66021, 21.09687, 21.72451],
							"lerp_mode": "catmullrom"
						},
						"1.8333": {
							"post": [161.16021, 21.09687, 21.72451],
							"lerp_mode": "catmullrom"
						},
						"2.25": {
							"post": [140.07031, -62.0051, 65.19325],
							"lerp_mode": "catmullrom"
						},
						"2.8333": {
							"post": [111.13619, -3.41458, 110.40547],
							"lerp_mode": "catmullrom"
						},
						"3.0833": {
							"post": [112.47483, -19.68093, 103.79276],
							"lerp_mode": "catmullrom"
						},
						"3.25": {
							"post": [90, -17.5, 90],
							"lerp_mode": "catmullrom"
						},
						"3.5": {
							"post": [90, -17.5, 90],
							"lerp_mode": "catmullrom"
						},
						"3.6667": {
							"post": [90, 0, 90],
							"lerp_mode": "catmullrom"
						},
						"3.8333": {
							"post": [90, 0, 90],
							"lerp_mode": "catmullrom"
						},
						"4.0": {
							"post": [90, 0, 0],
							"lerp_mode": "catmullrom"
						}
					},
					"position": {
						"0.0": {
							"post": [17, 14, 5],
							"lerp_mode": "catmullrom"
						},
						"0.1667": {
							"post": [20.75, 17.17296, 4.29657],
							"lerp_mode": "catmullrom"
						},
						"0.3333": {
							"post": [20.75, 17.17296, 4.29657],
							"lerp_mode": "catmullrom"
						},
						"0.5": {
							"post": [20.75, 16.72388, -2.01268],
							"lerp_mode": "catmullrom"
						},
						"0.9167": {
							"post": [20.33229, 19.72848, 4.78571],
							"lerp_mode": "catmullrom"
						},
						"1.0": {
							"post": [18.75, 16.25201, 2.53052],
							"lerp_mode": "catmullrom"
						},
						"1.1667": {
							"post": [18.75, 16.25201, 2.53052],
							"lerp_mode": "catmullrom"
						},
						"1.5": {
							"post": [20.33229, 19.72848, 4.78571],
							"lerp_mode": "catmullrom"
						},
						"1.5833": {
							"post": [17.5747, 12.44736, 0.57253],
							"lerp_mode": "catmullrom"
						},
						"1.8333": {
							"post": [15.93128, 7.91269, 4.41583],
							"lerp_mode": "catmullrom"
						},
						"2.4167": {
							"post": [19.91844, -16.6512, 11.60529],
							"lerp_mode": "catmullrom"
						},
						"2.8333": {
							"post": [18.21038, -1.03558, 1.34147],
							"lerp_mode": "catmullrom"
						},
						"3.0833": {
							"post": [24.24403, 7.02246, 11.61222],
							"lerp_mode": "catmullrom"
						},
						"3.3333": {
							"post": [20.75, 16.72388, -2.01268],
							"lerp_mode": "catmullrom"
						},
						"3.5833": {
							"post": [20.75, 16.72388, -2.01268],
							"lerp_mode": "catmullrom"
						},
						"3.75": {
							"post": [20.75, 17.17296, 4.29657],
							"lerp_mode": "catmullrom"
						},
						"3.8333": {
							"post": [20.75, 17.17296, 4.29657],
							"lerp_mode": "catmullrom"
						},
						"4.0": {
							"post": [17, 14, 5],
							"lerp_mode": "catmullrom"
						}
					}
				},
				"righthand_pos": {
					"rotation": [110, 0, 0],
					"position": [-6, 22, 20]
				},
				"root": {
					"rotation": {
						"0.0": {
							"post": [0, 0, 0],
							"lerp_mode": "catmullrom"
						},
						"0.1667": {
							"post": [-12.5, 0, 0],
							"lerp_mode": "catmullrom"
						},
						"0.4167": {
							"post": [-22.5, 0, 0],
							"lerp_mode": "catmullrom"
						},
						"0.5833": {
							"post": [-19.4126, 7.90243, -0.12616],
							"lerp_mode": "catmullrom"
						},
						"1.0": {
							"post": [-37.5, 0, 0],
							"lerp_mode": "catmullrom"
						},
						"1.1667": {
							"post": [-27.5, 0, 0],
							"lerp_mode": "catmullrom"
						},
						"1.5": {
							"post": [-37.5, 0, 0],
							"lerp_mode": "catmullrom"
						},
						"1.5833": {
							"post": [-32.5, 0, 0],
							"lerp_mode": "catmullrom"
						},
						"1.75": {
							"post": [-32.5, 0, 0],
							"lerp_mode": "catmullrom"
						},
						"2.1667": {
							"post": [-13.9135, -16.99067, -22.06628],
							"lerp_mode": "catmullrom"
						},
						"2.4167": {
							"post": [-18.9135, -16.99067, -22.06628],
							"lerp_mode": "catmullrom"
						},
						"2.75": {
							"post": [-18.9135, -16.99067, -22.06628],
							"lerp_mode": "catmullrom"
						},
						"2.8333": {
							"post": [-15.19226, -20.91337, -36.52036],
							"lerp_mode": "catmullrom"
						},
						"3.0": {
							"post": [-18.9135, -16.99067, -22.06628],
							"lerp_mode": "catmullrom"
						},
						"3.3333": {
							"post": [1.83132, -14.20318, 6.80578],
							"lerp_mode": "catmullrom"
						},
						"3.5833": {
							"post": [1.83132, -14.20318, 6.80578],
							"lerp_mode": "catmullrom"
						},
						"3.75": {
							"post": [1.90221, -19.36489, 6.71344],
							"lerp_mode": "catmullrom"
						},
						"4.0": {
							"post": [1.90221, -19.36489, 6.71344],
							"lerp_mode": "catmullrom"
						},
						"4.1667": {
							"post": [-10.07752, -14.31814, 14.54369],
							"lerp_mode": "catmullrom"
						},
						"4.5": {
							"post": [0, 0, 0],
							"lerp_mode": "catmullrom"
						},
						"4.75": {
							"post": [0, 0, 0],
							"lerp_mode": "catmullrom"
						}
					},
					"position": {
						"0.0": {
							"post": [0, 0, 0],
							"lerp_mode": "catmullrom"
						},
						"0.4167": {
							"post": [3, -7.38268, 5.92388],
							"lerp_mode": "catmullrom"
						},
						"0.75": {
							"post": [0, -7, 5],
							"lerp_mode": "catmullrom"
						},
						"1.0": {
							"post": [0, -7, 5],
							"lerp_mode": "catmullrom"
						},
						"1.0833": {
							"post": [0, -7.88701, 4.53825],
							"lerp_mode": "catmullrom"
						},
						"1.25": {
							"post": [0, -7, 5],
							"lerp_mode": "catmullrom"
						},
						"1.4167": {
							"post": [0, -7, 5],
							"lerp_mode": "catmullrom"
						},
						"1.5833": {
							"post": [0, -7.88701, 4.53825],
							"lerp_mode": "catmullrom"
						},
						"2.0833": {
							"post": [-3, -2.95, 5.08],
							"lerp_mode": "catmullrom"
						},
						"2.5833": {
							"post": [-3, -2.95, 5.08],
							"lerp_mode": "catmullrom"
						},
						"2.75": {
							"post": [-3, -2.95, 5.08],
							"lerp_mode": "catmullrom"
						},
						"3.0": {
							"post": [-3, -2.95, 5.08],
							"lerp_mode": "catmullrom"
						},
						"3.4167": {
							"post": [0, -4, 0],
							"lerp_mode": "catmullrom"
						},
						"3.5833": {
							"post": [0, -4, 0],
							"lerp_mode": "catmullrom"
						},
						"3.75": {
							"post": [0, -4.05, 2],
							"lerp_mode": "catmullrom"
						},
						"4.0": {
							"post": [0, -4.05, 2],
							"lerp_mode": "catmullrom"
						},
						"4.1667": {
							"post": [0, -4, 0],
							"lerp_mode": "catmullrom"
						},
						"4.5": {
							"post": [0, 0, 0],
							"lerp_mode": "catmullrom"
						},
						"4.75": {
							"post": [0, 0, 0],
							"lerp_mode": "catmullrom"
						}
					}
				},
				"camera": {
					"rotation": {
						"0.0": {
							"post": [0, 0, 0],
							"lerp_mode": "catmullrom"
						},
						"0.1667": {
							"post": [0, 2.5, 0],
							"lerp_mode": "catmullrom"
						},
						"0.3333": {
							"post": [-4.64679, -0.22926, -2.79547],
							"lerp_mode": "catmullrom"
						},
						"0.5": {
							"post": [-4.32554, -5.40859, -4.88991],
							"lerp_mode": "catmullrom"
						},
						"0.625": {
							"post": [-0.39851, -0.41543, -1.59707],
							"lerp_mode": "catmullrom"
						},
						"1.0": {
							"post": [-4.55731, -5.21496, -2.38666],
							"lerp_mode": "catmullrom"
						},
						"1.0833": {
							"post": [-4.31184, -2.91569, -5.07865],
							"lerp_mode": "catmullrom"
						},
						"1.25": {
							"post": [-4.32554, -5.40859, -4.88991],
							"lerp_mode": "catmullrom"
						},
						"1.5417": {
							"post": [-4.32554, -5.40859, -4.88991],
							"lerp_mode": "catmullrom"
						},
						"1.625": {
							"post": [3.18816, -2.91569, -5.07865],
							"lerp_mode": "catmullrom"
						},
						"1.9167": {
							"post": [-4.54355, -2.72284, -2.58547],
							"lerp_mode": "catmullrom"
						},
						"2.3333": {
							"post": [-4.54908, -2.11418, -2.56094],
							"lerp_mode": "catmullrom"
						},
						"2.75": {
							"post": [2.94269, -5.21496, -2.38666],
							"lerp_mode": "catmullrom"
						},
						"2.8333": {
							"post": [-2.14763, -2.82259, -4.98195],
							"lerp_mode": "catmullrom"
						},
						"3.0": {
							"post": [3.38649, -4.93876, -7.39871],
							"lerp_mode": "catmullrom"
						},
						"3.1667": {
							"post": [11.9812, -4.89194, -11.27727],
							"lerp_mode": "catmullrom"
						},
						"3.6667": {
							"post": [9.4812, -4.89194, -11.27727],
							"lerp_mode": "catmullrom"
						},
						"3.9167": {
							"post": [8.76879, -6.08304, -3.83818],
							"lerp_mode": "catmullrom"
						},
						"4.1667": {
							"post": [0, 0, 0],
							"lerp_mode": "catmullrom"
						},
						"4.3333": {
							"post": [2.5, 0, 0],
							"lerp_mode": "catmullrom"
						},
						"4.5": {
							"post": [0, 0, 0],
							"lerp_mode": "catmullrom"
						}
					},
					"position": {
						"0.0": {
							"post": [0, 0, 0],
							"lerp_mode": "catmullrom"
						}
					}
				},
				"zd2": {
					"scale": 0
				},
				"mag_extended": {
					"rotation": {
						"1.0": [0, 0, 0],
						"1.0833": [7.5, 0, 0],
						"1.5833": [7.5, 0, 0],
						"1.8333": {
							"pre": [77.5, 0, 0],
							"post": [77.5, 0, 0],
							"lerp_mode": "catmullrom"
						},
						"2.25": {
							"post": [27.11771, 13.34855, -24.26701],
							"lerp_mode": "catmullrom"
						},
						"2.75": {
							"post": [0, 0, 0],
							"lerp_mode": "catmullrom"
						}
					},
					"position": {
						"1.0": [0, 0, 0],
						"1.0833": [0, -1.99144, 0.13053],
						"1.5833": [0, -1.99, 0.13],
						"1.8333": {
							"pre": [0, -54.44388, -12.36287],
							"post": [0, -54.44388, -12.36287],
							"lerp_mode": "catmullrom"
						},
						"2.4167": {
							"post": [1.46105, -25.39126, 10.9421],
							"lerp_mode": "catmullrom"
						},
						"2.8333": {
							"post": [0, 0, 0],
							"lerp_mode": "catmullrom"
						}
					},
					"scale": {
						"1.9167": [1, 1, 1],
						"2.0": [0, 0, 0],
						"2.1667": [0, 0, 0],
						"2.25": [1, 1, 1]
					}
				},
				"ammo_left2": {
					"scale": {
						"0.0": [0, 0, 0],
						"2.2917": [0, 0, 0],
						"2.3333": [1, 1, 1]
					}
				},
				"hanndel_main2": {
					"rotation": {
						"0.0": {
							"post": [0, 0, 0],
							"lerp_mode": "catmullrom"
						},
						"0.3333": {
							"post": [0, 0, 0],
							"lerp_mode": "catmullrom"
						},
						"0.5": {
							"post": [45, 0, 0],
							"lerp_mode": "catmullrom"
						},
						"3.5": {
							"post": [45, 0, 0],
							"lerp_mode": "catmullrom"
						},
						"3.75": {
							"post": [0, 0, 0],
							"lerp_mode": "catmullrom"
						}
					}
				},
				"handel_3": {
					"rotation": {
						"0.0": [0, 0, 0],
						"0.1667": [0, 0, 90],
						"3.8333": [0, 0, 90],
						"4.0": [0, 0, 0]
					}
				},
				"barrel_back1": {
					"position": {
						"0.2917": [0, 0, 0],
						"0.4583": [0, 0, 6],
						"3.4583": [0, 0, 6],
						"3.625": [0, 0, 0]
					}
				},
				"barrel_back2": {
					"position": {
						"0.2917": [0, 0, 0],
						"0.4583": [0, 0, 6],
						"3.4583": [0, 0, 6],
						"3.625": [0, 0, 0]
					}
				},
				"reload2": {
					"position": {
						"0.2917": [0, 0, 0],
						"0.4583": [0, 0, 6],
						"3.4167": [0, 0, 6],
						"3.5833": [0, 0, 0]
					}
				},
				"reload": {
					"position": {
						"0.2917": [0, 0, 0],
						"0.4583": [0, 0, 6],
						"3.4167": [0, 0, 6],
						"3.5833": [0, 0, 0]
					}
				},
				"part4": {
					"position": {
						"0.0": [0, 0, 0],
						"0.1667": [0, 0, 2],
						"3.5833": [0, 0, 2],
						"3.6667": [0, 0, 0]
					}
				},
				"part1": {
					"position": {
						"0.0": [0, 0, 0],
						"0.1667": [0, 0, 2],
						"3.5833": [0, 0, 2],
						"3.6667": [0, 0, 0]
					}
				}
			},
			"sound_effects": {
				"0.0": {
					"effect": "deep_rock_galactic:thunder/1"
				},
				"2.7083": {
					"effect": "deep_rock_galactic:thunder/2"
				},
				"3.5417": {
					"effect": "deep_rock_galactic:thunder/3"
				}
			}
		},
		"shoot_left": {
			"animation_length": 0.5,
			"bones": {
				"root": {
					"rotation": {
						"0.0": {
							"post": [0, 0, 0],
							"lerp_mode": "catmullrom"
						},
						"0.125": {
							"post": [-1, 0, 0],
							"lerp_mode": "catmullrom"
						},
						"0.5": {
							"post": [0, 0, 0],
							"lerp_mode": "catmullrom"
						}
					},
					"position": {
						"0.0": {
							"post": [0, 0, 0],
							"lerp_mode": "catmullrom"
						},
						"0.125": {
							"post": [0, 0, 2],
							"lerp_mode": "catmullrom"
						},
						"0.5": {
							"post": [0, 0, 0],
							"lerp_mode": "catmullrom"
						}
					}
				},
				"barrel_back2": {
					"position": {
						"0.0": {
							"post": [0, 0, 0],
							"lerp_mode": "catmullrom"
						},
						"0.125": {
							"post": [0, 0, 3.4375],
							"lerp_mode": "catmullrom"
						},
						"0.25": {
							"post": [0, 0, 0],
							"lerp_mode": "catmullrom"
						}
					}
				},
				"ammo_count_text_pos": {
					"position": [-0.0625, 0, 0]
				},
				"reload2": {
					"position": {
						"0.0": {
							"post": [0, 0, 0],
							"lerp_mode": "catmullrom"
						},
						"0.125": {
							"post": [0, 0, 5.4375],
							"lerp_mode": "catmullrom"
						},
						"0.25": {
							"post": [0, 0, 0],
							"lerp_mode": "catmullrom"
						}
					}
				},
				"ammo_count_text_pos2": {
					"position": [-0.0625, 0, 0]
				},
				"camera": {
					"rotation": {
						"0.0": {
							"post": [0, 0, 0],
							"lerp_mode": "catmullrom"
						},
						"0.2083": {
							"post": [-5, 0, 0],
							"lerp_mode": "catmullrom"
						},
						"0.4583": {
							"post": [0, 0, 0],
							"lerp_mode": "catmullrom"
						}
					}
				},
				"part_left": {
					"position": {
						"0.0": [0, 0, 0],
						"0.125": [0, 0, 1.675],
						"0.25": [0, 0, 0]
					}
				},
				"ammo_left2": {
					"rotation": {
						"0.0": {
							"post": [0, 0, 0],
							"lerp_mode": "catmullrom"
						},
						"0.125": {
							"post": [0, 0, -23.7],
							"lerp_mode": "catmullrom"
						},
						"0.5": {
							"post": [0, 0, 0],
							"lerp_mode": "catmullrom"
						}
					},
					"position": {
						"0.0": {
							"post": [0, 0, 0],
							"lerp_mode": "catmullrom"
						},
						"0.125": {
							"post": [-0.75, 0.375, 0],
							"lerp_mode": "catmullrom"
						},
						"0.5": {
							"post": [0, 0, 0],
							"lerp_mode": "catmullrom"
						}
					}
				}
			}
		},
		"shoot_right": {
			"animation_length": 0.5,
			"bones": {
				"root": {
					"rotation": {
						"0.0": {
							"post": [0, 0, 0],
							"lerp_mode": "catmullrom"
						},
						"0.125": {
							"post": [-1, 0, 0],
							"lerp_mode": "catmullrom"
						},
						"0.5": {
							"post": [0, 0, 0],
							"lerp_mode": "catmullrom"
						}
					},
					"position": {
						"0.0": {
							"post": [0, 0, 0],
							"lerp_mode": "catmullrom"
						},
						"0.125": {
							"post": [0, 0, 2],
							"lerp_mode": "catmullrom"
						},
						"0.5": {
							"post": [0, 0, 0],
							"lerp_mode": "catmullrom"
						}
					}
				},
				"barrel_back1": {
					"position": {
						"0.0": {
							"post": [0, 0, 0],
							"lerp_mode": "catmullrom"
						},
						"0.125": {
							"post": [0, 0, 3.4375],
							"lerp_mode": "catmullrom"
						},
						"0.25": {
							"post": [0, 0, 0],
							"lerp_mode": "catmullrom"
						}
					}
				},
				"ammo_count_text_pos": {
					"position": [-0.0625, 0, 0]
				},
				"reload": {
					"position": {
						"0.0": {
							"post": [0, 0, 0],
							"lerp_mode": "catmullrom"
						},
						"0.125": {
							"post": [0, 0, 5.4375],
							"lerp_mode": "catmullrom"
						},
						"0.25": {
							"post": [0, 0, 0],
							"lerp_mode": "catmullrom"
						}
					}
				},
				"ammo_count_text_pos2": {
					"position": [-0.0625, 0, 0]
				},
				"camera": {
					"rotation": {
						"0.0": {
							"post": [0, 0, 0],
							"lerp_mode": "catmullrom"
						},
						"0.2083": {
							"post": [-5, 0, 0],
							"lerp_mode": "catmullrom"
						},
						"0.4583": {
							"post": [0, 0, 0],
							"lerp_mode": "catmullrom"
						}
					}
				},
				"part_right": {
					"position": {
						"0.0": [0, 0, 0],
						"0.125": [0, 0, 1.675],
						"0.25": [0, 0, 0]
					}
				},
				"ammo_right2": {
					"rotation": {
						"0.0": {
							"post": [0, 0, 0],
							"lerp_mode": "catmullrom"
						},
						"0.125": {
							"post": [0, 0, 25.3],
							"lerp_mode": "catmullrom"
						},
						"0.5": {
							"post": [0, 0, 0],
							"lerp_mode": "catmullrom"
						}
					},
					"position": {
						"0.0": {
							"post": [0, 0, 0],
							"lerp_mode": "catmullrom"
						},
						"0.125": {
							"post": [-0.12743, 0.04815, 0],
							"lerp_mode": "catmullrom"
						},
						"0.5": {
							"post": [0, 0, 0],
							"lerp_mode": "catmullrom"
						}
					}
				}
			}
		}
	}
}