{
  "name": "混凝土路",
  "category": "tfc:roadsandroofs",
  "icon": "rnr:concrete_road_panel",
  "pages": [
    {
		"type": "patchouli:text",
		"text": "混凝土路是可以建造的最快的道路，在建造得当的情况下可以提高30%。然而建造者必须在修建道路的时候耗费大量精力，以防止它们在潮湿时开裂或被踩踏，否则速度加成将会消失。"
	},
    {
      "type": "patchouli:image",
      "title": "混凝土路",
      "images": [
        "rnr:textures/gui/book/concrete_road.png"
      ],
      "border": true
    },
    {
      "type": "patchouli:crafting",
      "anchor": "concrete_powder",
      "recipe": "rnr:crafting/concrete_powder",
      "title": "制造混凝土",
      "text": "修建混凝土路的第一步是搅拌混凝土。首先，用路基碎石和石灰制作干混凝土。"
    },
    {
      "type": "tfc:instant_barrel_recipe",
      "anchor": "limewater",
      "recipe": "rnr:barrel/concrete_from_powder",
      "title": "制造混凝土",
      "text": "接着将其放入盛有清水的大桶中。"
    },
    {
      "type": "patchouli:text",
      "text": "成功制成湿混凝土后，就可以拿起盛装它的大桶并将其浇在路基方块上，它会自动蔓延到附近的路基上。混凝土在一天之后会变硬，在变硬之前，注意不要让任何生物站在其上方，否则会产生不平整的表面，使其速度加成消失。你可以用鹤嘴锄把脚印抹平。"
    },
    {
      "type": "patchouli:image",
      "title": "浇筑混凝土道路",
      "images": [
        "rnr:textures/gui/book/wet_concrete.png"
      ],
      "border": true
    },
    {
      "type": "patchouli:text",
      "text": "混凝土凝固时，收缩开裂也是一个需要关注的问题。如果混凝土在同一个方向上浇筑的长度超越了四格，距离整体任一方向上的边缘或控制接缝超过两格的混凝土将开裂。你可以在一个较小的区域浇筑混凝土、每第五个方块使用鹤嘴锄凿制控制接缝或添加纹理饰面来防止开裂。"
    },
	{
		"type": "patchouli:image",
		"title": "控制接缝",
		"images": [
        "rnr:textures/gui/book/control_joints.png"
      ],
		"border": true
	},
    {
      "type": "patchouli:text",
      "text": "纹理饰面是通过将石砖，石板或平滑石压入正在干燥的混凝土中形成的。拥有纹理饰面的混凝土还可以当做控制接缝使用以防止开裂。混凝土干燥后，你可以用凿子来凿制台阶和楼梯。"
    },
    {
      "type": "patchouli:image",
      "title": "人造石砖路",
      "images": [
        "rnr:textures/gui/book/faux_sett.png"
      ],
      "border": true
    }
  ],
  "read_by_default": true,
  "sortnum": 20
}