{
  "name": "砂砾路和碎石路",
  "category": "tfc:roadsandroofs",
  "icon": "rnr:rock/gravel_road/chert",
  "pages": [
    {
      "type": "patchouli:crafting",
      "anchor": "gravel_fill",
      "recipe": "rnr:crafting/gravel_fill/chert",
      "title": "混合碎石",
      "text": "你可以使用少量的砂砾填充路基来形成一条简单的道路，使步行速度提高10%。你也可以添加额外的砂砾填料并用鹤嘴锄将其夯实以建造一条提高20%步行速度的碎石路。"
    },
	{
		"type": "patchouli:image",
		"title": "建造碎石路",
		"images": [
        "rnr:textures/gui/book/macadam.png"
      ],
		"border": true
	}
  ],
  "read_by_default": true,
  "sortnum": 8
}