{
  "name": "砂石路",
  "category": "tfc:roadsandroofs",
  "icon": "rnr:hoggin",
  "pages": [
    {
      "type": "patchouli:crafting",
      "anchor": "hoggin_mix",
      "recipe": "rnr:crafting/hoggin_mix",
      "title": "砂石混合物",
      "text": "砂石是一种由粘土、砾石和沙子混合而成的可压实的地面覆盖物。它可以被填充在路基上以产生一条简单的路径，使行走速度提高10%。"
    },
    {
      "type": "patchouli:text",
      "text": ""
    }
  ],
  "read_by_default": true,
  "sortnum": 4
}