{
	"name": "铺路",
	"category": "tfc:roadsandroofs",
	"icon": "rnr:metal/mattock/bismuth_bronze",
	"pages": [
	{
		"type": "patchouli:text",
		"text": "道路施工包括三个基本步骤：用鹤嘴锄夯实泥土，铺设路基，铺设表层材料。不同种类的道路需要不同的表层材料，具体道路的铺设方法将在对应的章节中详细介绍。"
	},
	{
		"type": "patchouli:image",
		"title": "建设道路",
		"images": [
        "rnr:textures/gui/book/path_building.png"
      ],
		"border": true
	},
	{
		"type": "patchouli:text",
		"text": "你可以对壤土方块使用鹤嘴锄，具体原理和凿子类似。在默认模式下，鹤嘴锄会将壤土方块夯实。夯实壤泥后，你还需要使用路基碎石来将其变为夯实的壤土。"
	},
	{
		"type": "patchouli:text",
		"text": "夯实壤土后，下一步是铺设路基。路基碎石需要用砂砾、石子和锤子制作，手持它右键以将其铺设在夯实的壤土上。这种碎石铺设的路面为后面供人行走的路面提供了坚实的基础。"
	},
	{
		"type": "patchouli:text",
		"text": "铺路的最后一步是铺设路面。你可以使用不同的物品来铺设路面，例如砖块，砂石和石子，手持它们对路基右键即可铺设一条可供行走的道路。不同类型的表层材料铺设的不同类型的道路将提供不同大小的移动速度加成。有关具体道路的信息请到对应的章节中查阅。"
	}
	
	],
	"read_by_default": true,
	"sortnum": 1
}