{
	"name": "铺设屋顶",
	"category": "tfc:roadsandroofs",
	"icon": "rnr:terracotta_roof_stairs",
	"pages": [
	{
		"type": "patchouli:text",
		"text": "屋顶施工从框架开始。屋顶框架方块可以用木材和木棒制成，并进一步加工成台阶和楼梯框架。这些方块可用于勾勒屋顶的形状。"
	},
    {
      "type": "patchouli:crafting",
      "anchor": "roof_frame",
      "recipe": "rnr:crafting/roof_framing",
      "title": "屋顶框架",
      "text": "屋顶框架是所有屋顶的起点。"
    },
	{
		"type": "patchouli:text",
		"text": "屋顶框架就位后，可以用任何屋顶材料对其右键以构建相应的屋顶。屋顶材料的类型包括干草。陶瓦、木瓦，以及更多。"
	},
    {
      "type": "patchouli:image",
      "title": "铺设屋顶",
      "images": [
        "rnr:textures/gui/book/thatching.png"
      ],
      "border": true
    }
    ],
	"read_by_default": true,
	"sortnum": 30
}