{
  "name": "石头路",
  "category": "tfc:roadsandroofs",
  "icon": "rnr:rock/flagstones/basalt",
  "pages": [
    {
		"type": "patchouli:text",
		"text": "你可以使用各种各样的石头作为道路的表层材料，所有用石头铺设的道路都提供了20%的移动速度加成。圆石路是通过在路基上铺设石子制成的。石砖路可以用石砖和红砖来铺设。"
	},
    {
      "type": "patchouli:crafting",
      "anchor": "gneiss_flagstones",
      "recipe": "rnr:crafting/flagstone/gneiss",
      "title": "制造石板",
      "text": "石板可以用平滑石制成。"
    },
	{
      "type": "patchouli:crafting",
      "anchor": "pink_sandstone_flagstones",
      "recipe": "rnr:crafting/flagstone/pink_sandstone",
      "title": "制造石板",
      "text": "石板也可以用切制砂岩制成。"
    },
	{
		"type": "patchouli:image",
		"title": "玄武岩砖路",
		"images": [
        "rnr:textures/gui/book/sett_road.png"
      ],
		"border": true
	}
  ],
  "read_by_default": true,
  "sortnum": 12
}