{
  "__comment__": "This file was automatically created by mcresources",
  "name": "养蜂",
  "category": "tfc:firmalife",
  "icon": "firmalife:beehive",
  "pages": [
    {
      "type": "patchouli:text",
      "text": "$(thing)蜂箱$()是用来养蜂的地方。蜂箱需要$(thing)巢脾$()在蜂箱里以让蜜蜂存活。从活跃的蜂箱中移除巢脾会导致蜜蜂攻击你，除非是在晚上,或是有一个$(thing)篝火$()在蜂箱下。蜂箱有传粉的作用。在作用到60朵花后，增益会减少。"
    },
    {
      "type": "patchouli:crafting",
      "recipe": "firmalife:crafting/beehive",
      "recipe2": "firmalife:crafting/beehive_frame"
    },
    {
      "type": "patchouli:text",
      "text": "蜜蜂对周围五个方块半径内有效。如果蜂箱周围至少有10朵花，那就有几率在一个空的巢脾中产生$(thing)蜂王$()。在蜂箱周围的粒子效果会突出这一点。在一个蜂箱中放入4个巢脾将大大增加蜜蜂进入的机会。"
    },
    {
      "type": "patchouli:text",
      "text": "如果一个蜂箱有两个带蜂王的巢脾，加上一个空的巢脾，它们就有可能$(thing)配种$()并在空的巢脾上产生一个新的蜂王。新的蜂王会继承它的祖先的$(thing)能力$()。$(thing)能力$()是蜜蜂拥有的一些不同特点，这决定了它们如何影响周围的环境。这些能力有1-10的等级，其中10是最大的。"
    },
    {
      "type": "patchouli:crafting",
      "recipe": "firmalife:crafting/honey_jar_open",
      "text": "蜜蜂还会生产$(thing)蜂蜜$()。手持$(l:tfc:firmalife/jar)空罐子$()对一个看上去有蜂蜜的蜂箱按下$(item)$(k:key.use)$()会获得一个$(thing)蜂蜜罐$()。打开蜂蜜罐后，你将得到$(thing)生蜂蜜$()，一个$(thing)糖$()替代品。"
    },
    {
      "type": "patchouli:text",
      "text": "在物品栏有$(thing)刀$()时左键拿起刀，对一个有蜂王的巢脾按$(item)$(k:key.use)$()可以获得有用的$(thing)蜂蜡$()。注意，这个操作会杀死巢脾中的蜂王!"
    },
    {
      "type": "patchouli:crafting",
      "recipe": "firmalife:crafting/treated_lumber",
      "text": "蜂蜡最重要的作用是制作$(thing)防腐木材$()。"
    },
    {
      "type": "patchouli:text",
      "text": "$(li)蜜蜂可以帮种植盆提供营养。$()$(li)注意，用刀刮蜂脾会牺牲蜂王!$()$(li)把身体弄湿可以防止蜜蜂攻击你。$()",
      "title": "养蜂提示"
    },
    {
      "type": "patchouli:text",
      "text": "$(li)$(thing)耐寒性$(): 可以让蜜蜂在更低的温度下生产蜂蜜。10级的耐寒性可以忍受-16°C的低温，而1级的耐寒性可以忍受2°C的低温。$()$(li)$(thing)生产力$(): 提高蜂蜜生产的速度。$()$(li)$(thing)突变体$(): 提高配种时传给下一代的能力值的标准差。$()。",
      "title": "能力列表"
    },
    {
      "type": "patchouli:text",
      "text": "$(li)$(thing)生育能力$(): 提高配种的可能性。$()$(li)$(thing)作物亲和力$(): 给农作物传递少量营养物质的可能性。$()$(li)$(thing)自然修复$(): 造成新的花或荷叶在蜂箱附近生成。$()$(li)$(thing)冷静度$(): 降低蜜蜂攻击你的可能性$()。"
    },
    {
      "type": "patchouli:text",
      "text": "具有高突变能力的蜜蜂将可能会患上$(thing)遗传疾病$()。患有遗传疾病的蜜蜂会将疾病传给后代，他们并不产蜜。"
    }
  ],
  "read_by_default": true,
  "sortnum": 10
}