{
  "__comment__": "This file was automatically created by mcresources",
  "name": "面包",
  "category": "tfc:firmalife",
  "icon": "tfc:textures/item/food/barley_bread.png",
  "pages": [
    {
      "type": "patchouli:text",
      "text": "想要制作$(thing)面包$()，第一要务就是获取$(thing)酵母$()。要获取你的第一个酵母,封存$(l:tfc:firmalife/drying)干枯的植物$()在一个装满$(thing)水$()的木桶中。许多天后,$(thing)酵母发酵剂$()将会形成.$(br)从现在起，你的酵母可以通过用$(thing)面粉$()将酵母发酵剂密封在桶里来喂养。 这导致它成倍增加。每100毫升酵母1个面粉产生600毫升酵母。这可是个好生意！"
    },
    {
      "type": "patchouli:crafting",
      "recipe": "firmalife:crafting/barley_dough",
      "text": "酵种，甜味剂，加上面粉，就可以合成$(thing)面团$()。把面团烤熟就可以得到$(thing)面包$()了!"
    },
    {
      "type": "patchouli:crafting",
      "recipe": "firmalife:crafting/barley_slice",
      "title": "切片面包",
      "text": "烘烤后，你就可以用一把$(thing)刀$()以将面包切成$(thing)切片$()。这些随后也可以用在$(l:tfc:mechanics/sandwiches)三明治制作$()中，或被烹饪成$(thing)吐司$()，它可以涂上$(thing)黄油$()直接吃或者保存起来。"
    },
    {
      "type": "patchouli:crafting",
      "recipe": "firmalife:crafting/toast_with_butter",
      "recipe2": "firmalife:crafting/toast_with_jam",
      "title": "吐司"
    }
  ],
  "read_by_default": true,
  "sortnum": 16
}