{
  "__comment__": "This file was automatically created by mcresources",
  "name": "地窖",
  "category": "tfc:firmalife",
  "icon": "firmalife:sealed_bricks",
  "pages": [
    {
      "type": "patchouli:text",
      "text": "$(thing)地窖$()是一个多方块结构，受$(l:tfc:firmalife/climate_station)气象基地$()控制.地窖多方块结构的唯一需求是是在一个四周都是$(thing)密封砖$()或$(thing)密封砖门$()的封闭区域内。气象基地必须放置在地窖的第一层，并与墙壁接触。"
    },
    {
      "type": "patchouli:multiblock",
      "multiblock_id": "firmalife:cellar",
      "name": "地窖的一个范例",
      "text": "这只是你可以建造的无数种地窖的一个例子!",
      "enable_visualize": true
    },
    {
      "type": "patchouli:crafting",
      "recipe": "firmalife:crafting/sealed_bricks",
      "recipe2": "firmalife:crafting/sealed_door"
    },
    {
      "type": "patchouli:text",
      "text": "$(thing)蜂蜡$()可以从$(l:tfc:firmalife/beekeeping)养蜂$()这一行为中获取。$(br)地窖可以用来$(l:tfc:firmalife/cheese#aging)老化奶酪$()。"
    },
    {
      "type": "patchouli:text",
      "text": "地窖是用作食物保存的，比如通过使用$(l:tfc:firmalife/food_shelves)食物橱柜$()与$(l:tfc:firmalife/hangers)吊架$()。地窖在平均温度较低的环境中保存食物的效果更好。在0度以下，衰败调节器的效果相比来说稍好。在零下12度以下，地窖的表现要好得多。"
    }
  ],
  "read_by_default": true,
  "sortnum": 3
}