{
  "__comment__": "This file was automatically created by mcresources",
  "name": "巧克力",
  "category": "tfc:firmalife",
  "icon": "firmalife:textures/item/food/dark_chocolate.png",
  "pages": [
    {
      "type": "patchouli:text",
      "text": "$(thing)巧克力制作$()需要经过一些步骤，对于它的成效来说不算特别麻烦. 在游玩这个MOD时，重要的是要记住做一名巧克力师是为了给你成就感，而不是试图从任何给定的投入中获得最大价值。"
    },
    {
      "type": "patchouli:text",
      "text": "要开始巧克力加工，可可豆必须首先$(thing)烘焙$()在一个$(l:tfc:firmalife/ovens)烤箱$()中以制作$(thing)烤可可豆$(). 然后，将烤可可豆与$(thing)刀$()合成以切分这些豆子，使他们变成$(thing)可可粉$()与$(thing)可可粉$()。"
    },
    {
      "type": "patchouli:text",
      "text": "$(l:tfc:firmalife/mixing_bowl)搅拌碗$()用于混合可可粉、黄油和甜味剂（糖或蜂蜜）以制作$(thing)巧克力混合物$(). 可可脂与可可粉的比例决定了你做出来的东西是什么样的:$(br)$(li)1 面粉，1 黄油，1 甜味剂: 牛奶巧克力$()$(li)2 面粉，1 甜味剂: 黑巧克力$()$(li)2 黄油，1 甜味剂: 白巧克力$()"
    },
    {
      "type": "tfc:drying_recipe",
      "recipe": "firmalife:drying/dark_chocolate",
      "text": "最后，巧克力能在一个$(l:tfc:firmalife/drying)干燥垫$()上被晒干以最后制成$(thing)巧克力$()。"
    }
  ],
  "read_by_default": true,
  "sortnum": 22
}