{
  "__comment__": "This file was automatically created by mcresources",
  "name": "气象站",
  "category": "tfc:firmalife",
  "icon": "firmalife:climate_station",
  "pages": [
    {
      "type": "patchouli:text",
      "text": "$(thing)气象站$()是一个能够管理$(l:firmalife/greenhouse)温室$()和$(l:firmalife/cellar)地窖$()的方块。当你正确地构建了与其相关的多方块结构时，其侧面将会显示水。若多方块结构无效，则会显示冰。气象站必须被放置在多方块结构的第一层，与结构的墙壁接触。如果它没有接触墙壁，你就需要手持组成多方块结构的一个方块对其$(item)$(k:key.use)$()以使其正确地寻找多方块结构。"
    },
    {
      "type": "tfc:multimultiblock",
      "text": "处于有效和无效状态的气象站。",
      "multiblocks": [
        {
          "pattern": [
            [
              "X"
            ],
            [
              "0"
            ]
          ],
          "mapping": {
            "X": "firmalife:climate_station[stasis=true]"
          }
        },
        {
          "pattern": [
            [
              "X"
            ],
            [
              "0"
            ]
          ],
          "mapping": {
            "X": "firmalife:climate_station[stasis=false]"
          }
        }
      ]
    },
    {
      "type": "patchouli:text",
      "text": "$(li)它会自行定期更新状态，放置或破坏该方块时也会更新状态。$()$(li)当气象站的状态更新时，它会使多方块结构内的所有方块开始正常的进行各种进程。举个例子，它能让$(l:tfc:firmalife/cheese)奶酪$()开始老化。$()$(li)使用$(item)$(k:key.use)$()点击它以强制使其更新整个多方块结构内所有方块的状态。",
      "title": "气象站提示"
    },
    {
      "type": "patchouli:crafting",
      "recipe": "firmalife:crafting/climate_station",
      "text": "气象站的合成方法。"
    }
  ],
  "read_by_default": true,
  "sortnum": 2
}