{
  "__comment__": "This file was automatically created by mcresources",
  "name": "与群峦传说本体的区别",
  "category": "tfc:firmalife",
  "icon": "tfc:textures/item/food/wheat_bread.png",
  "pages": [
    {
      "type": "patchouli:text",
      "text": "Firmalife对常规群峦传说中的操作方式进行了一些更改。本章旨在帮助您了解哪些是与本体不一样的。"
    },
    {
      "type": "patchouli:text",
      "text": "$(l:tfc:firmalife/cheese)奶酪$()将通过更复杂的方式制作。它能被作为方块放置，也可以被玩家选择存放在$(l:tfc:firmalife/cellar)地窖$()中老化。",
      "title": "奶酪的老化"
    },
    {
      "type": "patchouli:text",
      "text": "$(l:tfc:firmalife/bread)面包$()将通过更复杂的方式制作，将需要酵母与甜味剂。常规的群峦传说面包配方制作出来的是一个营养价值更低的扁平面包。",
      "title": "面包的烘焙"
    },
    {
      "type": "patchouli:text",
      "text": "Firmalife在糖这一方面下足了功夫。虽然它仍然可以通过甘蔗获得，但可以考虑使用蜂蜜（来自蜜蜂）或用甜菜制糖！",
      "title": "甜味剂"
    }
  ],
  "read_by_default": true,
  "sortnum": 0
}