{
  "__comment__": "This file was automatically created by mcresources",
  "name": "食物架",
  "category": "tfc:firmalife",
  "icon": "firmalife:wood/food_shelf/pine",
  "pages": [
    {
      "type": "patchouli:text",
      "text": "$(thing)食物架$()是一个用以存储食物的设备。他只能在一个有效的$(l:tfc:firmalife/cellar)地窖$()中被使用。食物架可以容纳一整组的同一种食品。使用$(item)$(k:key.use)$()以增加或移除物品。存储在一个有效的食物架上的东西会比装在容器里面腐烂的更慢。"
    },
    {
      "type": "patchouli:crafting",
      "recipe": "firmalife:crafting/wood/acacia_shelf",
      "text": "食物架是通过木板与木材合成的。"
    }
  ],
  "read_by_default": true,
  "sortnum": 4
}