{
  "__comment__": "This file was automatically created by mcresources",
  "name": "温室",
  "category": "tfc:firmalife",
  "icon": "firmalife:sealed_bricks",
  "pages": [
    {
      "type": "patchouli:text",
      "text": "$(thing)温室$()是一个多方块结构，通过$(l:tfc:firmalife/climate_station)气象站$()来控制。它可以让一整年都能来种庄稼。建造温室有一系列类型的方块可供选择， 然而，建造一个温室很简单。就像$(l:tfc:firmalife/cellar)地窖$()一样，它应该是一个由方块围成的封闭区域，归属于同一个$(thing)温室种类$()。温室的地板可以是任何固体方块。"
    },
    {
      "type": "patchouli:text",
      "text": "温室的墙壁需要是实心的方块。板墙的放置应使方块外部的面（例如，可以放置火把的面）朝向温室。这点同样适用于屋顶，不过半砖可以被视为有效的屋顶方块。活板门与门也被视为实心方块，无需特殊放置。"
    },
    {
      "type": "patchouli:text",
      "text": "属于同一种$(thing)温室类型$()的建筑方块可以互相替换使用。大多数的温室方块都会$(thing)老化$()。例如，$(thing)防腐木$()材质的温室方块会慢慢变成$(thing)风化的防腐木$()。由于这两种方块都属于同一种温室类型，所以这种情况下温室还是能继续正常工作。"
    },
    {
      "type": "patchouli:text",
      "text": "以下是所有的$(thing)温室类型$()，并且它们可能老化变成:$(br)$(br)$(li)防腐木: 风化的$()$(li)铜: 斑驳的，风化的，氧化的$()$(li)铁: 生锈的$()$(li)不锈钢 (不会老化)$()",
      "title": "温室类型"
    },
    {
      "type": "patchouli:text",
      "text": "一共有四种$(thing)温室方块$()：墙壁，门，屋檐，屋顶。屋檐和屋顶看起来像是楼梯和台阶。你可以任意组合这四种方块用于建造你的温室。"
    },
    {
      "type": "tfc:multimultiblock",
      "text": "每种类型的温室的一个范例",
      "multiblocks": [
        "firmalife:treated_wood_greenhouse",
        "firmalife:copper_greenhouse",
        "firmalife:iron_greenhouse",
        "firmalife:stainless_steel_greenhouse"
      ]
    },
    {
      "type": "patchouli:text",
      "text": "温室中，有这么些方块是有作用的：$(br)$(li)$(l:tfc:firmalife/planters)花盆$()，用来在上面种植作物$()，与$(br)$(li)$(l:tfc:firmalife/sprinklers)洒水器$()，为花盆加水的各种设备。"
    },
    {
      "type": "patchouli:text",
      "text": "接下来的四页包含主要温室方块的配方。虽然铁棒的参与合成仅在铁制温室中被展示，它们也能替换成$(thing)防腐木材$()，$(thing)铜棒$()，或是$(thing)不锈钢棒$()。想要获取关于不锈钢的更多信息，请跳转$(l:tfc:firmalife/stainless_steel)此页$()。"
    },
    {
      "type": "patchouli:crafting",
      "recipe": "firmalife:crafting/greenhouse/iron_greenhouse_wall",
      "recipe2": "firmalife:crafting/greenhouse/iron_greenhouse_roof"
    },
    {
      "type": "patchouli:crafting",
      "recipe": "firmalife:crafting/greenhouse/iron_greenhouse_door",
      "recipe2": "firmalife:crafting/greenhouse/iron_greenhouse_roof_top"
    },
    {
      "type": "patchouli:crafting",
      "recipe": "firmalife:crafting/greenhouse/iron_greenhouse_trapdoor",
      "recipe2": "firmalife:crafting/greenhouse/iron_greenhouse_panel_roof"
    },
    {
      "type": "patchouli:crafting",
      "recipe": "firmalife:crafting/greenhouse/iron_greenhouse_panel_wall",
      "recipe2": "firmalife:crafting/greenhouse/iron_greenhouse_port"
    }
  ],
  "read_by_default": true,
  "sortnum": 7
}