{
  "__comment__": "This file was automatically created by mcresources",
  "name": "悬挂架",
  "category": "tfc:firmalife",
  "icon": "firmalife:wood/hanger/pine",
  "pages": [
    {
      "type": "patchouli:text",
      "text": "$(thing)悬挂架$() 是一个用于存储肉类与大蒜的设备。它仅能在一个有效的$(l:tfc:firmalife/cellar)地窖$()中起作用。悬挂架可以容纳整整一组的同一物品。通过按$(item)$(k:key.use)$()增添与移除物品。一个有效的悬挂架上的食物会比在容器的得到更长的保质期。"
    },
    {
      "type": "patchouli:crafting",
      "recipe": "firmalife:crafting/wood/acacia_hanger",
      "text": "悬挂架是通过木板和线合成的。"
    }
  ],
  "read_by_default": true,
  "sortnum": 5
}