{
  "__comment__": "This file was automatically created by mcresources",
  "name": "灌溉",
  "category": "tfc:firmalife",
  "icon": "firmalife:sprinkler",
  "pages": [
    {
      "type": "patchouli:text",
      "text": "$(thing)洒水器$()是一种可以将水喷洒在以其下方方块为中心的5x6x5区域的装置。它会自动从上方的任何水箱或管道中装满水。当它周围有水的粒子效果时，你就知道它起作用了。放置在地面上的洒水器能灌溉上方相同的5x6x5的区域。"
    },
    {
      "type": "tfc:anvil_recipe",
      "recipe": "firmalife:anvil/sprinkler",
      "text": "洒水器由$(thing)铜薄板$()制成。"
    },
    {
      "type": "patchouli:text",
      "text": "洒水器必须连接到一个供水管道系统才能工作。这可以通过连接到一系列$(thing)铜制水管$()系统中被完成。铜制水管能将32方块以外的水输送至洒水器。他们能被连接到$(thing)灌溉水箱$()或是$(thing)水泵操作站$()中。"
    },
    {
      "type": "tfc:anvil_recipe",
      "recipe": "firmalife:anvil/copper_pipe",
      "text": "铜制水管是由薄板制成的。"
    },
    {
      "type": "patchouli:multiblock",
      "multiblock": {
        "pattern": [
          [
            "X"
          ],
          [
            "Y"
          ],
          [
            "0"
          ]
        ],
        "mapping": {
          "X": "firmalife:irrigation_tank",
          "Y": "firmalife:pumping_station"
        }
      },
      "name": "",
      "text": "",
      "enable_visualize": false
    },
    {
      "type": "patchouli:text",
      "text": "水泵操作站必须位于水源方块正上方时才能起作用, 它需要被连接上动力。灌溉水箱也可以通过侧面的端口供水, 前提是它们比其他储罐连接的泵站高出最多3个方块的高度。"
    },
    {
      "type": "patchouli:crafting",
      "recipe": "firmalife:crafting/pumping_station",
      "recipe2": "firmalife:crafting/irrigation_tank"
    },
    {
      "type": "patchouli:crafting",
      "recipe": "firmalife:crafting/oxidized_copper_pipe",
      "text": "氧化水管的作用与普通铜管相同，只是它们不与其他类型的管道连接。"
    },
    {
      "type": "patchouli:crafting",
      "recipe": "firmalife:crafting/greenhouse/iron_greenhouse_port",
      "text": "温室接口包含一根管道在内。你可以使用它来穿过温室的墙壁运输水。"
    }
  ],
  "read_by_default": true,
  "sortnum": 8
}