{
  "__comment__": "This file was automatically created by mcresources",
  "name": "罐头柜",
  "category": "tfc:firmalife",
  "icon": "firmalife:wood/jarbnet/pine",
  "pages": [
    {
      "type": "patchouli:text",
      "text": "罐头柜是一个存储方块，能存储$(l:tfc:firmalife/jars)罐子$()，蜡烛和陶罐。它可以通过按住$(item)$(k:key.sneak)$()时空手点击来打开和关闭。如果里面有蜡烛的话，蜡烛就能够被点亮，并发出一些微弱的光。"
    },
    {
      "type": "patchouli:crafting",
      "recipe": "firmalife:crafting/wood/acacia_jarbnet"
    }
  ],
  "read_by_default": true,
  "sortnum": 6
}