{
  "__comment__": "This file was automatically created by mcresources",
  "name": "更多的肥料获取途径",
  "category": "tfc:firmalife",
  "icon": "firmalife:compost_tumbler",
  "pages": [
    {
      "type": "patchouli:text",
      "text": "Firmalife中对肥料的需求更大。因此有更多的获取$(l:mechanics/fertilizers)肥料$()的途径。"
    },
    {
      "type": "tfc:drying_recipe",
      "recipe": "firmalife:drying/dry_grass",
      "text": "茅草可以被$(l:tfc:firmalife/drying)晾干$()成$(thing)干草$()。可以作为棕色物品在堆肥中使用。"
    },
    {
      "type": "patchouli:text",
      "text": "$(thing)堆肥滚筒$()是一种很好的产出更多肥料的方式. 他们必须被接入动力以能够运作. 它只有在没接入动力的情况下才能被玩家交互。所以可以考虑将其连接到离合器上!"
    },
    {
      "type": "patchouli:crafting",
      "recipe": "firmalife:crafting/compost_tumbler",
      "text": "堆肥滚筒的独特之处在于。它可以容纳更多类型的堆肥。而且不需要精确的比例即可工作。"
    },
    {
      "type": "patchouli:text",
      "text": "滚筒可以像普通的堆肥机一样容纳绿色和棕色的物品。它也可以容纳少量的陶片、木炭、鱼和骨头。"
    },
    {
      "type": "patchouli:crafting",
      "recipe": "firmalife:crafting/pottery_sherd",
      "text": "用锤子砸碎陶器会产生碎片。"
    },
    {
      "type": "patchouli:text",
      "text": "普通堆肥机可容纳16个“堆肥单元”。而堆肥滚筒可容纳32个。在1-4的范围内。绿色和棕色的物品数量相同。但像鱼这样的新添加的物品总是占1。"
    },
    {
      "type": "patchouli:text",
      "text": "在堆肥机中加入太多奇怪的东西会导致堆肥腐烂。而且。直到它工作的最后你才能知道它腐烂了！如果堆肥的组成有超过15%的骨头、鱼或陶器。或超过20%的木炭。它就会腐烂。或者。如果绿色单位比棕色单位多10个或更多。它就会腐烂。"
    },
    {
      "type": "patchouli:text",
      "text": "适量的加某些添加剂可以延长或缩短堆肥完成所需的时间。 多在这上面做做试验。看看怎么做才是对的。$(br)如果堆肥机中有32个单位。它将会转换为3个堆肥。如果至少有24。那就将转化为2个堆肥。如果是16个或以上。则将生成1个。再比16更少。就转化不成堆肥了。"
    }
  ],
  "read_by_default": true,
  "sortnum": 17
}