{
  "__comment__": "This file was automatically created by mcresources",
  "name": "烤炉用具",
  "category": "tfc:firmalife",
  "icon": "firmalife:vat",
  "pages": [
    {
      "type": "patchouli:text",
      "text": "$(l:tfc:firmalife/ovens)烤炉$()有许多可以进行交互的设备，这扩展了他们的功能。这是因为烤炉在现实中本就是模块化的。"
    },
    {
      "type": "patchouli:crafting",
      "recipe": "firmalife:crafting/oven_hopper",
      "text": "$(thing)烤炉漏斗$()可以将原木输入其所面对的任何烤炉底部。它能持有16个原木 (4组，每组4个),它的物品栏是通过在顶部向下丢物品来提供的。它也能通过其他MOD实现自动化输入。"
    },
    {
      "type": "patchouli:crafting",
      "recipe": "firmalife:crafting/ashtray",
      "text": "$(thing)炉灰收集器能够$()收集$(thing)草木灰$()，它需要被放置在$(thing)烤炉底部方块$()以下的区域。当燃料被消耗时，它有50%的机率产生草木灰。草木灰可以通过按$(item)$(k:key.use)$()来取出，也能通过左键来增加草木灰。"
    },
    {
      "type": "patchouli:crafting",
      "anchor": "vat",
      "recipe": "firmalife:crafting/vat",
      "text": "$(thing)大缸$()能够批量生产被选择的的蒸馏配方。它有一个物品插槽，与10,000mB的流体存储空间，与一个木桶类似。"
    },
    {
      "type": "patchouli:text",
      "text": "举个例子，大缸能用来制作$(thing)橄榄油/水$()，使用一个橄榄酱与200mB水的比例。要使用一个大缸，手里拿着流体与物品朝着他按$(item)$(k:key.use)$()以把他们放入其中。按住$(item)$(k:key.sneak)$()并空手，可以点击以封存或启封大缸。大缸若未被密封，将不会沸腾。"
    },
    {
      "type": "patchouli:text",
      "text": "大缸应该放置在$(thing)烤炉底部方块$()之上的位置。如果蒸馏灌在配方完成后会溢出物品，它就不会沸腾，所以一定不要加满--尤其是在制造那些产生液体比消耗液体更多的配方时！"
    },
    {
      "type": "patchouli:multiblock",
      "multiblock": {
        "pattern": [
          [
            "X"
          ],
          [
            "Y"
          ],
          [
            "0"
          ]
        ],
        "mapping": {
          "X": "firmalife:vat",
          "Y": "firmalife:cured_oven_bottom"
        }
      },
      "name": "",
      "text": "",
      "enable_visualize": false
    },
    {
      "type": "patchouli:text",
      "text": "群峦传说中的锅与烤架能被放置在一个$(thing)烤炉底部$()之上。这些设备将自动从烤炉的底部获得热量。它们有几个限制：每个设备只有4个物品槽，而且锅只能用于煮汤，而无法使用常规的配方。"
    }
  ],
  "read_by_default": true,
  "sortnum": 15
}