{
  "__comment__": "This file was automatically created by mcresources",
  "name": "熏制",
  "category": "tfc:firmalife",
  "icon": "tfc:textures/item/food/venison.png",
  "pages": [
    {
      "type": "patchouli:text",
      "text": "羊毛纱用来悬挂物品以便$(thing)熏制$()。按$(item)$(k:key.use)$()来放置羊毛纱。"
    },
    {
      "type": "patchouli:multiblock",
      "multiblock": {
        "pattern": [
          [
            "X"
          ],
          [
            "Y"
          ],
          [
            "0"
          ]
        ],
        "mapping": {
          "X": "firmalife:wool_string",
          "Y": "tfc:firepit[lit=true]"
        }
      },
      "name": "熏制",
      "text": "在篝火上方的羊毛纱。",
      "enable_visualize": false
    },
    {
      "type": "patchouli:text",
      "text": "熏制被用来保存$(thing)肉类$()和$(l:mechanics/dairy)奶酪$()。肉类在熏制之前需要先$(thing)卤制$()，只要把肉类密封在含有$(thing)卤水$()的$(thing)大桶$()中即可。你也可以先用盐腌制。奶酪在熏制之前没有这些要求。"
    },
    {
      "type": "patchouli:text",
      "text": "要开始熏制，首先将物品放在篝火上方的线上，篝火必须在线的下方的4个方块以内。在熏制过程中，线会产生一些烟雾。重要的一点是，篝火必须要使用$(thing)原木$()作为燃料，如果用$(thing)泥炭$()会导致食物具有$(thing)恶心$()效果!"
    },
    {
      "type": "patchouli:text",
      "text": "熏制的过程需要游戏内的8小时。烤肉快乐!"
    }
  ],
  "read_by_default": true,
  "sortnum": 13
}