{
  "__comment__": "This file was automatically created by mcresources",
  "name": "不锈钢",
  "category": "tfc:firmalife",
  "icon": "firmalife:metal/ingot/stainless_steel",
  "pages": [
    {
      "type": "patchouli:text",
      "text": "$(thing)不锈钢$()与$(thing)铬$()是$(thing)钢等级$()金属 .它们被用在$(l:tfc:firmalife/greenhouse)不锈钢温室$()的建造中。"
    },
    {
      "type": "patchouli:spotlight",
      "item": "firmalife:metal/ingot/stainless_steel",
      "title": "不锈钢",
      "link_recipes": false,
      "text": "$(br)$(bold)条件:$()$(br)$(li)20 - 30 % :$(thing)铬$()$(li)10 - 20 % :$(thing)镍$()$(li)60 - 80 % :$(thing)钢$()$(br2)"
    },
    {
      "type": "patchouli:spotlight",
      "item": "firmalife:ore/small_chromite",
      "link_recipes": false,
      "text": "铬铁矿是一种熔融后可以得到铬的矿石. 它在$(thing)侵入岩$()和$(thing)变质岩$()可以找到。"
    },
    {
      "type": "patchouli:text",
      "text": "$(li)花岗岩$()$(li)闪长岩$()$(li)辉长岩$()$(li)板岩$()$(li)千枚岩$()$(li)片岩$()$(li)片麻岩$()$(li)大理岩$()",
      "title": "所有可能含铬的岩石种类"
    }
  ],
  "read_by_default": true,
  "sortnum": 11
}