{
  "type": "create:mixing",
  "ingredients": [
    {
      "item": "irons_spellbooks:arcane_essence"
    },
    {
      "item": "irons_spellbooks:arcane_essence"
    },
    {
      "item": "irons_spellbooks:arcane_essence"
    },
    {
      "item": "irons_spellbooks:arcane_essence"
    },
    {
      "item": "irons_spellbooks:arcane_essence"
    },
    {
      "item": "irons_spellbooks:arcane_essence"
    },
    {
      "item": "irons_spellbooks:arcane_essence"
    },
    {
      "item": "irons_spellbooks:arcane_essence"
    },
    {
      "item": "irons_spellbooks:arcane_salvage"
    }
  ],
  "results": [
    {
      "item":"irons_spellbooks:arcane_salvage"
    },
    {
      "item":"irons_spellbooks:arcane_salvage",
      "chance":0.0125
    }
  ],
  "heatRequirement": "superheated"
}