{
  "__comment__": "This file was automatically created by mcresources",
  "name": "石墨",
  "category": "tfc:tfc_ie_changes",
  "icon": "immersiveengineering:ingot_hop_graphite",
  "pages": [
    {
      "type": "patchouli:text",
      "text": "高定向热解石墨(HOP)是一种复杂的，被高度压缩的碳材料。它被用于特殊的工程建筑上。$(thing)高定向热解石墨粉末$()可以通过在$(thing)工业挤压机$()中压缩八个$(thing)焦炭粉$()或者$(thing)石墨粉$()得到。上文的粉末可以被冶炼为锭。"
    },
    {
      "type": "patchouli:spotlight",
      "item": "immersiveengineering:graphite_electrode",
      "link_recipes": false,
      "text": "高定向热解石墨最常见的用途是获取用于$(thing)电弧炉$()中所需的$(thing)电极$()。这些$(thing)电极$()需要用$(l:tfc:tfc_ie_changes/blueprint)工程师蓝图$()制造，工程师蓝图可以被合成。你也可以用四个锭的“金属冲压模具:金属棒”在$(thing)金属冲压机$()中制作$(thing)电极$()，但是成品会只有一半的耐久。"
    }
  ],
  "read_by_default": true,
  "sortnum": 8
}