{
  "__comment__": "This file was automatically created by mcresources",
  "name": "黄麻",
  "category": "tfc:tfc_ie_changes",
  "icon": "tfc:jute_fiber",
  "pages": [
    {
      "type": "patchouli:spotlight",
      "item": "tfc:jute_fiber",
      "title": "黄麻",
      "link_recipes": false,
      "text": "工业大麻是一种了不起的东西，但今天我们要谈论的是 $(thing)黄麻$()! 它的种子不仅可用于制造$(thing)生物柴油$()，$(thing)黄麻纤维$()也可以用于制作 $(thing)粗麻布$()，这是坚韧布料的替代品。 它的种子可以通过采摘$(l:the_world/wild_crops)野生黄麻$()获得。"
    },
    {
      "type": "tfc:loom_recipe",
      "recipe": "tfc:loom/burlap_cloth",
      "text": "与坚韧布料类似，$(thing)粗麻布$()是一种由 $(thing)黄麻纤维$()制成的弹性织物，能用于制作 $(thing)改良风车$()、$(thing)气球$()和$(thing)跳跃缓冲垫$()。"
    }
  ],
  "read_by_default": true,
  "sortnum": 6
}