{
  "__comment__": "This file was automatically created by mcresources",
  "name": "多方块结构的改动",
  "category": "tfc:tfc_ie_changes",
  "icon": "tfc:fire_bricks",
  "pages": [
    {
      "type": "patchouli:text",
      "text": "在搭建多方快结构的方面发生了一些变化。你可以用群峦中的$(thing)耐火砖$()制造$(thing)电弧炉$()。$(br)此外, 您无需制作沉浸工程的高炉，使用群峦中的高炉就好! 由于群峦中已经存在获取合金的方式，您无需建造合金窑。"
    },
    {
      "type": "patchouli:crafting",
      "recipe": "tfc:crafting/fire_bricks"
    },
    {
      "type": "patchouli:multiblock",
      "multiblock": {
        "pattern": [
          [
            "     ",
            "S    ",
            "LLL  ",
            "S    ",
            "     "
          ],
          [
            "     ",
            "SBBB ",
            "LBBB ",
            "SBBB ",
            "     "
          ],
          [
            "M T  ",
            "LBBBB",
            "LBBBB",
            "LBBBB",
            "M T  "
          ],
          [
            "HHT  ",
            "LBB  ",
            "LBB  ",
            "LBB  ",
            "HHT R"
          ],
          [
            "MMTmm",
            "Mmmmm",
            "Hmmm0",
            "Mmmmm",
            "MMTmS"
          ]
        ],
        "mapping": {
          "S": "immersiveengineering:steel_scaffolding_standard",
          "T": "immersiveengineering:storage_steel",
          "M": "immersiveengineering:sheetmetal_steel",
          "m": "immersiveengineering:slab_sheetmetal_steel",
          "B": "tfc:fire_bricks",
          "L": "immersiveengineering:light_engineering",
          "H": "immersiveengineering:heavy_engineering",
          "R": "immersiveengineering:rs_engineering",
          "0": "minecraft:cauldron"
        }
      },
      "name": "Arc Furnace",
      "text": "",
      "enable_visualize": true
    }
  ],
  "read_by_default": true,
  "sortnum": 4,
  "extra_recipe_mappings": {
    "immersiveengineering:cokebrick": 0,
    "immersiveengineering:blastbrick": 0
  }
}