{
  "__comment__": "This file was automatically created by mcresources",
  "name": "钢铁是怎么炼成的",
  "category": "tfc:tfc_ie_changes",
  "icon": "tfc:metal/ingot/steel",
  "pages": [
    {
      "type": "patchouli:text",
      "text": "在群峦世界中，制作一个$(l:mechanics/steel)钢锭$()并不是什么容易的事情。在游戏前期，你还是得从走从$(thing)生铁$()到$(thing)钢$()的科技线，幸运的是这在中后期是可以简化的。"
    },
    {
      "type": "patchouli:spotlight",
      "item": "immersiveengineering:slag",
      "link_recipes": false,
      "text": "另外，在将$(thing)生铁锭$()锻造成$(thing)高碳钢锭$()的过程中是可以获得$(thing)矿渣$()的。"
    }
  ],
  "read_by_default": true,
  "sortnum": 9,
  "extra_recipe_mappings": {
    "immersiveengineering:slag": 0
  }
}