{
  "name": "对群峦原版的改动",
  "category": "tfc:artisanal",
  "icon": "tfc:powder/lime",
  "pages": [
    {
      "type": "patchouli:text",
      "text": "一些被群峦传说：手工艺品修改了的配方。"
    },
    {
      "type": "tfc:instant_barrel_recipe",
      "recipe": "tfc:barrel/limewater_from_lime",
      "text": "石灰水已被重命名为$(thing)熟石灰水$()，并且只能用$(thing)石灰$()制成，而不是助焊剂。"
    },
    {
      "type": "patchouli:crafting",
      "recipe": "artisanal:crafting/writable_book",
      "text": "书与笔现在要用黑色染料合成而不是墨囊，以及$(l:tfc:artisanal/quillmaking)羽毛笔$()而不是羽毛。"
      
    },
    {
      "type": "tfc:sealed_barrel_recipe",
      "recipe": "artisanal:barrel/paper",
      "text": "现在，纸张可以通过在碱液中漂白或刮制未精制纸张来制作。"
    },
    {
      "type": "tfc:sealed_barrel_recipe",
      "recipe": "artisanal:barrel/clean_soup_bowl_water",
      "text": "现在，清理大桶中的污物需要时间，并且需要在桶中密封。"
    },
    {
      "type": "tfc:instant_barrel_recipe",
      "recipe": "artisanal:barrel/clean_jute_net_soapy_water",
      "text": "瞬间清洁现在需要用到$(thing)肥皂水$()。详见$(l:tfc:artisanal/soap)肥皂$()。"
    },
    {
      "type": "patchouli:text",
      "text": "蛋糕和南瓜派现在可以用全部的群峦传说的甜味剂制作，包括手工艺品的易腐糖和不易腐糖，以及林海传说的桦树糖和枫糖。"
    },
    {
      "type": "patchouli:crafting",
      "recipe": "artisanal:crafting/cake",
      "recipe2": "artisanal:crafting/pumpkin_pie"
    },
    {
      "type": "patchouli:text",
      "text": "甜味剂现在可以过期，群峦传说，林海传说和Firmalife的甜味剂已经被加入了保质期这一属性（除了手工艺品的易腐糖以外，它们都被设置为“永不过期”）。 $(br2)这意味着群峦传说和Firmalife的配方已经被重构以使用未腐烂的甜味剂。"
    },
    {
      "type": "patchouli:text",
      "text": "这应该不会影响到你的游戏体验。$(br2)说到糖，林海传说的糖浆浓缩配方已经被重构成可拓展的配方，这意味他们是按比例完成的（例如10mb枫树树液=1mb浓缩枫树树液），而不是按特定数量完成的。浓缩树液也不再需要那根棍子了。"
    }
  ],
  "read_by_default": true,
  "sortnum": -1
}