{
  "name": "食品保存",
  "category": "tfc:artisanal",
  "icon": "artisanal:metal/sealed_tin_can",
  "pages": [
    {
      "type": "patchouli:text",
      "text": "以下是延长食品保质期的各种方法。$(br2)$(bold)Contents$()$(br)$(li)$(l:tfc:artisanal/decay#potted_food)小锅保存$(/t)$(li)$(l:tfc:artisanal/decay#canned_food)罐头保存$(/t)"
    },
    {
      "type": "tfc:knapping_recipe",
      "recipe": "artisanal:clay_knapping/unfired_small_pot",
      "text": "一种保存食品的方式是将其存放在小锅中，食物在这种状态下会被液态脂肪与外界隔离。",
      "anchor": "potted_food"
    },
    {
      "type": "tfc:heat_recipe",
      "recipe": "artisanal:heating/ceramic/unfired_small_pot",
      "text": "这个工序的第一步是用黏土塑形出一个小锅并将其放在$(l:tfc:getting_started/pit_kiln)坑窑$()中烧制。"
    },
    {
      "type": "patchouli:crafting",
      "recipe": "artisanal:crafting/pot_1",
      "text": "接下来，将烧制过的小锅与$(l:tfc:artisanal/soap#rendered_fats)固态脂肪$()，$(l:tfc:the_world/ores_and_minerals#saltpeter)硝石粉$()，以及最多六个你想保存的$(thing)肉$()或者$(thing)蔬菜$()合成。小锅一次只能存放同一种食物。"
    },
    {
      "type": "patchouli:crafting",
      "recipe": "artisanal:crafting/pot_2",
      "recipe2": "artisanal:crafting/pot_6"
    },
    {
      "type": "patchouli:crafting",
      "recipe": "artisanal:crafting/pot_4_butter",
      "text": "如果你安装了Firmalife，用$(thing)黄油$()代替固态脂肪也是可行的。"
    },
    {
      "type": "patchouli:text",
      "text": "其他保存方式可能会有用，但最终极的保存方式一定是$(thing)罐头$()。这个过程包含将食物密封在一个密封容器中来使任何微生物都无法接触它，接着加热这个容器来杀死食物上原本就有的微生物。",
      "anchor": "canned_food"
    },
    {
      "type": "tfc:welding_recipe",
      "recipe": "artisanal:welding/metal/tinplate_from_steel",
      "text": "锡罐的原材料叫$(thing)马口铁$()。它是由一块锡薄板焊接在一块钢双层薄板上制成的。"
    },
    {
      "type": "tfc:welding_recipe",
      "recipe": "artisanal:welding/metal/tinplate_from_iron",
      "text": "锻铁双层薄板可以用于替代钢的，但是产量会减少一半。"
    },
    {
      "type": "tfc:anvil_recipe",
      "recipe": "artisanal:anvil/metal/tin_can",
      "text": "焊接后，马口铁就可以被锻造成空锡罐。"
    },
    {
      "type": "patchouli:crafting",
      "recipe": "artisanal:crafting/can_1",
      "recipe2": "artisanal:crafting/can_2"
    },
    {
      "type": "patchouli:crafting",
      "recipe": "artisanal:crafting/can_6",
      "text": "加热过的锡罐可以与$(thing)锤子$()，$(thing)助焊剂$()，以及最多六个$(thing)可罐装的食物$()来合成密封的锡罐。一个锡罐一次最多存放同一种食物。"
    },
    {
      "type": "tfc:heat_recipe",
      "recipe": "artisanal:heating/metal/sterilized_tin_can",
      "text": "之后，罐头可以被加热以消灭其中的细菌来制得$(thing)杀菌罐头$()。其中的食物将会永久保鲜直到罐头被打开，届时其保质期将从头开始计算。"
    },
    {
      "type": "patchouli:crafting",
      "recipe": "artisanal:crafting/open_sterilized_tin_can_can_opener",
      "text": "要打开罐头，使用$(thing)开罐器$()。将其与罐头合成后就能获得罐头中保存的食物。"
    },
    {
      "type": "tfc:instant_barrel_recipe",
      "recipe": "artisanal:barrel/clean_tin_can_soapy_water",
      "text": "打开罐头将会得到一个$(thing)肮脏的锡罐$()。脏污可以用肥皂水或清水来洗干净。参见$(l:tfc:artisanal/soap)肥皂$()。洗净之后，锡罐就可以重复利用。"
    },
    {
      "type": "patchouli:crafting",
      "recipe": "artisanal:crafting/metal/can_opener/steel",
      "text": "开罐器由一个$(thing)黄铜机件$()，两个工具金属锻造成的$(thing)棒$()，以及两个$(thing)圆刀片$()制成。"
    },
    {
      "type": "tfc:anvil_recipe",
      "recipe": "artisanal:anvil/metal/circle_blade/black_bronze",
      "text": "圆刀片由金属锭$(l:tfc:mechanics/anvils)锻造$()锻造而成。"
    },
    {
      "type": "patchouli:crafting",
      "recipe": "artisanal:crafting/open_sterilized_tin_can_hammer",
      "text": "如果你手上没有开罐器，你也可以用锤子打开锡罐，这样做会使你得到$(thing)肮脏的凹痕锡罐$()。"
    },
    {
      "type": "tfc:anvil_recipe",
      "recipe": "artisanal:anvil/metal/repair_tin_can",
      "text": "它需要像普通锡罐一样先被清洁，然后可以在$(thing)砧$()上修好。"
    },
    {
      "type": "patchouli:crafting",
      "recipe": "artisanal:crafting/metal/remove_can_traits",
      "text": "既然罐头会被加热，那么它们在此过程中自然会获得一些烹饪标签，例如$(thing)木炭烤制$()或$(thing)原木烤制$()。这些标签没有效果，因为罐头本身的保质期就是无限。你可以将带有标签的罐头合成一次来移除标签，以使其可以正常堆叠。"
    }
  ],
  "read_by_default": true,
  "extra_recipe_mappings": {
    "artisanal:metal/tinplate": 1,
    "artisanal:metal/tin_can": 3,
    "artisanal:metal/sealed_tin_can": 4,
    "artisanal:metal/sterilized_tin_can": 6,
    "artisanal:metal/dirty_tin_can": 8,
    "artisanal:metal/dirty_dented_tin_can": 8,
    "artisanal:metal/can_opener/bismuth_bronze": 9,
    "artisanal:metal/can_opener/black_bronze": 9,
    "artisanal:metal/can_opener/bronze": 9,
    "artisanal:metal/can_opener/copper": 9,
    "artisanal:metal/can_opener/wrought_iron": 9,
    "artisanal:metal/can_opener/steel": 9,
    "artisanal:metal/can_opener/black_steel": 9,
    "artisanal:metal/can_opener/blue_steel": 9,
    "artisanal:metal/can_opener/red_steel": 9,
    "artisanal:metal/circle_blade/bismuth_bronze": 10,
    "artisanal:metal/circle_blade/black_bronze": 10,
    "artisanal:metal/circle_blade/bronze": 10,
    "artisanal:metal/circle_blade/copper": 10,
    "artisanal:metal/circle_blade/wrought_iron": 10,
    "artisanal:metal/circle_blade/steel": 10,
    "artisanal:metal/circle_blade/black_steel": 10,
    "artisanal:metal/circle_blade/blue_steel": 10,
    "artisanal:metal/circle_blade/red_steel": 10,
    "artisanal:metal/dented_tin_can": 12
  }
}