{
  "name": "榨汁",
  "category": "tfc:artisanal",
  "icon": "tfc:handstone",
  "pages": [
    {
      "type": "patchouli:text",
      "text": "有的时候，在$(l:tfc:mechanics/quern)手推磨$()内研磨某些物品会导致液体流出。你可以在手推磨下方放置大桶来收集流出的液体。(br2)请注意，只有打开的大桶才能收集液体，如果大桶是密封的，那么液体就会被浪费。"
    },
    {
      "type": "patchouli:multiblock",
      "name": "榨汁姬",
      "multiblock_id": "artisanal:juicing_apparatus",
      "text": "一个榨汁机，物品被研磨出的液体会被下方的桶收集。"
    },
    {
      "type": "tfc:artisanal/juicing_recipe",
      "recipe": "artisanal:juicing/sugarcane_juice",
      "text": "甘蔗是一种可以用于榨汁的作物，榨出来的甘蔗汁可用于$(l:tfc:artisanal/sugar_production)制糖$()。"
    },
    {
      "type": "tfc:artisanal/juicing_recipe",
      "recipe": "artisanal:juicing/lemon_juice",
      "text": "苹果，柠檬和橙子都可以用于榨汁，榨出来的汁可以用于补充水果营养值。"
    },
    {
      "type": "tfc:sealed_barrel_recipe",
      "recipe": "artisanal:barrel/cider",
      "text": "苹果汁可以被进一步发酵成苹果酒。"
    },
    {
      "type": "patchouli:image",
      "images": [
        "artisanal:textures/gui/book/screwdriver_mixture.png"
      ],
      "text": "橙汁可以与伏特加混合来制作$(thing)伏特加橙汁鸡尾酒$()。"
    }
  ],
  "read_by_default": true
}