{
  "name": "放大镜",
  "category": "tfc:artisanal",
  "icon": "artisanal:metal/magnifying_glass/brass",
  "pages": [
    {
      "type": "patchouli:text",
      "text": "$(thing)放大镜$()能够用于点火，就像$(l:tfc:getting_started/firepit)起火器$()一样，但速度更快，还不消化耐久。$(br2)然而，这种效率带来了限制，即放大镜只能在有阳光照射的情况下使用。"
    },
    {
      "type": "patchouli:spotlight",
      "item": {"tag": "artisanal:magnifying_glasses"},
      "text": "这就意味着在使用它时，你或你试图点亮的方块必须能够看到天空。因此放大镜只能在白天和晴天的时候使用。$(br2)放大镜可以用来点燃$(thing)篝火$()，$(l:tfc:getting_started/pit_kiln)坑窑$()。$(thing)火把$()，以及任何其他可以用起火器点燃的东西。"
    },
    {
      "type": "tfc:anvil_recipe",
      "recipe": "artisanal:anvil/metal/magnifying_glass_frame/brass",
      "text": "要制作放大镜，首先需要在在可选金属中选择一种并该种金属的金属棒锻造成$(thing)放大镜框架$()。锻造放大镜框架可用的材料有：$(br2)铋$(br)黄铜$(br)金$(br)玫瑰金$(br)银$(br)纹银$(br)以及锡$(br2)。"
    },
    {
      "type": "patchouli:crafting",
      "recipe": "artisanal:crafting/metal/magnifying_glass/rose_gold",
      "text": "然后，将放大镜框架与一个$(l:tfc:mechanics/glassworking_applications)镜片$()合成来制造出你的放大镜。"
    },
    {
      "type": "patchouli:crafting",
      "recipe": "artisanal:crafting/metal/magnifying_glass/tin_uncraft",
      "text": "如果你想回收利用用于制作你放大镜的镜片或金属，只需要将其放在合成栏中合成一次就能将镜头从框架中取出。"
    },
    {
      "type": "patchouli:crafting",
      "recipe": "artisanal:crafting/amethyst_cut",
      "text": "放大镜还需要被用于切割$(l:tfc:mechanics/gems)宝石$()。这个过程不会消耗放大镜及其耐久。"
    }
    
  ],
  "read_by_default": true,
  "extra_recipe_mappings": {
    "artisanal:metal/magnifying_glass_frame/bismuth": 2,
    "artisanal:metal/magnifying_glass_frame/brass": 2,
    "artisanal:metal/magnifying_glass_frame/gold": 2,
    "artisanal:metal/magnifying_glass_frame/rose_gold": 2,
    "artisanal:metal/magnifying_glass_frame/silver": 2,
    "artisanal:metal/magnifying_glass_frame/sterling_silver": 2,
    "artisanal:metal/magnifying_glass_frame/tin": 2,
    "artisanal:metal/magnifying_glass/bismuth": 3,
    "artisanal:metal/magnifying_glass/brass": 3,
    "artisanal:metal/magnifying_glass/gold": 3,
    "artisanal:metal/magnifying_glass/rose_gold": 3,
    "artisanal:metal/magnifying_glass/silver": 3,
    "artisanal:metal/magnifying_glass/sterling_silver": 3,
    "artisanal:metal/magnifying_glass/tin": 3,
    "tfc:gem/amethyst": 5,
    "tfc:gem/diamond": 5,
    "tfc:gem/emerald": 5,
    "tfc:gem/lapis_lazuli": 5,
    "tfc:gem/opal": 5,
    "tfc:gem/pyrite": 5,
    "tfc:gem/ruby": 5,
    "tfc:gem/sapphire": 5,
    "tfc:gem/topaz": 5
  }
  
}