{
  "name": "奶粉",
  "category": "tfc:artisanal",
  "icon": "artisanal:powdered_milk",
  "pages": [
    {
      "type": "patchouli:text",
      "text": "无论是在地窖还是在长途旅行中，奶粉都是有效存储奶的好方法。$(br2) 制作奶粉的第一步是制作$(thing)炼乳$()。$(br2)然后，将炼乳进一步煮沸成$(thing)奶片$()。如果你在制得炼乳后继续生火，这个配方会在制得炼乳后自动进行。"
    },
    {
      "type": "patchouli:image",
      "images": [
        "artisanal:textures/gui/book/condensed_milk_recipe.png",
        "artisanal:textures/gui/book/milk_flakes_recipe.png"
      ]
    },
    {
      "type": "tfc:quern_recipe",
      "recipe": "artisanal:quern/powdered_milk",
      "text": "最后，将奶片放在$(l:tfc:mechanics/quern)手推磨$()中研磨以获得奶粉。"
    },
    {
      "type": "tfc:instant_barrel_recipe",
      "recipe": "artisanal:barrel/milk",
      "text": "随后，奶粉可以在后续任何时间与水混合以制成牛奶。"
    },
    {
      "type": "patchouli:crafting",
      "recipe": "artisanal:crafting/milk_1",
      "text": "如果你想在旅行中使用，奶粉也可以和水罐合成装奶的陶罐。"
    },
    {
      "type": "patchouli:crafting",
      "recipe": "artisanal:crafting/milk_8",
      "text": "你也可以用最多8个奶粉与任何盛水容器合成，每1个奶粉可以合成100mb奶。"
    },
    {
      "type": "tfc:quern_recipe",
      "recipe": "artisanal:quern/powdered_goat_milk",
      "text": "如果你安装了Firmalife，你也可以用山羊奶与牦牛奶制作奶粉和奶片。"
    },
    {
      "type": "tfc:instant_barrel_recipe",
      "recipe": "artisanal:barrel/yak_milk"
    }
  
  ],
  "read_by_default": true,
  "extra_recipe_mappings": {
    "artisanal:milk_flakes": 1,
    "artisanal:powdered_milk": 2
  }
}