{
  "name": "肥皂",
  "category": "tfc:artisanal",
  "icon": "artisanal:soap",
  "pages": [
    {
      "type": "patchouli:text",
      "text": "$(thing)肥皂$()是一种用于更快清理物品的工具。"
    },
    {
      "type": "patchouli:spotlight",
      "item": {
        "tag": "artisanal:fats"
      },
      "text": "生产肥皂的第一步是获取一些动物脂肪，大多数动物死后都会掉落脂肪。"
    },
    {
      "type": "patchouli:image",
      "images": [
        "artisanal:textures/gui/book/suet_to_tallow.png",
        "artisanal:textures/gui/book/pork_fat_to_lard.png",
        "artisanal:textures/gui/book/poultry_fat_to_schmaltz.png"
      ],
      "text": "这之后，在大锅中加入脂肪和每个脂肪100mb的水来将其熬成油。"
    },
    {
      "type": "patchouli:image",
      "images": [
        "artisanal:textures/gui/book/soap_mixture.png"
      ],
      "text": "将熬出来的油与碱液1:1混合以制成$(thing)肥皂$()。"
    },
    {
      "type": "tfc:sealed_barrel_recipe",
      "recipe": "artisanal:barrel/soap_solid",
      "text": "肥皂液如果放在密封的桶内就会凝固。"
    },
    {
      "type": "tfc:instant_barrel_recipe",
      "recipe": "artisanal:barrel/soapy_water",
      "text": "要使用肥皂，将其与水混合以制成$(thing)肥皂水$()。肥皂水能够被用于更有效的清理例如罐子、黄麻网和碗等物品。"
    },
    {
      "type": "tfc:artisanal/three_instant_barrel_recipes",
      "recipe": "artisanal:barrel/clean_jar_soapy_water",
      "recipe2": "artisanal:barrel/clean_jute_net_soapy_water",
      "recipe3": "artisanal:barrel/clean_soup_bowl_soapy_water"
    }
  ],
  "read_by_default": true,
  "extra_recipe_mappings": {
    "artisanal:suet": 0,
    "artisanal:bear_fat": 0,
    "artisanal:pork_fat": 0,
    "artisanal:poultry_fat": 0,
    "artisanal:soap": 4
  }
}