{
  "name": "制糖",
  "category": "tfc:artisanal",
  "icon": "artisanal:non_perishable_sugar",
  "pages": [
    {
      "type": "patchouli:text",
      "text": "在手工艺品中生产糖比在群峦原版中要复杂的多，但产物多得更多……好吧，实际上并没有那么有用，但这至少更加贴近现实！"
    },
    {
      "type": "tfc:sealed_barrel_recipe",
      "recipe": "artisanal:barrel/clean_sugarcane_water",
      "text": "加工甘蔗的第一步是清洗它，这需要将其密封在装有水的大桶中8小时来完成。"
    },
    {
      "type": "tfc:instant_barrel_recipe",
      "recipe": "artisanal:barrel/clean_sugarcane_soapy_water",
      "text": "或者，你可以使用$(l:tfc:artisanal/soap)肥皂水$()来立刻清洗甘蔗。"
    },
    {
      "type": "tfc:artisanal/juicing_recipe",
      "recipe": "artisanal:juicing/sugarcane_juice",
      "text": "清洗后的甘蔗需要在手推磨中$(l:tfc:artisanal/juicing)榨汁$()来制得$(thing)甘蔗汁$()。"
    },
    {
      "type": "tfc:quern_recipe",
      "recipe": "artisanal:quern/food/cleaned_sugarcane",
      "text": "在这步中 ，$(thing)干甘蔗渣$()会作为副产物生成。它能够作为木炭坑的燃料，或用作堆肥。$(br2)甘蔗汁能在陶锅中煮沸以制得$(thing)易腐糖$()。$(thing)糖浆$()也会作为副产物生成。"
    },
    {
      "type": "patchouli:image",
      "images": [
        "artisanal:textures/gui/book/perishable_sugar_recipe.png"
      ],
      "text": ""
    },
    {
      "type": "tfc:sealed_barrel_recipe",
      "recipe": "artisanal:barrel/filtered_sugarcane_juice",
      "text": "或者，你可以使用$(thing)黄麻网$()来进一步过滤甘蔗汁。"
    },
    {
      "type": "tfc:sealed_barrel_recipe",
      "recipe": "artisanal:barrel/alkalized_sugarcane_juice",
      "text": "过滤后的甘蔗汁还需要用石灰进行碱化。"
    },
    {
      "type": "tfc:sealed_barrel_recipe",
      "recipe": "artisanal:barrel/clarified_sugarcane_juice",
      "text": "这之后，再次使用黄麻网过滤掉石灰使其澄清。$(br2)再将澄清的甘蔗汁煮沸以制成不易腐糖。糖浆仍会作为副产物生成。"
    },
    {
      "type": "patchouli:image",
      "images": [
        "artisanal:textures/gui/book/non_perishable_sugar_recipe.png"
      ]
    },
    {
      "type": "tfc:sealed_barrel_recipe",
      "recipe": "artisanal:barrel/rum",
      "text": "糖浆可以发酵成朗姆酒。它也可以直接饮用，以提供$(l)$(a)水果$()和$(l)$(2)蔬菜$()营养值。"
    }
  ],
  "read_by_default": true,
  "extra_recipe_mappings": {
    "artisanal:food/cleaned_sugarcane": 1,
    "artisanal:wet_bagasse": 3,
    "artisanal:dry_bagasse": 4,
    "artisanal:perishable_sugar": 5,
    "artisanal:non_perishable_sugar": 9
  }
}