{
  "credit": "Made with Blockbench",
  "textures": {
    "0": "castirongrill:item/cast_iron_grill",
    "particle": "castirongrill:item/cast_iron_grill"
  },
  "elements": [
    {
      "from": [1, 0, 1],
      "to": [15, 1, 15],
      "faces": {
        "north": {"uv": [1, 1, 15, 2], "texture": "#0"},
        "east": {"uv": [1, 1, 15, 2], "texture": "#0"},
        "south": {"uv": [1, 1, 15, 2], "texture": "#0"},
        "west": {"uv": [1, 1, 15, 2], "texture": "#0"},
        "up": {"uv": [1, 1, 15, 15], "texture": "#0"},
        "down": {"uv": [1, 1, 15, 15], "texture": "#0"}
      }
    }
  ]
}