{
    "name": "起步教学",
    "icon": "minecraft:writable_book",
    "category": "productivebees:guide",
    "pages": [
        {
            "type": "patchouli:text",
            "text": "资源蜜蜂建立在原版蜜蜂的基础之上。本指南假设读者已经对原版的系统有一定的了解。"
        },
        {
            "type": "patchouli:text",
            "text": "除了原版蜜蜂之外，你还会遇到一系列新蜜蜂，它们生活在极其隐蔽的$(l:hives/nests)蜂巢$(/l)中，位于主世界的不同生物群系里。这些蜜蜂是独居的，也就是说它们不会生活在蜂箱中。然而，它们的基因允许它们繁殖不同类型的蜜蜂，而且它们看起来很酷。"
        },
        {
            "type": "patchouli:text",
            "text": "你需要找到的第一个东西是原版蜂巢，以获得一些蜂蜜瓶和蜜脾。用蜂蜜瓶制作$(l:items/bee_cage)蜜蜂笼$(/l)，它会简化你把蜜蜂送回家的流程。"
        },
        {
            "type": "patchouli:text",
            "text": "一旦你收集了足够的蜜脾, 就可以做一个$(l:hives/advanced_hives)高级蜂箱$(/l)和一个$(l:hives/expansion_boxes)扩容盒$(/l)。$(l:hives/advanced_hives)高级蜂箱$(/l)能够让你查看内部状况，时刻关注你的蜜蜂及其产物。"
        },
        {
            "type": "patchouli:text",
            "text": "有些蜜蜂只能在其他维度上找到或通过繁殖获得。使用 JEI 查找繁殖方法，以便你了解需要找到哪些蜜蜂。"
        }
    ]
}